"territori_codi","territori_nom","districte","seccio","cens_electoral","votants"
"8001","Abrera","1","1","1143","623"
"8001","Abrera","1","2","1309","666"
"8001","Abrera","1","3","614","387"
"8001","Abrera","1","4","1421","830"
"8001","Abrera","1","5","1389","673"
"8001","Abrera","1","7","1968","979"
"8001","Abrera","1","8","1418","808"
"8002","Aguilar de Segarra","1","1","218","170"
"8003","Alella","1","1","2076","1294"
"8003","Alella","1","2","1804","1107"
"8003","Alella","1","3","1666","1079"
"8003","Alella","1","4","1700","1051"
"8004","Alpens","1","1","212","178"
"8005","Ametlla del Vallès, l'","1","1","1838","1065"
"8005","Ametlla del Vallès, l'","1","2","1354","822"
"8005","Ametlla del Vallès, l'","1","3","1905","1187"
"8005","Ametlla del Vallès, l'","1","4","872","526"
"8005","Ametlla del Vallès, l'","1","5","607","312"
"8006","Arenys de Mar","1","1","1826","1050"
"8006","Arenys de Mar","1","2","1744","1016"
"8006","Arenys de Mar","1","3","947","471"
"8006","Arenys de Mar","1","4","948","496"
"8006","Arenys de Mar","2","1","1290","655"
"8006","Arenys de Mar","2","2","1449","836"
"8006","Arenys de Mar","2","3","1327","772"
"8006","Arenys de Mar","2","4","989","464"
"8006","Arenys de Mar","2","5","1301","666"
"8007","Arenys de Munt","1","1","1214","673"
"8007","Arenys de Munt","1","2","2362","1350"
"8007","Arenys de Munt","2","1","1641","1015"
"8007","Arenys de Munt","2","2","1714","887"
"8008","Argençola","1","1","177","117"
"8009","Argentona","1","1","651","387"
"8009","Argentona","1","2","1312","822"
"8009","Argentona","1","3","611","289"
"8009","Argentona","1","4","1476","702"
"8009","Argentona","1","5","871","598"
"8009","Argentona","1","6","1679","1047"
"8009","Argentona","2","1","957","514"
"8009","Argentona","2","2","1122","586"
"8009","Argentona","2","3","973","529"
"8010","Artés","1","1","1060","570"
"8010","Artés","2","1","1181","699"
"8010","Artés","2","2","687","370"
"8010","Artés","2","3","1322","839"
"8011","Avià","1","1","1745","1118"
"8012","Avinyó","1","1","1728","1078"
"8013","Avinyonet del Penedès","1","1","1297","815"
"8014","Aiguafreda","1","1","2048","1230"
"8015","Badalona","1","1","1179","807"
"8015","Badalona","1","2","962","575"
"8015","Badalona","1","3","803","523"
"8015","Badalona","1","4","1135","751"
"8015","Badalona","1","5","1157","751"
"8015","Badalona","1","7","984","674"
"8015","Badalona","2","1","1027","550"
"8015","Badalona","2","2","1363","916"
"8015","Badalona","2","3","722","458"
"8015","Badalona","2","4","1637","1022"
"8015","Badalona","2","5","913","348"
"8015","Badalona","2","7","880","358"
"8015","Badalona","2","8","1790","1071"
"8015","Badalona","2","9","698","230"
"8015","Badalona","2","10","1067","332"
"8015","Badalona","2","11","1143","448"
"8015","Badalona","2","12","774","309"
"8015","Badalona","2","13","815","336"
"8015","Badalona","2","15","773","274"
"8015","Badalona","3","1","2061","1101"
"8015","Badalona","3","3","1350","715"
"8015","Badalona","3","4","1302","719"
"8015","Badalona","3","5","1119","523"
"8015","Badalona","3","6","972","620"
"8015","Badalona","3","7","1012","663"
"8015","Badalona","3","8","529","315"
"8015","Badalona","3","9","1425","850"
"8015","Badalona","3","10","697","311"
"8015","Badalona","3","11","951","528"
"8015","Badalona","3","13","1122","717"
"8015","Badalona","3","14","971","533"
"8015","Badalona","4","1","1544","694"
"8015","Badalona","4","2","1213","616"
"8015","Badalona","4","3","1189","598"
"8015","Badalona","4","4","1840","922"
"8015","Badalona","4","5","1472","718"
"8015","Badalona","4","6","1889","805"
"8015","Badalona","4","7","1137","617"
"8015","Badalona","4","8","1126","521"
"8015","Badalona","4","9","715","377"
"8015","Badalona","4","10","890","338"
"8015","Badalona","4","11","1135","520"
"8015","Badalona","4","12","1072","468"
"8015","Badalona","4","13","896","472"
"8015","Badalona","4","14","1946","1147"
"8015","Badalona","4","15","1063","485"
"8015","Badalona","4","16","1497","818"
"8015","Badalona","5","1","1741","1108"
"8015","Badalona","5","2","650","422"
"8015","Badalona","5","3","2292","1448"
"8015","Badalona","5","4","1450","770"
"8015","Badalona","5","5","1529","801"
"8015","Badalona","5","6","963","617"
"8015","Badalona","5","7","794","506"
"8015","Badalona","6","1","1064","552"
"8015","Badalona","6","2","1339","826"
"8015","Badalona","6","3","877","258"
"8015","Badalona","6","4","956","306"
"8015","Badalona","6","5","1078","314"
"8015","Badalona","6","6","799","262"
"8015","Badalona","7","1","1238","512"
"8015","Badalona","7","2","1806","829"
"8015","Badalona","7","3","1091","396"
"8015","Badalona","7","4","881","442"
"8015","Badalona","7","5","579","215"
"8015","Badalona","7","6","815","384"
"8015","Badalona","7","7","591","192"
"8015","Badalona","7","8","783","230"
"8015","Badalona","7","9","1165","471"
"8015","Badalona","7","10","578","221"
"8015","Badalona","7","11","1534","598"
"8015","Badalona","7","13","1195","373"
"8015","Badalona","7","14","1196","444"
"8015","Badalona","7","15","556","196"
"8015","Badalona","7","17","1696","524"
"8015","Badalona","7","18","1215","653"
"8015","Badalona","7","20","1029","379"
"8015","Badalona","7","21","656","306"
"8015","Badalona","7","22","581","268"
"8015","Badalona","7","23","1584","876"
"8015","Badalona","7","24","1301","604"
"8015","Badalona","7","28","1302","509"
"8015","Badalona","7","29","1634","858"
"8015","Badalona","7","30","1619","911"
"8015","Badalona","7","31","1015","478"
"8015","Badalona","8","1","1493","484"
"8015","Badalona","8","2","1839","865"
"8015","Badalona","8","3","1492","626"
"8015","Badalona","8","4","578","242"
"8015","Badalona","8","5","698","230"
"8015","Badalona","8","6","1314","575"
"8015","Badalona","8","7","948","311"
"8015","Badalona","8","8","1433","631"
"8015","Badalona","8","9","964","401"
"8015","Badalona","8","11","665","277"
"8015","Badalona","8","12","2056","1268"
"8015","Badalona","8","13","787","376"
"8015","Badalona","9","1","1095","407"
"8015","Badalona","9","2","940","227"
"8015","Badalona","9","3","660","196"
"8015","Badalona","9","4","928","172"
"8015","Badalona","9","5","733","213"
"8015","Badalona","9","6","825","226"
"8015","Badalona","9","8","1006","308"
"8015","Badalona","9","9","778","341"
"8015","Badalona","9","10","934","275"
"8015","Badalona","9","11","651","280"
"8015","Badalona","9","12","999","363"
"8015","Badalona","9","13","553","196"
"8015","Badalona","9","14","1084","450"
"8015","Badalona","9","15","1086","400"
"8015","Badalona","9","16","1203","460"
"8015","Badalona","9","17","869","266"
"8015","Badalona","9","18","1237","455"
"8015","Badalona","9","19","746","272"
"8015","Badalona","9","20","492","212"
"8015","Badalona","9","21","1012","407"
"8015","Badalona","9","22","965","350"
"8015","Badalona","9","23","1075","412"
"8015","Badalona","9","24","1363","627"
"8015","Badalona","9","25","816","271"
"8015","Badalona","9","26","897","417"
"8015","Badalona","9","27","629","245"
"8015","Badalona","9","28","1496","452"
"8015","Badalona","9","30","1085","409"
"8015","Badalona","9","31","740","354"
"8015","Badalona","9","32","573","183"
"8015","Badalona","9","33","1122","434"
"8015","Badalona","9","34","1353","659"
"8015","Badalona","9","35","1040","425"
"8015","Badalona","9","36","899","329"
"8015","Badalona","9","37","606","173"
"8015","Badalona","9","38","805","251"
"8015","Badalona","9","42","690","65"
"8015","Badalona","9","43","1323","610"
"8015","Badalona","9","44","665","220"
"8015","Badalona","9","45","1193","523"
"8015","Badalona","9","47","704","233"
"8015","Badalona","9","49","983","448"
"8015","Badalona","9","52","644","269"
"8015","Badalona","9","53","785","250"
"8015","Badalona","9","54","882","321"
"8015","Badalona","9","57","902","348"
"8015","Badalona","9","58","1055","509"
"8015","Badalona","9","59","834","384"
"8016","Bagà","1","1","1789","1125"
"8017","Balenyà","1","1","2005","1091"
"8017","Balenyà","1","2","819","442"
"8018","Balsareny","1","1","1255","670"
"8018","Balsareny","1","2","974","513"
"8018","Balsareny","1","3","335","202"
"8019","Barcelona","1","1","602","251"
"8019","Barcelona","1","2","519","193"
"8019","Barcelona","1","3","1326","515"
"8019","Barcelona","1","4","1266","634"
"8019","Barcelona","1","5","1013","359"
"8019","Barcelona","1","6","576","233"
"8019","Barcelona","1","7","731","283"
"8019","Barcelona","1","8","1134","397"
"8019","Barcelona","1","9","893","373"
"8019","Barcelona","1","10","804","299"
"8019","Barcelona","1","11","1070","402"
"8019","Barcelona","1","12","826","370"
"8019","Barcelona","1","13","689","301"
"8019","Barcelona","1","14","889","319"
"8019","Barcelona","1","15","884","414"
"8019","Barcelona","1","16","814","323"
"8019","Barcelona","1","17","940","382"
"8019","Barcelona","1","18","682","271"
"8019","Barcelona","1","19","1083","420"
"8019","Barcelona","1","20","1091","607"
"8019","Barcelona","1","21","1018","531"
"8019","Barcelona","1","22","673","403"
"8019","Barcelona","1","23","1025","534"
"8019","Barcelona","1","25","548","286"
"8019","Barcelona","1","26","1349","402"
"8019","Barcelona","1","27","718","342"
"8019","Barcelona","1","28","768","408"
"8019","Barcelona","1","29","520","239"
"8019","Barcelona","1","30","1107","501"
"8019","Barcelona","1","31","615","253"
"8019","Barcelona","1","32","945","394"
"8019","Barcelona","1","33","545","225"
"8019","Barcelona","1","34","478","172"
"8019","Barcelona","1","35","620","257"
"8019","Barcelona","1","36","779","321"
"8019","Barcelona","1","37","858","403"
"8019","Barcelona","1","38","645","258"
"8019","Barcelona","1","39","745","352"
"8019","Barcelona","1","40","516","239"
"8019","Barcelona","1","41","637","263"
"8019","Barcelona","1","42","1173","508"
"8019","Barcelona","1","43","783","437"
"8019","Barcelona","1","44","725","361"
"8019","Barcelona","1","45","886","425"
"8019","Barcelona","1","46","737","319"
"8019","Barcelona","1","47","831","374"
"8019","Barcelona","1","48","940","328"
"8019","Barcelona","1","49","696","340"
"8019","Barcelona","1","50","710","348"
"8019","Barcelona","1","51","769","348"
"8019","Barcelona","1","52","1204","730"
"8019","Barcelona","1","53","1005","463"
"8019","Barcelona","1","54","603","285"
"8019","Barcelona","1","55","818","441"
"8019","Barcelona","2","1","784","493"
"8019","Barcelona","2","2","1406","736"
"8019","Barcelona","2","3","804","499"
"8019","Barcelona","2","4","890","497"
"8019","Barcelona","2","5","1447","916"
"8019","Barcelona","2","6","1068","736"
"8019","Barcelona","2","7","838","519"
"8019","Barcelona","2","8","1252","838"
"8019","Barcelona","2","9","1163","749"
"8019","Barcelona","2","10","804","512"
"8019","Barcelona","2","11","824","490"
"8019","Barcelona","2","12","977","558"
"8019","Barcelona","2","13","719","414"
"8019","Barcelona","2","14","824","429"
"8019","Barcelona","2","15","967","512"
"8019","Barcelona","2","16","1290","800"
"8019","Barcelona","2","17","1291","804"
"8019","Barcelona","2","18","1241","744"
"8019","Barcelona","2","19","1293","768"
"8019","Barcelona","2","20","877","462"
"8019","Barcelona","2","21","1017","567"
"8019","Barcelona","2","22","863","522"
"8019","Barcelona","2","23","798","461"
"8019","Barcelona","2","24","699","390"
"8019","Barcelona","2","25","780","403"
"8019","Barcelona","2","26","1413","866"
"8019","Barcelona","2","27","1365","870"
"8019","Barcelona","2","28","1386","830"
"8019","Barcelona","2","29","878","526"
"8019","Barcelona","2","30","821","437"
"8019","Barcelona","2","31","765","437"
"8019","Barcelona","2","32","822","501"
"8019","Barcelona","2","33","827","506"
"8019","Barcelona","2","34","749","422"
"8019","Barcelona","2","35","914","528"
"8019","Barcelona","2","36","850","549"
"8019","Barcelona","2","37","902","573"
"8019","Barcelona","2","38","1145","729"
"8019","Barcelona","2","39","1144","681"
"8019","Barcelona","2","40","1008","545"
"8019","Barcelona","2","41","1152","643"
"8019","Barcelona","2","42","1239","753"
"8019","Barcelona","2","43","1052","685"
"8019","Barcelona","2","44","832","486"
"8019","Barcelona","2","45","782","450"
"8019","Barcelona","2","46","1269","667"
"8019","Barcelona","2","47","1276","720"
"8019","Barcelona","2","48","774","439"
"8019","Barcelona","2","49","1270","678"
"8019","Barcelona","2","50","1025","594"
"8019","Barcelona","2","51","1122","633"
"8019","Barcelona","2","52","1111","644"
"8019","Barcelona","2","53","1185","724"
"8019","Barcelona","2","54","1223","766"
"8019","Barcelona","2","55","1256","834"
"8019","Barcelona","2","56","920","586"
"8019","Barcelona","2","57","844","605"
"8019","Barcelona","2","58","987","671"
"8019","Barcelona","2","59","1110","706"
"8019","Barcelona","2","60","1108","687"
"8019","Barcelona","2","61","852","520"
"8019","Barcelona","2","62","960","653"
"8019","Barcelona","2","63","823","507"
"8019","Barcelona","2","64","862","632"
"8019","Barcelona","2","65","1202","759"
"8019","Barcelona","2","66","1232","790"
"8019","Barcelona","2","67","999","652"
"8019","Barcelona","2","68","1026","666"
"8019","Barcelona","2","69","886","608"
"8019","Barcelona","2","70","820","531"
"8019","Barcelona","2","71","1127","807"
"8019","Barcelona","2","72","839","565"
"8019","Barcelona","2","73","1035","650"
"8019","Barcelona","2","74","694","485"
"8019","Barcelona","2","75","739","491"
"8019","Barcelona","2","76","1011","657"
"8019","Barcelona","2","77","909","544"
"8019","Barcelona","2","78","766","472"
"8019","Barcelona","2","79","775","484"
"8019","Barcelona","2","80","930","596"
"8019","Barcelona","2","81","1334","923"
"8019","Barcelona","2","82","597","375"
"8019","Barcelona","2","83","1129","771"
"8019","Barcelona","2","84","1355","820"
"8019","Barcelona","2","85","892","565"
"8019","Barcelona","2","86","931","610"
"8019","Barcelona","2","87","972","622"
"8019","Barcelona","2","88","1082","726"
"8019","Barcelona","2","89","1161","730"
"8019","Barcelona","2","90","1007","611"
"8019","Barcelona","2","91","1104","681"
"8019","Barcelona","2","92","1081","650"
"8019","Barcelona","2","93","1079","677"
"8019","Barcelona","2","94","966","638"
"8019","Barcelona","2","95","986","587"
"8019","Barcelona","2","96","913","528"
"8019","Barcelona","2","97","676","405"
"8019","Barcelona","2","98","922","514"
"8019","Barcelona","2","99","1020","680"
"8019","Barcelona","2","100","968","617"
"8019","Barcelona","2","101","1393","789"
"8019","Barcelona","2","102","1017","689"
"8019","Barcelona","2","103","1079","646"
"8019","Barcelona","2","104","818","558"
"8019","Barcelona","2","105","1363","837"
"8019","Barcelona","2","106","928","597"
"8019","Barcelona","2","107","1169","762"
"8019","Barcelona","2","108","1146","737"
"8019","Barcelona","2","109","1482","956"
"8019","Barcelona","2","110","1227","721"
"8019","Barcelona","2","111","1219","724"
"8019","Barcelona","2","112","987","633"
"8019","Barcelona","2","113","1538","1040"
"8019","Barcelona","2","114","1204","769"
"8019","Barcelona","2","115","908","584"
"8019","Barcelona","2","116","761","560"
"8019","Barcelona","2","117","838","530"
"8019","Barcelona","2","118","1035","671"
"8019","Barcelona","2","119","940","609"
"8019","Barcelona","2","120","863","547"
"8019","Barcelona","2","121","885","563"
"8019","Barcelona","2","122","790","487"
"8019","Barcelona","2","123","762","446"
"8019","Barcelona","2","124","830","571"
"8019","Barcelona","2","125","1251","794"
"8019","Barcelona","2","126","1079","673"
"8019","Barcelona","2","127","756","435"
"8019","Barcelona","2","128","864","454"
"8019","Barcelona","2","129","1080","631"
"8019","Barcelona","2","130","870","586"
"8019","Barcelona","2","131","781","480"
"8019","Barcelona","2","132","776","452"
"8019","Barcelona","2","133","639","425"
"8019","Barcelona","2","134","1036","623"
"8019","Barcelona","2","135","1414","812"
"8019","Barcelona","2","136","654","392"
"8019","Barcelona","2","137","912","539"
"8019","Barcelona","2","138","1363","855"
"8019","Barcelona","2","139","1039","590"
"8019","Barcelona","2","140","1331","845"
"8019","Barcelona","2","141","777","476"
"8019","Barcelona","2","142","1300","748"
"8019","Barcelona","2","143","880","575"
"8019","Barcelona","2","144","979","637"
"8019","Barcelona","2","145","764","454"
"8019","Barcelona","2","146","800","492"
"8019","Barcelona","2","147","1440","918"
"8019","Barcelona","2","148","1087","729"
"8019","Barcelona","2","149","1148","744"
"8019","Barcelona","2","150","917","506"
"8019","Barcelona","2","151","947","599"
"8019","Barcelona","2","152","896","560"
"8019","Barcelona","2","153","960","586"
"8019","Barcelona","2","154","635","344"
"8019","Barcelona","2","155","1252","717"
"8019","Barcelona","2","156","925","591"
"8019","Barcelona","2","157","796","440"
"8019","Barcelona","2","158","1087","711"
"8019","Barcelona","2","159","1246","797"
"8019","Barcelona","2","160","1362","853"
"8019","Barcelona","2","161","757","463"
"8019","Barcelona","2","162","940","542"
"8019","Barcelona","2","163","1209","756"
"8019","Barcelona","2","164","858","512"
"8019","Barcelona","2","165","1098","627"
"8019","Barcelona","2","166","1283","739"
"8019","Barcelona","2","167","1448","909"
"8019","Barcelona","2","168","1437","858"
"8019","Barcelona","2","169","1008","594"
"8019","Barcelona","2","170","1037","606"
"8019","Barcelona","2","171","1038","611"
"8019","Barcelona","2","172","970","564"
"8019","Barcelona","2","173","1024","597"
"8019","Barcelona","3","1","1093","561"
"8019","Barcelona","3","2","1141","587"
"8019","Barcelona","3","3","933","454"
"8019","Barcelona","3","4","1009","562"
"8019","Barcelona","3","5","750","376"
"8019","Barcelona","3","6","779","425"
"8019","Barcelona","3","7","996","487"
"8019","Barcelona","3","8","684","341"
"8019","Barcelona","3","9","761","380"
"8019","Barcelona","3","10","998","454"
"8019","Barcelona","3","11","871","395"
"8019","Barcelona","3","12","1152","527"
"8019","Barcelona","3","13","912","395"
"8019","Barcelona","3","14","914","408"
"8019","Barcelona","3","15","1532","756"
"8019","Barcelona","3","16","616","285"
"8019","Barcelona","3","17","785","343"
"8019","Barcelona","3","18","1006","502"
"8019","Barcelona","3","19","819","374"
"8019","Barcelona","3","20","841","420"
"8019","Barcelona","3","21","766","388"
"8019","Barcelona","3","22","899","427"
"8019","Barcelona","3","23","1070","490"
"8019","Barcelona","3","24","1145","574"
"8019","Barcelona","3","25","972","267"
"8019","Barcelona","3","26","791","424"
"8019","Barcelona","3","27","1329","642"
"8019","Barcelona","3","28","1593","927"
"8019","Barcelona","3","29","989","460"
"8019","Barcelona","3","30","1147","571"
"8019","Barcelona","3","31","1838","893"
"8019","Barcelona","3","32","1129","411"
"8019","Barcelona","3","33","882","309"
"8019","Barcelona","3","34","1119","512"
"8019","Barcelona","3","35","1697","841"
"8019","Barcelona","3","36","1714","969"
"8019","Barcelona","3","37","829","468"
"8019","Barcelona","3","38","713","272"
"8019","Barcelona","3","39","1557","598"
"8019","Barcelona","3","40","1135","681"
"8019","Barcelona","3","41","959","502"
"8019","Barcelona","3","42","902","514"
"8019","Barcelona","3","43","1112","596"
"8019","Barcelona","3","44","1172","651"
"8019","Barcelona","3","45","696","421"
"8019","Barcelona","3","46","1043","664"
"8019","Barcelona","3","47","1179","627"
"8019","Barcelona","3","48","938","607"
"8019","Barcelona","3","49","1046","658"
"8019","Barcelona","3","50","1067","642"
"8019","Barcelona","3","51","1088","559"
"8019","Barcelona","3","52","762","405"
"8019","Barcelona","3","53","1255","692"
"8019","Barcelona","3","54","1183","710"
"8019","Barcelona","3","55","1122","623"
"8019","Barcelona","3","56","629","374"
"8019","Barcelona","3","57","1124","651"
"8019","Barcelona","3","58","1241","725"
"8019","Barcelona","3","59","833","450"
"8019","Barcelona","3","60","1060","638"
"8019","Barcelona","3","61","788","432"
"8019","Barcelona","3","62","1135","709"
"8019","Barcelona","3","63","1196","715"
"8019","Barcelona","3","64","908","486"
"8019","Barcelona","3","65","1108","610"
"8019","Barcelona","3","66","1655","859"
"8019","Barcelona","3","67","1268","740"
"8019","Barcelona","3","68","865","459"
"8019","Barcelona","3","69","899","517"
"8019","Barcelona","3","70","911","476"
"8019","Barcelona","3","71","881","436"
"8019","Barcelona","3","72","965","519"
"8019","Barcelona","3","73","1147","699"
"8019","Barcelona","3","74","1251","641"
"8019","Barcelona","3","75","1168","624"
"8019","Barcelona","3","76","744","386"
"8019","Barcelona","3","77","927","507"
"8019","Barcelona","3","78","1121","588"
"8019","Barcelona","3","79","1108","512"
"8019","Barcelona","3","80","1104","556"
"8019","Barcelona","3","81","1314","729"
"8019","Barcelona","3","82","1305","755"
"8019","Barcelona","3","83","1033","580"
"8019","Barcelona","3","84","1085","658"
"8019","Barcelona","3","85","946","537"
"8019","Barcelona","3","86","985","624"
"8019","Barcelona","3","87","1052","630"
"8019","Barcelona","3","88","994","591"
"8019","Barcelona","3","89","947","585"
"8019","Barcelona","3","90","799","529"
"8019","Barcelona","3","91","1018","592"
"8019","Barcelona","3","92","854","476"
"8019","Barcelona","3","93","1165","692"
"8019","Barcelona","3","94","903","486"
"8019","Barcelona","3","95","1117","612"
"8019","Barcelona","3","96","1010","583"
"8019","Barcelona","3","97","980","462"
"8019","Barcelona","3","98","884","515"
"8019","Barcelona","3","99","674","418"
"8019","Barcelona","3","100","860","528"
"8019","Barcelona","3","101","1430","582"
"8019","Barcelona","3","102","862","552"
"8019","Barcelona","3","103","903","496"
"8019","Barcelona","3","104","926","515"
"8019","Barcelona","3","105","783","489"
"8019","Barcelona","3","106","820","491"
"8019","Barcelona","3","107","1093","668"
"8019","Barcelona","3","108","1047","638"
"8019","Barcelona","3","109","1021","678"
"8019","Barcelona","3","110","1032","573"
"8019","Barcelona","3","111","906","550"
"8019","Barcelona","3","112","1353","882"
"8019","Barcelona","3","113","1143","690"
"8019","Barcelona","3","114","1104","658"
"8019","Barcelona","3","211","1140","599"
"8019","Barcelona","3","212","1680","784"
"8019","Barcelona","3","213","1540","626"
"8019","Barcelona","4","1","845","536"
"8019","Barcelona","4","2","1434","959"
"8019","Barcelona","4","3","801","510"
"8019","Barcelona","4","4","734","469"
"8019","Barcelona","4","5","929","592"
"8019","Barcelona","4","6","832","550"
"8019","Barcelona","4","7","760","422"
"8019","Barcelona","4","8","721","425"
"8019","Barcelona","4","9","1066","682"
"8019","Barcelona","4","10","668","455"
"8019","Barcelona","4","11","1262","908"
"8019","Barcelona","4","12","1106","745"
"8019","Barcelona","4","13","954","659"
"8019","Barcelona","4","14","633","384"
"8019","Barcelona","4","15","1442","929"
"8019","Barcelona","4","16","845","556"
"8019","Barcelona","4","17","887","567"
"8019","Barcelona","4","18","1122","731"
"8019","Barcelona","4","19","974","652"
"8019","Barcelona","4","20","1062","693"
"8019","Barcelona","4","21","951","663"
"8019","Barcelona","4","22","1119","744"
"8019","Barcelona","4","23","758","554"
"8019","Barcelona","4","24","796","563"
"8019","Barcelona","4","25","847","604"
"8019","Barcelona","4","26","924","659"
"8019","Barcelona","4","27","912","629"
"8019","Barcelona","4","28","968","652"
"8019","Barcelona","4","29","885","623"
"8019","Barcelona","4","30","1349","933"
"8019","Barcelona","4","31","1188","676"
"8019","Barcelona","4","32","1193","785"
"8019","Barcelona","4","33","854","522"
"8019","Barcelona","4","34","1172","818"
"8019","Barcelona","4","35","1045","695"
"8019","Barcelona","4","36","1202","731"
"8019","Barcelona","4","37","1541","1018"
"8019","Barcelona","4","38","978","609"
"8019","Barcelona","4","39","842","535"
"8019","Barcelona","4","40","1006","538"
"8019","Barcelona","4","41","920","495"
"8019","Barcelona","4","42","1286","691"
"8019","Barcelona","4","43","1294","895"
"8019","Barcelona","4","44","1209","708"
"8019","Barcelona","4","45","1017","640"
"8019","Barcelona","4","46","1893","1317"
"8019","Barcelona","4","47","1382","873"
"8019","Barcelona","4","48","1176","781"
"8019","Barcelona","4","49","791","537"
"8019","Barcelona","4","50","1462","997"
"8019","Barcelona","4","51","1169","740"
"8019","Barcelona","4","52","1560","1115"
"8019","Barcelona","4","53","984","585"
"8019","Barcelona","4","54","717","523"
"8019","Barcelona","4","55","940","654"
"8019","Barcelona","4","56","1060","678"
"8019","Barcelona","4","84","999","676"
"8019","Barcelona","5","1","1159","691"
"8019","Barcelona","5","2","1067","737"
"8019","Barcelona","5","3","938","659"
"8019","Barcelona","5","4","776","431"
"8019","Barcelona","5","5","723","415"
"8019","Barcelona","5","6","1166","830"
"8019","Barcelona","5","7","1158","756"
"8019","Barcelona","5","8","1148","747"
"8019","Barcelona","5","9","1176","849"
"8019","Barcelona","5","10","1058","775"
"8019","Barcelona","5","11","986","716"
"8019","Barcelona","5","12","955","677"
"8019","Barcelona","5","13","1184","862"
"8019","Barcelona","5","14","1072","776"
"8019","Barcelona","5","15","1040","726"
"8019","Barcelona","5","16","1211","798"
"8019","Barcelona","5","17","1086","793"
"8019","Barcelona","5","18","889","626"
"8019","Barcelona","5","19","1176","935"
"8019","Barcelona","5","20","845","574"
"8019","Barcelona","5","21","843","587"
"8019","Barcelona","5","22","1263","876"
"8019","Barcelona","5","23","1066","690"
"8019","Barcelona","5","24","1349","952"
"8019","Barcelona","5","25","920","690"
"8019","Barcelona","5","26","1050","766"
"8019","Barcelona","5","27","1004","769"
"8019","Barcelona","5","28","1113","768"
"8019","Barcelona","5","29","1160","872"
"8019","Barcelona","5","30","1004","745"
"8019","Barcelona","5","31","1151","766"
"8019","Barcelona","5","32","1190","771"
"8019","Barcelona","5","33","931","629"
"8019","Barcelona","5","34","841","576"
"8019","Barcelona","5","35","829","580"
"8019","Barcelona","5","36","1247","899"
"8019","Barcelona","5","37","1006","688"
"8019","Barcelona","5","38","913","564"
"8019","Barcelona","5","39","1128","816"
"8019","Barcelona","5","40","982","592"
"8019","Barcelona","5","41","1227","716"
"8019","Barcelona","5","42","926","629"
"8019","Barcelona","5","43","1003","652"
"8019","Barcelona","5","44","916","580"
"8019","Barcelona","5","45","1162","841"
"8019","Barcelona","5","46","906","663"
"8019","Barcelona","5","47","895","640"
"8019","Barcelona","5","48","922","636"
"8019","Barcelona","5","49","1211","841"
"8019","Barcelona","5","50","1164","802"
"8019","Barcelona","5","51","1156","838"
"8019","Barcelona","5","52","1057","757"
"8019","Barcelona","5","53","1091","780"
"8019","Barcelona","5","54","765","501"
"8019","Barcelona","5","55","1022","724"
"8019","Barcelona","5","56","860","576"
"8019","Barcelona","5","57","1244","897"
"8019","Barcelona","5","58","1065","724"
"8019","Barcelona","5","59","1110","727"
"8019","Barcelona","5","60","796","569"
"8019","Barcelona","5","61","1008","610"
"8019","Barcelona","5","62","1122","769"
"8019","Barcelona","5","63","1129","781"
"8019","Barcelona","5","64","1100","740"
"8019","Barcelona","5","65","1115","738"
"8019","Barcelona","5","66","953","633"
"8019","Barcelona","5","67","897","627"
"8019","Barcelona","5","68","1026","725"
"8019","Barcelona","5","69","1244","808"
"8019","Barcelona","5","70","1012","707"
"8019","Barcelona","5","71","1101","722"
"8019","Barcelona","5","72","1239","857"
"8019","Barcelona","5","73","1144","756"
"8019","Barcelona","5","74","1226","835"
"8019","Barcelona","5","75","1284","876"
"8019","Barcelona","5","76","1020","673"
"8019","Barcelona","5","77","1053","760"
"8019","Barcelona","5","78","1484","1018"
"8019","Barcelona","5","79","905","652"
"8019","Barcelona","5","80","979","668"
"8019","Barcelona","5","81","1076","715"
"8019","Barcelona","5","82","1133","771"
"8019","Barcelona","5","83","924","630"
"8019","Barcelona","5","84","921","638"
"8019","Barcelona","5","85","886","560"
"8019","Barcelona","5","86","914","611"
"8019","Barcelona","5","87","1130","737"
"8019","Barcelona","5","88","1240","845"
"8019","Barcelona","5","89","1220","878"
"8019","Barcelona","5","90","1266","828"
"8019","Barcelona","5","91","1094","700"
"8019","Barcelona","5","92","1186","787"
"8019","Barcelona","5","93","802","535"
"8019","Barcelona","5","94","1935","1304"
"8019","Barcelona","5","95","1180","747"
"8019","Barcelona","5","96","793","498"
"8019","Barcelona","5","97","1093","786"
"8019","Barcelona","5","98","1086","735"
"8019","Barcelona","6","1","731","478"
"8019","Barcelona","6","2","1019","652"
"8019","Barcelona","6","3","1556","916"
"8019","Barcelona","6","4","1017","646"
"8019","Barcelona","6","6","755","502"
"8019","Barcelona","6","7","1390","870"
"8019","Barcelona","6","8","1380","815"
"8019","Barcelona","6","9","900","583"
"8019","Barcelona","6","10","758","493"
"8019","Barcelona","6","11","995","624"
"8019","Barcelona","6","12","829","567"
"8019","Barcelona","6","13","1221","760"
"8019","Barcelona","6","14","1044","620"
"8019","Barcelona","6","15","994","524"
"8019","Barcelona","6","16","1063","536"
"8019","Barcelona","6","17","953","520"
"8019","Barcelona","6","18","863","490"
"8019","Barcelona","6","19","1024","596"
"8019","Barcelona","6","20","780","472"
"8019","Barcelona","6","21","965","645"
"8019","Barcelona","6","22","918","522"
"8019","Barcelona","6","23","1035","756"
"8019","Barcelona","6","24","1223","785"
"8019","Barcelona","6","25","1073","725"
"8019","Barcelona","6","26","751","447"
"8019","Barcelona","6","27","855","547"
"8019","Barcelona","6","28","906","589"
"8019","Barcelona","6","29","904","600"
"8019","Barcelona","6","30","881","537"
"8019","Barcelona","6","31","755","493"
"8019","Barcelona","6","32","816","530"
"8019","Barcelona","6","33","925","595"
"8019","Barcelona","6","34","844","518"
"8019","Barcelona","6","35","757","533"
"8019","Barcelona","6","36","1042","670"
"8019","Barcelona","6","37","745","492"
"8019","Barcelona","6","38","1009","682"
"8019","Barcelona","6","39","995","636"
"8019","Barcelona","6","40","1117","720"
"8019","Barcelona","6","41","1124","730"
"8019","Barcelona","6","42","1064","707"
"8019","Barcelona","6","43","752","490"
"8019","Barcelona","6","44","949","641"
"8019","Barcelona","6","45","772","461"
"8019","Barcelona","6","46","714","409"
"8019","Barcelona","6","47","754","455"
"8019","Barcelona","6","48","802","463"
"8019","Barcelona","6","49","715","459"
"8019","Barcelona","6","50","792","500"
"8019","Barcelona","6","51","767","481"
"8019","Barcelona","6","52","988","667"
"8019","Barcelona","6","53","965","609"
"8019","Barcelona","6","54","1004","639"
"8019","Barcelona","6","55","964","559"
"8019","Barcelona","6","56","970","588"
"8019","Barcelona","6","57","963","576"
"8019","Barcelona","6","58","1086","687"
"8019","Barcelona","6","59","1050","628"
"8019","Barcelona","6","60","1169","751"
"8019","Barcelona","6","61","904","589"
"8019","Barcelona","6","62","830","544"
"8019","Barcelona","6","63","978","617"
"8019","Barcelona","6","64","1328","910"
"8019","Barcelona","6","65","843","556"
"8019","Barcelona","6","66","680","415"
"8019","Barcelona","6","67","1187","763"
"8019","Barcelona","6","68","1057","677"
"8019","Barcelona","6","69","727","482"
"8019","Barcelona","6","70","1241","706"
"8019","Barcelona","6","71","799","506"
"8019","Barcelona","6","72","1208","798"
"8019","Barcelona","6","73","1048","671"
"8019","Barcelona","6","74","757","468"
"8019","Barcelona","6","75","837","556"
"8019","Barcelona","6","76","963","654"
"8019","Barcelona","6","77","823","505"
"8019","Barcelona","6","78","857","562"
"8019","Barcelona","6","79","794","511"
"8019","Barcelona","6","80","864","578"
"8019","Barcelona","6","81","937","575"
"8019","Barcelona","6","82","1559","901"
"8019","Barcelona","6","83","1327","884"
"8019","Barcelona","6","84","1074","690"
"8019","Barcelona","6","85","917","648"
"8019","Barcelona","6","86","760","513"
"8019","Barcelona","6","87","1485","993"
"8019","Barcelona","6","88","931","666"
"8019","Barcelona","7","1","1237","697"
"8019","Barcelona","7","2","887","512"
"8019","Barcelona","7","3","870","568"
"8019","Barcelona","7","4","1017","610"
"8019","Barcelona","7","5","1047","586"
"8019","Barcelona","7","6","749","489"
"8019","Barcelona","7","7","1042","589"
"8019","Barcelona","7","8","1105","646"
"8019","Barcelona","7","9","854","435"
"8019","Barcelona","7","10","939","577"
"8019","Barcelona","7","11","753","374"
"8019","Barcelona","7","12","1092","587"
"8019","Barcelona","7","13","967","602"
"8019","Barcelona","7","14","621","294"
"8019","Barcelona","7","15","1056","579"
"8019","Barcelona","7","16","1015","664"
"8019","Barcelona","7","17","1208","714"
"8019","Barcelona","7","18","1167","641"
"8019","Barcelona","7","19","1062","663"
"8019","Barcelona","7","20","1127","662"
"8019","Barcelona","7","21","784","525"
"8019","Barcelona","7","22","871","475"
"8019","Barcelona","7","23","911","409"
"8019","Barcelona","7","24","1060","588"
"8019","Barcelona","7","25","975","532"
"8019","Barcelona","7","26","801","438"
"8019","Barcelona","7","27","1385","800"
"8019","Barcelona","7","28","986","538"
"8019","Barcelona","7","29","952","559"
"8019","Barcelona","7","30","950","532"
"8019","Barcelona","7","31","1073","581"
"8019","Barcelona","7","32","1039","633"
"8019","Barcelona","7","33","1060","635"
"8019","Barcelona","7","34","1298","812"
"8019","Barcelona","7","35","1301","833"
"8019","Barcelona","7","36","1068","638"
"8019","Barcelona","7","37","1077","640"
"8019","Barcelona","7","38","938","584"
"8019","Barcelona","7","39","1143","707"
"8019","Barcelona","7","40","1054","580"
"8019","Barcelona","7","41","898","515"
"8019","Barcelona","7","42","1118","635"
"8019","Barcelona","7","43","987","597"
"8019","Barcelona","7","44","982","580"
"8019","Barcelona","7","45","1130","617"
"8019","Barcelona","7","46","1002","516"
"8019","Barcelona","7","47","1056","548"
"8019","Barcelona","7","48","957","530"
"8019","Barcelona","7","49","899","486"
"8019","Barcelona","7","50","819","442"
"8019","Barcelona","7","51","1247","677"
"8019","Barcelona","7","52","945","602"
"8019","Barcelona","7","53","1132","715"
"8019","Barcelona","7","54","1169","812"
"8019","Barcelona","7","55","953","647"
"8019","Barcelona","7","56","896","486"
"8019","Barcelona","7","57","1086","667"
"8019","Barcelona","7","58","1061","619"
"8019","Barcelona","7","59","905","386"
"8019","Barcelona","7","60","1353","632"
"8019","Barcelona","7","61","901","407"
"8019","Barcelona","7","62","912","499"
"8019","Barcelona","7","63","1024","363"
"8019","Barcelona","7","64","1194","406"
"8019","Barcelona","7","65","1110","346"
"8019","Barcelona","7","66","1172","472"
"8019","Barcelona","7","67","1009","425"
"8019","Barcelona","7","68","868","412"
"8019","Barcelona","7","69","1010","378"
"8019","Barcelona","7","70","992","435"
"8019","Barcelona","7","71","1015","481"
"8019","Barcelona","7","72","988","459"
"8019","Barcelona","7","73","785","338"
"8019","Barcelona","7","74","1202","557"
"8019","Barcelona","7","75","861","342"
"8019","Barcelona","7","76","978","431"
"8019","Barcelona","7","77","929","383"
"8019","Barcelona","7","78","971","416"
"8019","Barcelona","7","79","996","430"
"8019","Barcelona","7","80","1209","512"
"8019","Barcelona","7","81","1483","730"
"8019","Barcelona","7","82","925","396"
"8019","Barcelona","7","83","963","412"
"8019","Barcelona","7","84","911","427"
"8019","Barcelona","7","85","915","416"
"8019","Barcelona","7","86","992","407"
"8019","Barcelona","7","87","1149","538"
"8019","Barcelona","7","88","1095","582"
"8019","Barcelona","7","89","1010","548"
"8019","Barcelona","7","90","1069","455"
"8019","Barcelona","7","91","865","426"
"8019","Barcelona","7","92","970","397"
"8019","Barcelona","7","93","1201","617"
"8019","Barcelona","7","94","918","409"
"8019","Barcelona","7","95","1106","595"
"8019","Barcelona","7","96","1009","461"
"8019","Barcelona","7","97","682","305"
"8019","Barcelona","7","98","1656","1118"
"8019","Barcelona","7","99","885","560"
"8019","Barcelona","7","100","921","492"
"8019","Barcelona","7","101","1107","591"
"8019","Barcelona","7","102","469","261"
"8019","Barcelona","7","103","979","467"
"8019","Barcelona","7","104","1146","585"
"8019","Barcelona","7","105","831","520"
"8019","Barcelona","7","106","902","511"
"8019","Barcelona","7","107","943","574"
"8019","Barcelona","7","108","973","572"
"8019","Barcelona","7","109","1230","652"
"8019","Barcelona","7","110","802","429"
"8019","Barcelona","7","111","726","481"
"8019","Barcelona","7","112","981","576"
"8019","Barcelona","7","113","875","471"
"8019","Barcelona","7","114","937","583"
"8019","Barcelona","7","115","838","553"
"8019","Barcelona","7","116","1111","642"
"8019","Barcelona","7","117","1064","503"
"8019","Barcelona","7","118","934","551"
"8019","Barcelona","7","119","880","459"
"8019","Barcelona","7","120","930","463"
"8019","Barcelona","7","121","823","458"
"8019","Barcelona","7","122","995","505"
"8019","Barcelona","7","123","1078","607"
"8019","Barcelona","8","1","983","522"
"8019","Barcelona","8","2","983","528"
"8019","Barcelona","8","3","908","488"
"8019","Barcelona","8","4","968","561"
"8019","Barcelona","8","5","885","450"
"8019","Barcelona","8","6","1101","625"
"8019","Barcelona","8","7","924","476"
"8019","Barcelona","8","8","1195","649"
"8019","Barcelona","8","9","1219","665"
"8019","Barcelona","8","10","846","433"
"8019","Barcelona","8","11","870","546"
"8019","Barcelona","8","12","977","511"
"8019","Barcelona","8","13","858","529"
"8019","Barcelona","8","14","900","468"
"8019","Barcelona","8","15","974","518"
"8019","Barcelona","8","16","807","414"
"8019","Barcelona","8","17","1018","564"
"8019","Barcelona","8","18","1133","603"
"8019","Barcelona","8","19","1182","581"
"8019","Barcelona","8","20","957","526"
"8019","Barcelona","8","21","1049","563"
"8019","Barcelona","8","22","931","538"
"8019","Barcelona","8","23","939","457"
"8019","Barcelona","8","24","976","524"
"8019","Barcelona","8","25","808","402"
"8019","Barcelona","8","26","956","480"
"8019","Barcelona","8","27","1043","585"
"8019","Barcelona","8","28","820","435"
"8019","Barcelona","8","29","1098","465"
"8019","Barcelona","8","30","977","501"
"8019","Barcelona","8","31","968","441"
"8019","Barcelona","8","32","970","512"
"8019","Barcelona","8","33","984","444"
"8019","Barcelona","8","34","818","353"
"8019","Barcelona","8","35","1459","565"
"8019","Barcelona","8","36","1015","420"
"8019","Barcelona","8","37","1107","482"
"8019","Barcelona","8","38","999","463"
"8019","Barcelona","8","39","1008","518"
"8019","Barcelona","8","40","1238","523"
"8019","Barcelona","8","41","1265","491"
"8019","Barcelona","8","42","957","440"
"8019","Barcelona","8","43","882","388"
"8019","Barcelona","8","44","847","368"
"8019","Barcelona","8","45","1037","407"
"8019","Barcelona","8","46","958","448"
"8019","Barcelona","8","47","914","350"
"8019","Barcelona","8","48","740","208"
"8019","Barcelona","8","49","926","337"
"8019","Barcelona","8","50","1114","693"
"8019","Barcelona","8","51","995","535"
"8019","Barcelona","8","52","721","383"
"8019","Barcelona","8","53","890","507"
"8019","Barcelona","8","54","1331","746"
"8019","Barcelona","8","55","1491","885"
"8019","Barcelona","8","56","1119","596"
"8019","Barcelona","8","57","1006","515"
"8019","Barcelona","8","58","1202","548"
"8019","Barcelona","8","59","759","371"
"8019","Barcelona","8","60","966","525"
"8019","Barcelona","8","61","1309","611"
"8019","Barcelona","8","62","975","519"
"8019","Barcelona","8","63","917","520"
"8019","Barcelona","8","64","1376","617"
"8019","Barcelona","8","65","1072","392"
"8019","Barcelona","8","66","993","319"
"8019","Barcelona","8","67","1173","490"
"8019","Barcelona","8","68","1169","450"
"8019","Barcelona","8","69","980","394"
"8019","Barcelona","8","70","887","371"
"8019","Barcelona","8","71","1142","473"
"8019","Barcelona","8","72","827","386"
"8019","Barcelona","8","73","1020","303"
"8019","Barcelona","8","74","903","314"
"8019","Barcelona","8","75","1222","523"
"8019","Barcelona","8","76","1134","519"
"8019","Barcelona","8","77","1030","340"
"8019","Barcelona","8","78","993","402"
"8019","Barcelona","8","79","907","390"
"8019","Barcelona","8","80","1002","456"
"8019","Barcelona","8","81","942","377"
"8019","Barcelona","8","82","1075","464"
"8019","Barcelona","8","83","841","369"
"8019","Barcelona","8","84","830","392"
"8019","Barcelona","8","85","989","453"
"8019","Barcelona","8","86","1162","525"
"8019","Barcelona","8","87","873","415"
"8019","Barcelona","8","88","886","407"
"8019","Barcelona","8","89","831","320"
"8019","Barcelona","8","90","864","405"
"8019","Barcelona","8","91","895","410"
"8019","Barcelona","8","92","751","395"
"8019","Barcelona","8","93","928","434"
"8019","Barcelona","8","94","1164","565"
"8019","Barcelona","8","95","857","490"
"8019","Barcelona","8","96","1087","518"
"8019","Barcelona","8","97","965","438"
"8019","Barcelona","8","98","888","405"
"8019","Barcelona","8","99","953","423"
"8019","Barcelona","8","100","921","373"
"8019","Barcelona","8","101","1278","586"
"8019","Barcelona","8","102","1034","349"
"8019","Barcelona","8","103","931","288"
"8019","Barcelona","8","104","826","266"
"8019","Barcelona","8","105","958","398"
"8019","Barcelona","8","106","712","275"
"8019","Barcelona","8","107","1428","454"
"8019","Barcelona","8","108","1134","414"
"8019","Barcelona","8","109","703","228"
"8019","Barcelona","8","110","990","291"
"8019","Barcelona","8","111","946","330"
"8019","Barcelona","8","112","922","367"
"8019","Barcelona","8","113","1025","385"
"8019","Barcelona","8","114","1162","423"
"8019","Barcelona","8","115","946","387"
"8019","Barcelona","8","116","924","311"
"8019","Barcelona","8","215","1034","519"
"8019","Barcelona","9","1","1262","438"
"8019","Barcelona","9","2","1135","428"
"8019","Barcelona","9","3","1201","420"
"8019","Barcelona","9","4","1012","414"
"8019","Barcelona","9","5","1095","567"
"8019","Barcelona","9","6","886","328"
"8019","Barcelona","9","7","925","358"
"8019","Barcelona","9","8","1160","819"
"8019","Barcelona","9","9","1030","503"
"8019","Barcelona","9","10","1450","674"
"8019","Barcelona","9","11","1216","454"
"8019","Barcelona","9","13","1233","444"
"8019","Barcelona","9","14","1292","388"
"8019","Barcelona","9","15","1160","476"
"8019","Barcelona","9","16","1136","691"
"8019","Barcelona","9","17","1156","635"
"8019","Barcelona","9","18","1182","631"
"8019","Barcelona","9","19","2091","1277"
"8019","Barcelona","9","20","918","582"
"8019","Barcelona","9","21","1056","650"
"8019","Barcelona","9","22","988","642"
"8019","Barcelona","9","23","938","663"
"8019","Barcelona","9","24","914","599"
"8019","Barcelona","9","25","899","573"
"8019","Barcelona","9","26","1227","763"
"8019","Barcelona","9","27","1071","647"
"8019","Barcelona","9","28","1196","832"
"8019","Barcelona","9","29","901","467"
"8019","Barcelona","9","30","1082","688"
"8019","Barcelona","9","31","871","569"
"8019","Barcelona","9","32","1467","739"
"8019","Barcelona","9","33","2347","1231"
"8019","Barcelona","9","34","1069","563"
"8019","Barcelona","9","35","1204","674"
"8019","Barcelona","9","36","1147","682"
"8019","Barcelona","9","37","1070","566"
"8019","Barcelona","9","38","1325","785"
"8019","Barcelona","9","39","1228","641"
"8019","Barcelona","9","40","1138","659"
"8019","Barcelona","9","41","1046","632"
"8019","Barcelona","9","42","968","581"
"8019","Barcelona","9","43","977","512"
"8019","Barcelona","9","44","1125","740"
"8019","Barcelona","9","45","1106","621"
"8019","Barcelona","9","46","1030","684"
"8019","Barcelona","9","47","1232","767"
"8019","Barcelona","9","48","1073","674"
"8019","Barcelona","9","49","960","560"
"8019","Barcelona","9","50","1162","776"
"8019","Barcelona","9","51","945","560"
"8019","Barcelona","9","52","908","564"
"8019","Barcelona","9","53","1212","751"
"8019","Barcelona","9","54","866","516"
"8019","Barcelona","9","55","1241","682"
"8019","Barcelona","9","56","937","540"
"8019","Barcelona","9","57","1134","597"
"8019","Barcelona","9","58","1032","613"
"8019","Barcelona","9","59","1027","564"
"8019","Barcelona","9","60","1028","547"
"8019","Barcelona","9","61","1208","781"
"8019","Barcelona","9","62","843","442"
"8019","Barcelona","9","63","881","510"
"8019","Barcelona","9","64","933","624"
"8019","Barcelona","9","65","1496","903"
"8019","Barcelona","9","66","1107","655"
"8019","Barcelona","9","67","1058","528"
"8019","Barcelona","9","68","1171","707"
"8019","Barcelona","9","69","673","369"
"8019","Barcelona","9","70","1154","486"
"8019","Barcelona","9","71","1347","754"
"8019","Barcelona","9","72","967","460"
"8019","Barcelona","9","73","1209","762"
"8019","Barcelona","9","74","1215","719"
"8019","Barcelona","9","75","1082","640"
"8019","Barcelona","9","76","1076","585"
"8019","Barcelona","9","77","1173","714"
"8019","Barcelona","9","78","1026","606"
"8019","Barcelona","9","79","1222","761"
"8019","Barcelona","9","80","999","577"
"8019","Barcelona","9","81","1262","691"
"8019","Barcelona","9","82","1362","767"
"8019","Barcelona","9","83","1150","686"
"8019","Barcelona","9","84","1259","787"
"8019","Barcelona","9","85","1281","684"
"8019","Barcelona","9","86","983","507"
"8019","Barcelona","9","87","952","547"
"8019","Barcelona","9","88","1370","795"
"8019","Barcelona","9","89","1055","649"
"8019","Barcelona","9","90","1127","635"
"8019","Barcelona","9","91","1371","810"
"8019","Barcelona","9","92","1431","815"
"8019","Barcelona","9","93","1006","562"
"8019","Barcelona","9","94","1491","846"
"8019","Barcelona","9","95","1459","824"
"8019","Barcelona","9","156","982","569"
"8019","Barcelona","10","1","1059","579"
"8019","Barcelona","10","2","1198","661"
"8019","Barcelona","10","3","1103","743"
"8019","Barcelona","10","4","1093","672"
"8019","Barcelona","10","5","1236","751"
"8019","Barcelona","10","6","1317","769"
"8019","Barcelona","10","7","1017","699"
"8019","Barcelona","10","8","1158","667"
"8019","Barcelona","10","9","1113","653"
"8019","Barcelona","10","10","1139","612"
"8019","Barcelona","10","11","840","469"
"8019","Barcelona","10","12","1252","800"
"8019","Barcelona","10","13","958","585"
"8019","Barcelona","10","14","967","542"
"8019","Barcelona","10","15","1275","753"
"8019","Barcelona","10","16","887","568"
"8019","Barcelona","10","17","1133","654"
"8019","Barcelona","10","18","885","528"
"8019","Barcelona","10","19","1172","705"
"8019","Barcelona","10","20","1051","583"
"8019","Barcelona","10","21","951","549"
"8019","Barcelona","10","22","928","550"
"8019","Barcelona","10","23","1006","585"
"8019","Barcelona","10","24","978","615"
"8019","Barcelona","10","25","925","494"
"8019","Barcelona","10","26","997","614"
"8019","Barcelona","10","27","1146","698"
"8019","Barcelona","10","28","1290","769"
"8019","Barcelona","10","29","1038","597"
"8019","Barcelona","10","30","1325","802"
"8019","Barcelona","10","31","1078","604"
"8019","Barcelona","10","32","998","624"
"8019","Barcelona","10","33","756","488"
"8019","Barcelona","10","34","1260","662"
"8019","Barcelona","10","35","1508","920"
"8019","Barcelona","10","36","965","678"
"8019","Barcelona","10","37","647","333"
"8019","Barcelona","10","38","1087","663"
"8019","Barcelona","10","39","1151","681"
"8019","Barcelona","10","40","1211","695"
"8019","Barcelona","10","41","1095","627"
"8019","Barcelona","10","42","1805","966"
"8019","Barcelona","10","43","1176","641"
"8019","Barcelona","10","44","1085","620"
"8019","Barcelona","10","45","910","629"
"8019","Barcelona","10","46","864","547"
"8019","Barcelona","10","47","1194","762"
"8019","Barcelona","10","48","1072","654"
"8019","Barcelona","10","49","942","570"
"8019","Barcelona","10","50","1142","732"
"8019","Barcelona","10","51","1048","693"
"8019","Barcelona","10","52","1548","1142"
"8019","Barcelona","10","53","1255","993"
"8019","Barcelona","10","54","630","445"
"8019","Barcelona","10","55","1767","1332"
"8019","Barcelona","10","56","1020","554"
"8019","Barcelona","10","57","860","462"
"8019","Barcelona","10","58","712","371"
"8019","Barcelona","10","59","1000","575"
"8019","Barcelona","10","60","946","565"
"8019","Barcelona","10","61","1259","831"
"8019","Barcelona","10","62","1065","716"
"8019","Barcelona","10","63","871","511"
"8019","Barcelona","10","64","1063","627"
"8019","Barcelona","10","65","1061","677"
"8019","Barcelona","10","66","1338","813"
"8019","Barcelona","10","67","1158","797"
"8019","Barcelona","10","68","1076","718"
"8019","Barcelona","10","69","1618","1060"
"8019","Barcelona","10","70","1124","662"
"8019","Barcelona","10","71","1353","893"
"8019","Barcelona","10","72","1243","739"
"8019","Barcelona","10","73","1082","642"
"8019","Barcelona","10","74","1070","613"
"8019","Barcelona","10","75","1030","590"
"8019","Barcelona","10","76","1461","919"
"8019","Barcelona","10","77","1162","868"
"8019","Barcelona","10","78","1409","1042"
"8019","Barcelona","10","79","1227","791"
"8019","Barcelona","10","80","971","639"
"8019","Barcelona","10","81","1197","485"
"8019","Barcelona","10","82","855","229"
"8019","Barcelona","10","83","842","268"
"8019","Barcelona","10","84","888","316"
"8019","Barcelona","10","85","1040","425"
"8019","Barcelona","10","86","1142","441"
"8019","Barcelona","10","87","1110","395"
"8019","Barcelona","10","88","1265","631"
"8019","Barcelona","10","89","1271","381"
"8019","Barcelona","10","90","922","369"
"8019","Barcelona","10","91","1356","594"
"8019","Barcelona","10","92","1184","649"
"8019","Barcelona","10","93","880","480"
"8019","Barcelona","10","94","1666","901"
"8019","Barcelona","10","95","871","365"
"8019","Barcelona","10","96","1023","647"
"8019","Barcelona","10","97","1071","665"
"8019","Barcelona","10","98","1452","894"
"8019","Barcelona","10","99","861","395"
"8019","Barcelona","10","100","1110","615"
"8019","Barcelona","10","101","966","486"
"8019","Barcelona","10","102","1844","960"
"8019","Barcelona","10","103","1706","1039"
"8019","Barcelona","10","104","1326","878"
"8019","Barcelona","10","105","1697","926"
"8019","Barcelona","10","106","789","445"
"8019","Barcelona","10","107","1164","706"
"8019","Barcelona","10","108","1046","480"
"8019","Barcelona","10","109","1161","547"
"8019","Barcelona","10","110","1182","635"
"8019","Barcelona","10","111","936","545"
"8019","Barcelona","10","112","1211","808"
"8019","Barcelona","10","113","803","451"
"8019","Barcelona","10","114","960","433"
"8019","Barcelona","10","115","989","458"
"8019","Barcelona","10","116","1277","608"
"8019","Barcelona","10","117","962","501"
"8019","Barcelona","10","118","782","466"
"8019","Barcelona","10","119","839","407"
"8019","Barcelona","10","120","1004","506"
"8019","Barcelona","10","121","1089","555"
"8019","Barcelona","10","122","1186","773"
"8019","Barcelona","10","123","1016","558"
"8019","Barcelona","10","124","860","476"
"8019","Barcelona","10","125","833","422"
"8019","Barcelona","10","126","816","473"
"8019","Barcelona","10","127","729","414"
"8019","Barcelona","10","128","1272","768"
"8019","Barcelona","10","129","949","608"
"8019","Barcelona","10","130","863","441"
"8019","Barcelona","10","131","960","571"
"8019","Barcelona","10","132","919","553"
"8019","Barcelona","10","133","1212","637"
"8019","Barcelona","10","134","1138","605"
"8019","Barcelona","10","135","891","491"
"8019","Barcelona","10","136","1040","515"
"8019","Barcelona","10","137","1129","533"
"8019","Barcelona","10","138","1067","412"
"8019","Barcelona","10","139","1121","480"
"8019","Barcelona","10","140","1106","477"
"8019","Barcelona","10","141","831","337"
"8019","Barcelona","10","142","1106","435"
"8019","Barcelona","10","143","1220","533"
"8019","Barcelona","10","234","1423","810"
"8019","Barcelona","10","235","952","435"
"8019","Barcelona","10","236","1182","582"
"8019","Barcelona","10","237","662","290"
"8020","Begues","1","1","1877","1187"
"8020","Begues","1","2","1514","984"
"8020","Begues","1","3","1983","1229"
"8021","Bellprat","1","1","64","41"
"8022","Berga","1","1","1109","555"
"8022","Berga","1","2","954","475"
"8022","Berga","1","3","717","518"
"8022","Berga","1","4","1577","819"
"8022","Berga","1","5","1430","831"
"8022","Berga","1","6","653","341"
"8022","Berga","2","1","663","280"
"8022","Berga","2","2","633","279"
"8022","Berga","2","3","1177","618"
"8022","Berga","2","4","1415","798"
"8022","Berga","2","5","783","302"
"8022","Berga","3","1","458","280"
"8022","Berga","4","1","607","368"
"8023","Bigues i Riells","1","1","1498","819"
"8023","Bigues i Riells","1","2","1583","783"
"8023","Bigues i Riells","1","3","1826","825"
"8023","Bigues i Riells","1","4","1602","807"
"8023","Bigues i Riells","1","5","748","422"
"8024","Borredà","1","1","363","232"
"8025","Bruc, el","1","1","1615","884"
"8026","Brull, el","1","1","201","152"
"8027","Cabanyes, les","1","1","745","497"
"8028","Cabrera d'Anoia","1","1","1153","522"
"8029","Cabrera de Mar","1","1","1928","1248"
"8029","Cabrera de Mar","1","2","1745","1199"
"8030","Cabrils","1","1","1556","976"
"8030","Cabrils","1","2","2027","1278"
"8030","Cabrils","1","3","1712","1106"
"8031","Calaf","1","1","549","321"
"8031","Calaf","1","2","1764","1039"
"8032","Caldes d'Estrac","1","1","2169","1276"
"8033","Caldes de Montbui","1","1","1255","786"
"8033","Caldes de Montbui","1","2","1951","944"
"8033","Caldes de Montbui","1","3","746","421"
"8033","Caldes de Montbui","2","1","1697","1033"
"8033","Caldes de Montbui","3","1","1414","734"
"8033","Caldes de Montbui","3","2","681","371"
"8033","Caldes de Montbui","3","3","1777","907"
"8033","Caldes de Montbui","3","4","1414","822"
"8033","Caldes de Montbui","3","5","1720","962"
"8033","Caldes de Montbui","3","6","717","453"
"8034","Calders","1","1","837","557"
"8035","Calella","1","1","1251","611"
"8035","Calella","1","2","854","529"
"8035","Calella","1","3","1653","771"
"8035","Calella","2","1","779","424"
"8035","Calella","2","2","1642","892"
"8035","Calella","3","1","1859","1064"
"8035","Calella","3","2","1774","956"
"8035","Calella","3","3","1514","860"
"8035","Calella","3","4","1746","866"
"8036","Calonge de Segarra","1","1","159","120"
"8037","Calldetenes","1","1","1948","1295"
"8038","Callús","1","1","1535","927"
"8039","Campins","1","1","413","290"
"8040","Canet de Mar","1","1","1253","734"
"8040","Canet de Mar","1","2","1512","851"
"8040","Canet de Mar","1","3","1012","496"
"8040","Canet de Mar","1","4","1354","779"
"8040","Canet de Mar","1","5","987","491"
"8040","Canet de Mar","1","6","1100","440"
"8040","Canet de Mar","1","7","867","512"
"8040","Canet de Mar","1","8","896","446"
"8040","Canet de Mar","1","9","1045","520"
"8040","Canet de Mar","1","10","1141","632"
"8041","Canovelles","1","1","1612","805"
"8041","Canovelles","1","2","1257","480"
"8041","Canovelles","1","3","1266","387"
"8041","Canovelles","1","4","1220","434"
"8041","Canovelles","1","5","952","369"
"8041","Canovelles","1","6","1364","677"
"8041","Canovelles","1","7","1456","743"
"8041","Canovelles","1","8","1598","942"
"8042","Cànoves i Samalús","1","1","1245","703"
"8042","Cànoves i Samalús","1","2","1220","590"
"8043","Canyelles","1","1","1970","943"
"8043","Canyelles","1","2","1583","763"
"8044","Capellades","1","1","1799","802"
"8044","Capellades","2","1","1030","599"
"8044","Capellades","2","2","1288","715"
"8045","Capolat","1","1","63","41"
"8046","Cardedeu","1","1","1080","670"
"8046","Cardedeu","1","2","1534","987"
"8046","Cardedeu","1","3","1230","688"
"8046","Cardedeu","2","1","1923","1031"
"8046","Cardedeu","2","2","1467","860"
"8046","Cardedeu","2","3","1367","890"
"8046","Cardedeu","2","4","1350","890"
"8046","Cardedeu","2","5","1046","608"
"8046","Cardedeu","3","1","1256","671"
"8046","Cardedeu","3","2","1496","757"
"8047","Cardona","1","1","780","408"
"8047","Cardona","1","2","1232","671"
"8047","Cardona","1","3","768","389"
"8047","Cardona","2","1","888","444"
"8048","Carme","1","1","574","376"
"8049","Casserres","1","1","1308","773"
"8050","Castellar del Riu","1","1","130","98"
"8051","Castellar del Vallès","1","1","949","551"
"8051","Castellar del Vallès","1","2","1172","691"
"8051","Castellar del Vallès","1","3","1429","763"
"8051","Castellar del Vallès","1","4","1602","849"
"8051","Castellar del Vallès","1","5","1399","849"
"8051","Castellar del Vallès","1","6","1394","687"
"8051","Castellar del Vallès","1","7","1828","924"
"8051","Castellar del Vallès","1","8","1633","881"
"8051","Castellar del Vallès","1","9","1892","1092"
"8051","Castellar del Vallès","1","10","1139","676"
"8051","Castellar del Vallès","1","11","903","504"
"8051","Castellar del Vallès","1","12","826","417"
"8051","Castellar del Vallès","1","13","1522","845"
"8051","Castellar del Vallès","1","14","1240","717"
"8052","Castellar de n'Hug","1","1","142","101"
"8053","Castellbell i el Vilar","1","1","1443","740"
"8053","Castellbell i el Vilar","1","2","1506","624"
"8054","Castellbisbal","1","1","1867","1015"
"8054","Castellbisbal","1","2","841","490"
"8054","Castellbisbal","1","3","1510","814"
"8054","Castellbisbal","1","4","1781","1119"
"8054","Castellbisbal","1","5","1812","853"
"8054","Castellbisbal","1","6","1535","719"
"8055","Castellcir","1","1","542","340"
"8056","Castelldefels","1","1","1376","471"
"8056","Castelldefels","1","2","1373","649"
"8056","Castelldefels","1","3","1181","685"
"8056","Castelldefels","1","4","1057","490"
"8056","Castelldefels","1","5","1294","558"
"8056","Castelldefels","1","6","1371","654"
"8056","Castelldefels","1","7","1306","772"
"8056","Castelldefels","1","8","847","498"
"8056","Castelldefels","1","9","1158","567"
"8056","Castelldefels","1","10","871","465"
"8056","Castelldefels","2","1","1243","634"
"8056","Castelldefels","2","2","1117","595"
"8056","Castelldefels","2","3","1233","602"
"8056","Castelldefels","2","4","1464","784"
"8056","Castelldefels","2","5","750","451"
"8056","Castelldefels","2","6","1345","675"
"8056","Castelldefels","2","7","891","400"
"8056","Castelldefels","3","1","1217","542"
"8056","Castelldefels","3","2","800","452"
"8056","Castelldefels","3","3","1620","822"
"8056","Castelldefels","3","4","1265","742"
"8056","Castelldefels","3","5","1416","881"
"8056","Castelldefels","3","6","695","423"
"8056","Castelldefels","4","1","1556","937"
"8056","Castelldefels","4","2","997","532"
"8056","Castelldefels","4","3","1315","630"
"8056","Castelldefels","4","4","1359","676"
"8056","Castelldefels","4","5","898","492"
"8056","Castelldefels","4","6","843","418"
"8056","Castelldefels","4","7","947","492"
"8056","Castelldefels","5","1","1010","518"
"8056","Castelldefels","5","2","1355","730"
"8056","Castelldefels","5","3","908","366"
"8056","Castelldefels","5","4","1574","965"
"8056","Castelldefels","5","5","1511","953"
"8056","Castelldefels","5","6","799","397"
"8056","Castelldefels","5","7","1004","485"
"8057","Castell de l'Areny","1","1","62","45"
"8058","Castellet i la Gornal","1","1","1860","924"
"8059","Castellfollit del Boix","1","1","353","222"
"8060","Castellfollit de Riubregós","1","1","138","106"
"8061","Castellgalí","1","1","1671","824"
"8062","Castellnou de Bages","1","1","1044","674"
"8063","Castellolí","1","1","490","364"
"8064","Castellterçol","1","1","1997","1200"
"8065","Castellví de la Marca","1","1","1222","776"
"8066","Castellví de Rosanes","1","1","1496","930"
"8067","Centelles","1","1","1330","819"
"8067","Centelles","1","2","1063","638"
"8067","Centelles","1","3","1449","850"
"8067","Centelles","1","4","2004","1111"
"8068","Cervelló","1","1","1947","1138"
"8068","Cervelló","1","2","1600","806"
"8068","Cervelló","1","3","836","493"
"8068","Cervelló","1","4","1908","1058"
"8068","Cervelló","1","5","631","331"
"8069","Collbató","1","1","1955","1217"
"8069","Collbató","1","3","1534","785"
"8070","Collsuspina","1","1","289","220"
"8071","Copons","1","1","252","179"
"8072","Corbera de Llobregat","1","1","1009","473"
"8072","Corbera de Llobregat","1","2","1896","1028"
"8072","Corbera de Llobregat","1","3","1116","552"
"8072","Corbera de Llobregat","1","4","669","386"
"8072","Corbera de Llobregat","1","5","817","438"
"8072","Corbera de Llobregat","1","6","1054","431"
"8072","Corbera de Llobregat","1","7","793","451"
"8072","Corbera de Llobregat","1","8","886","489"
"8072","Corbera de Llobregat","1","9","614","311"
"8072","Corbera de Llobregat","1","10","1102","586"
"8072","Corbera de Llobregat","1","11","914","474"
"8073","Cornellà de Llobregat","1","1","1813","909"
"8073","Cornellà de Llobregat","1","2","1329","775"
"8073","Cornellà de Llobregat","1","3","1081","529"
"8073","Cornellà de Llobregat","1","4","1608","920"
"8073","Cornellà de Llobregat","1","5","891","459"
"8073","Cornellà de Llobregat","1","6","648","385"
"8073","Cornellà de Llobregat","1","7","1526","938"
"8073","Cornellà de Llobregat","1","8","1408","743"
"8073","Cornellà de Llobregat","1","9","752","393"
"8073","Cornellà de Llobregat","1","10","1038","558"
"8073","Cornellà de Llobregat","1","11","802","390"
"8073","Cornellà de Llobregat","1","12","750","343"
"8073","Cornellà de Llobregat","1","13","1064","542"
"8073","Cornellà de Llobregat","1","14","993","592"
"8073","Cornellà de Llobregat","2","1","1387","746"
"8073","Cornellà de Llobregat","2","2","2078","1123"
"8073","Cornellà de Llobregat","2","3","1216","694"
"8073","Cornellà de Llobregat","3","1","1044","543"
"8073","Cornellà de Llobregat","3","2","682","283"
"8073","Cornellà de Llobregat","3","3","685","345"
"8073","Cornellà de Llobregat","3","4","1689","1062"
"8073","Cornellà de Llobregat","3","5","1317","772"
"8073","Cornellà de Llobregat","3","6","698","422"
"8073","Cornellà de Llobregat","3","7","974","512"
"8073","Cornellà de Llobregat","3","8","1078","582"
"8073","Cornellà de Llobregat","3","9","696","315"
"8073","Cornellà de Llobregat","3","10","1561","914"
"8073","Cornellà de Llobregat","4","1","1011","552"
"8073","Cornellà de Llobregat","4","2","529","279"
"8073","Cornellà de Llobregat","4","3","1153","626"
"8073","Cornellà de Llobregat","4","4","743","352"
"8073","Cornellà de Llobregat","4","5","591","331"
"8073","Cornellà de Llobregat","4","6","938","487"
"8073","Cornellà de Llobregat","4","7","792","378"
"8073","Cornellà de Llobregat","4","8","1130","559"
"8073","Cornellà de Llobregat","4","9","647","307"
"8073","Cornellà de Llobregat","4","10","796","351"
"8073","Cornellà de Llobregat","4","11","798","379"
"8073","Cornellà de Llobregat","4","12","1013","434"
"8073","Cornellà de Llobregat","4","13","1268","666"
"8073","Cornellà de Llobregat","4","14","819","452"
"8073","Cornellà de Llobregat","4","15","789","375"
"8073","Cornellà de Llobregat","4","16","925","479"
"8073","Cornellà de Llobregat","4","17","903","421"
"8073","Cornellà de Llobregat","4","18","622","319"
"8073","Cornellà de Llobregat","4","19","653","302"
"8073","Cornellà de Llobregat","5","1","575","215"
"8073","Cornellà de Llobregat","5","2","1041","366"
"8073","Cornellà de Llobregat","5","3","683","249"
"8073","Cornellà de Llobregat","5","5","570","229"
"8073","Cornellà de Llobregat","5","6","730","308"
"8073","Cornellà de Llobregat","5","7","729","277"
"8073","Cornellà de Llobregat","5","8","643","223"
"8073","Cornellà de Llobregat","5","9","736","409"
"8073","Cornellà de Llobregat","5","10","766","341"
"8073","Cornellà de Llobregat","6","1","1502","545"
"8073","Cornellà de Llobregat","6","4","998","446"
"8073","Cornellà de Llobregat","6","5","921","349"
"8073","Cornellà de Llobregat","6","7","655","287"
"8073","Cornellà de Llobregat","6","8","918","359"
"8073","Cornellà de Llobregat","6","9","1473","679"
"8073","Cornellà de Llobregat","6","10","919","324"
"8073","Cornellà de Llobregat","6","13","527","200"
"8073","Cornellà de Llobregat","6","14","584","257"
"8073","Cornellà de Llobregat","6","15","871","485"
"8074","Cubelles","1","1","693","358"
"8074","Cubelles","1","2","1232","598"
"8074","Cubelles","1","3","1301","686"
"8074","Cubelles","1","4","1824","842"
"8074","Cubelles","1","5","1495","831"
"8074","Cubelles","1","6","1520","713"
"8074","Cubelles","1","7","1095","479"
"8074","Cubelles","1","8","840","357"
"8074","Cubelles","1","9","685","291"
"8074","Cubelles","1","10","729","344"
"8075","Dosrius","1","1","1178","629"
"8075","Dosrius","1","2","2103","980"
"8075","Dosrius","1","3","949","536"
"8076","Esparreguera","1","1","1896","935"
"8076","Esparreguera","1","2","1566","794"
"8076","Esparreguera","1","3","1396","830"
"8076","Esparreguera","1","4","1914","902"
"8076","Esparreguera","1","5","693","292"
"8076","Esparreguera","1","6","1399","850"
"8076","Esparreguera","2","1","1827","843"
"8076","Esparreguera","2","2","1398","671"
"8076","Esparreguera","2","3","1546","860"
"8076","Esparreguera","2","4","1530","741"
"8076","Esparreguera","2","5","1531","509"
"8077","Esplugues de Llobregat","1","1","1792","1210"
"8077","Esplugues de Llobregat","1","2","942","568"
"8077","Esplugues de Llobregat","1","3","1225","805"
"8077","Esplugues de Llobregat","1","4","1056","546"
"8077","Esplugues de Llobregat","1","5","1331","812"
"8077","Esplugues de Llobregat","2","1","1095","649"
"8077","Esplugues de Llobregat","2","2","1021","549"
"8077","Esplugues de Llobregat","2","3","1285","685"
"8077","Esplugues de Llobregat","2","4","1146","565"
"8077","Esplugues de Llobregat","2","5","1250","692"
"8077","Esplugues de Llobregat","2","6","1368","850"
"8077","Esplugues de Llobregat","3","1","1116","657"
"8077","Esplugues de Llobregat","3","2","1621","921"
"8077","Esplugues de Llobregat","4","1","565","396"
"8077","Esplugues de Llobregat","5","1","516","255"
"8077","Esplugues de Llobregat","6","1","545","311"
"8077","Esplugues de Llobregat","7","1","787","558"
"8077","Esplugues de Llobregat","8","1","1511","913"
"8077","Esplugues de Llobregat","8","2","1633","904"
"8077","Esplugues de Llobregat","9","1","1220","668"
"8077","Esplugues de Llobregat","9","2","1454","853"
"8077","Esplugues de Llobregat","10","1","1552","854"
"8077","Esplugues de Llobregat","10","2","1107","618"
"8077","Esplugues de Llobregat","10","3","1668","863"
"8077","Esplugues de Llobregat","10","4","919","364"
"8077","Esplugues de Llobregat","10","5","836","343"
"8077","Esplugues de Llobregat","10","6","1218","616"
"8077","Esplugues de Llobregat","10","7","1206","630"
"8077","Esplugues de Llobregat","10","8","1411","504"
"8078","Espunyola, l'","1","1","220","140"
"8079","Estany, l'","1","1","338","249"
"8080","Fígols","1","1","38","27"
"8081","Fogars de Montclús","1","1","354","244"
"8082","Fogars de la Selva","1","1","1210","587"
"8083","Folgueroles","1","1","1712","1316"
"8084","Fonollosa","1","1","1197","743"
"8085","Font-rubí","1","1","1012","644"
"8086","Franqueses del Vallès, les","1","1","1742","966"
"8086","Franqueses del Vallès, les","1","2","1564","544"
"8086","Franqueses del Vallès, les","1","3","1218","411"
"8086","Franqueses del Vallès, les","1","4","1114","506"
"8086","Franqueses del Vallès, les","1","5","1446","669"
"8086","Franqueses del Vallès, les","1","6","1435","872"
"8086","Franqueses del Vallès, les","1","7","1334","711"
"8086","Franqueses del Vallès, les","1","8","906","372"
"8086","Franqueses del Vallès, les","1","9","1088","537"
"8086","Franqueses del Vallès, les","1","10","576","259"
"8086","Franqueses del Vallès, les","2","1","1828","1178"
"8087","Gallifa","1","1","151","117"
"8088","Garriga, la","1","1","1768","1086"
"8088","Garriga, la","1","2","1561","909"
"8088","Garriga, la","1","3","895","432"
"8088","Garriga, la","1","4","1219","711"
"8088","Garriga, la","2","1","817","551"
"8088","Garriga, la","2","2","1520","902"
"8088","Garriga, la","2","3","1941","1223"
"8088","Garriga, la","2","4","664","418"
"8088","Garriga, la","2","5","1417","910"
"8088","Garriga, la","2","6","644","360"
"8089","Gavà","1","1","1321","669"
"8089","Gavà","1","2","1269","721"
"8089","Gavà","1","3","1416","677"
"8089","Gavà","1","4","1393","664"
"8089","Gavà","1","5","959","400"
"8089","Gavà","1","6","811","394"
"8089","Gavà","1","7","1555","853"
"8089","Gavà","1","8","1585","1023"
"8089","Gavà","2","1","1697","890"
"8089","Gavà","2","2","872","488"
"8089","Gavà","2","3","785","384"
"8089","Gavà","2","4","1329","609"
"8089","Gavà","2","5","894","366"
"8089","Gavà","2","6","1279","499"
"8089","Gavà","2","7","736","295"
"8089","Gavà","2","8","1242","650"
"8089","Gavà","2","9","1401","717"
"8089","Gavà","2","10","686","276"
"8089","Gavà","3","1","924","423"
"8089","Gavà","3","2","886","424"
"8089","Gavà","3","3","1692","865"
"8089","Gavà","3","4","1189","481"
"8089","Gavà","3","5","1450","496"
"8089","Gavà","3","6","879","433"
"8089","Gavà","3","7","765","450"
"8089","Gavà","3","8","2118","1198"
"8089","Gavà","4","1","1765","918"
"8089","Gavà","4","2","1226","531"
"8090","Gaià","1","1","138","101"
"8091","Gelida","1","1","1849","1009"
"8091","Gelida","1","2","1761","978"
"8091","Gelida","2","1","1917","1051"
"8092","Gironella","1","1","1243","760"
"8092","Gironella","2","1","341","188"
"8092","Gironella","2","2","1062","633"
"8092","Gironella","2","3","1048","591"
"8093","Gisclareny","1","1","25","21"
"8094","Granada, la","1","1","1631","1018"
"8095","Granera","1","1","75","54"
"8096","Granollers","1","1","1663","1054"
"8096","Granollers","1","3","1358","767"
"8096","Granollers","1","4","1895","1179"
"8096","Granollers","1","5","1441","878"
"8096","Granollers","1","6","781","321"
"8096","Granollers","1","9","1482","573"
"8096","Granollers","1","10","1225","541"
"8096","Granollers","1","11","1283","599"
"8096","Granollers","2","1","1531","879"
"8096","Granollers","2","2","1041","656"
"8096","Granollers","2","3","529","382"
"8096","Granollers","2","4","1251","606"
"8096","Granollers","2","5","1148","587"
"8096","Granollers","2","6","1510","866"
"8096","Granollers","2","7","1026","558"
"8096","Granollers","3","1","1751","1072"
"8096","Granollers","3","2","1441","720"
"8096","Granollers","3","3","1058","504"
"8096","Granollers","3","4","1476","869"
"8096","Granollers","3","5","1357","776"
"8096","Granollers","3","6","1023","633"
"8096","Granollers","3","7","690","310"
"8096","Granollers","3","8","893","394"
"8096","Granollers","3","9","811","529"
"8096","Granollers","3","10","1001","509"
"8096","Granollers","4","1","1748","1063"
"8096","Granollers","4","2","1569","830"
"8096","Granollers","4","3","684","313"
"8096","Granollers","4","4","1204","564"
"8096","Granollers","4","6","789","348"
"8096","Granollers","4","7","1918","1108"
"8096","Granollers","4","8","967","513"
"8096","Granollers","4","9","1262","654"
"8096","Granollers","4","10","1839","1140"
"8096","Granollers","4","11","1364","886"
"8097","Gualba","1","1","1118","725"
"8098","Sant Salvador de Guardiola","1","1","1367","876"
"8098","Sant Salvador de Guardiola","1","2","1128","531"
"8099","Guardiola de Berguedà","1","1","762","467"
"8100","Gurb","1","1","706","528"
"8100","Gurb","1","2","1405","1019"
"8101","Hospitalet de Llobregat, l'","1","1","1245","667"
"8101","Hospitalet de Llobregat, l'","1","2","1146","567"
"8101","Hospitalet de Llobregat, l'","1","3","586","310"
"8101","Hospitalet de Llobregat, l'","1","4","651","386"
"8101","Hospitalet de Llobregat, l'","1","5","857","463"
"8101","Hospitalet de Llobregat, l'","1","6","1308","660"
"8101","Hospitalet de Llobregat, l'","1","7","1130","543"
"8101","Hospitalet de Llobregat, l'","1","8","1072","639"
"8101","Hospitalet de Llobregat, l'","1","9","880","547"
"8101","Hospitalet de Llobregat, l'","1","10","860","469"
"8101","Hospitalet de Llobregat, l'","1","11","636","352"
"8101","Hospitalet de Llobregat, l'","1","12","1245","792"
"8101","Hospitalet de Llobregat, l'","1","13","1201","681"
"8101","Hospitalet de Llobregat, l'","1","14","1105","555"
"8101","Hospitalet de Llobregat, l'","1","15","944","469"
"8101","Hospitalet de Llobregat, l'","1","16","1109","582"
"8101","Hospitalet de Llobregat, l'","1","17","1409","761"
"8101","Hospitalet de Llobregat, l'","1","18","1185","581"
"8101","Hospitalet de Llobregat, l'","1","19","982","545"
"8101","Hospitalet de Llobregat, l'","1","20","1310","727"
"8101","Hospitalet de Llobregat, l'","1","21","594","280"
"8101","Hospitalet de Llobregat, l'","1","22","660","343"
"8101","Hospitalet de Llobregat, l'","1","23","955","532"
"8101","Hospitalet de Llobregat, l'","1","24","635","394"
"8101","Hospitalet de Llobregat, l'","1","25","1112","555"
"8101","Hospitalet de Llobregat, l'","1","26","723","365"
"8101","Hospitalet de Llobregat, l'","1","27","562","271"
"8101","Hospitalet de Llobregat, l'","1","28","749","369"
"8101","Hospitalet de Llobregat, l'","1","29","764","319"
"8101","Hospitalet de Llobregat, l'","1","30","779","415"
"8101","Hospitalet de Llobregat, l'","1","31","923","447"
"8101","Hospitalet de Llobregat, l'","1","32","1705","781"
"8101","Hospitalet de Llobregat, l'","1","33","631","580"
"8101","Hospitalet de Llobregat, l'","1","34","1009","383"
"8101","Hospitalet de Llobregat, l'","1","35","1113","579"
"8101","Hospitalet de Llobregat, l'","1","36","848","454"
"8101","Hospitalet de Llobregat, l'","1","37","1066","567"
"8101","Hospitalet de Llobregat, l'","1","38","613","344"
"8101","Hospitalet de Llobregat, l'","1","39","630","313"
"8101","Hospitalet de Llobregat, l'","1","40","618","250"
"8101","Hospitalet de Llobregat, l'","1","41","1084","728"
"8101","Hospitalet de Llobregat, l'","2","1","1049","532"
"8101","Hospitalet de Llobregat, l'","2","2","930","361"
"8101","Hospitalet de Llobregat, l'","2","4","906","376"
"8101","Hospitalet de Llobregat, l'","2","5","633","322"
"8101","Hospitalet de Llobregat, l'","2","7","1109","528"
"8101","Hospitalet de Llobregat, l'","2","8","1221","615"
"8101","Hospitalet de Llobregat, l'","2","9","655","305"
"8101","Hospitalet de Llobregat, l'","2","10","594","268"
"8101","Hospitalet de Llobregat, l'","2","11","741","260"
"8101","Hospitalet de Llobregat, l'","2","12","801","294"
"8101","Hospitalet de Llobregat, l'","2","13","549","232"
"8101","Hospitalet de Llobregat, l'","2","14","1209","454"
"8101","Hospitalet de Llobregat, l'","2","16","828","321"
"8101","Hospitalet de Llobregat, l'","2","17","805","387"
"8101","Hospitalet de Llobregat, l'","2","20","924","373"
"8101","Hospitalet de Llobregat, l'","2","21","1145","454"
"8101","Hospitalet de Llobregat, l'","2","23","675","275"
"8101","Hospitalet de Llobregat, l'","2","24","699","280"
"8101","Hospitalet de Llobregat, l'","2","26","1085","487"
"8101","Hospitalet de Llobregat, l'","2","28","1241","464"
"8101","Hospitalet de Llobregat, l'","2","29","921","335"
"8101","Hospitalet de Llobregat, l'","2","31","686","255"
"8101","Hospitalet de Llobregat, l'","2","32","647","281"
"8101","Hospitalet de Llobregat, l'","2","33","546","212"
"8101","Hospitalet de Llobregat, l'","2","34","572","244"
"8101","Hospitalet de Llobregat, l'","2","36","628","285"
"8101","Hospitalet de Llobregat, l'","2","37","760","288"
"8101","Hospitalet de Llobregat, l'","2","38","571","248"
"8101","Hospitalet de Llobregat, l'","2","39","673","321"
"8101","Hospitalet de Llobregat, l'","2","40","948","431"
"8101","Hospitalet de Llobregat, l'","2","42","710","283"
"8101","Hospitalet de Llobregat, l'","2","43","989","433"
"8101","Hospitalet de Llobregat, l'","2","45","621","258"
"8101","Hospitalet de Llobregat, l'","2","46","649","268"
"8101","Hospitalet de Llobregat, l'","2","47","689","250"
"8101","Hospitalet de Llobregat, l'","2","48","744","286"
"8101","Hospitalet de Llobregat, l'","2","49","657","294"
"8101","Hospitalet de Llobregat, l'","3","1","1013","454"
"8101","Hospitalet de Llobregat, l'","3","2","970","445"
"8101","Hospitalet de Llobregat, l'","3","3","1085","458"
"8101","Hospitalet de Llobregat, l'","3","4","1267","680"
"8101","Hospitalet de Llobregat, l'","3","5","1151","632"
"8101","Hospitalet de Llobregat, l'","3","6","1032","501"
"8101","Hospitalet de Llobregat, l'","3","7","1014","597"
"8101","Hospitalet de Llobregat, l'","3","8","1482","871"
"8101","Hospitalet de Llobregat, l'","3","9","820","432"
"8101","Hospitalet de Llobregat, l'","3","10","625","303"
"8101","Hospitalet de Llobregat, l'","3","11","967","426"
"8101","Hospitalet de Llobregat, l'","3","12","1199","653"
"8101","Hospitalet de Llobregat, l'","3","13","1369","649"
"8101","Hospitalet de Llobregat, l'","3","14","1638","819"
"8101","Hospitalet de Llobregat, l'","3","15","1219","640"
"8101","Hospitalet de Llobregat, l'","3","16","1673","1028"
"8101","Hospitalet de Llobregat, l'","3","17","593","219"
"8101","Hospitalet de Llobregat, l'","3","18","624","352"
"8101","Hospitalet de Llobregat, l'","3","19","1128","678"
"8101","Hospitalet de Llobregat, l'","3","20","1102","588"
"8101","Hospitalet de Llobregat, l'","3","21","1734","1002"
"8101","Hospitalet de Llobregat, l'","3","22","844","373"
"8101","Hospitalet de Llobregat, l'","3","23","1328","650"
"8101","Hospitalet de Llobregat, l'","3","24","681","300"
"8101","Hospitalet de Llobregat, l'","3","25","1363","676"
"8101","Hospitalet de Llobregat, l'","3","26","905","568"
"8101","Hospitalet de Llobregat, l'","3","27","937","496"
"8101","Hospitalet de Llobregat, l'","3","28","977","588"
"8101","Hospitalet de Llobregat, l'","3","29","1119","650"
"8101","Hospitalet de Llobregat, l'","4","1","795","366"
"8101","Hospitalet de Llobregat, l'","4","2","502","166"
"8101","Hospitalet de Llobregat, l'","4","3","777","334"
"8101","Hospitalet de Llobregat, l'","4","4","798","316"
"8101","Hospitalet de Llobregat, l'","4","5","1035","397"
"8101","Hospitalet de Llobregat, l'","4","6","849","324"
"8101","Hospitalet de Llobregat, l'","4","7","596","209"
"8101","Hospitalet de Llobregat, l'","4","9","1082","462"
"8101","Hospitalet de Llobregat, l'","4","10","1123","538"
"8101","Hospitalet de Llobregat, l'","4","11","633","299"
"8101","Hospitalet de Llobregat, l'","4","12","1031","440"
"8101","Hospitalet de Llobregat, l'","4","14","963","351"
"8101","Hospitalet de Llobregat, l'","4","16","767","276"
"8101","Hospitalet de Llobregat, l'","4","18","780","299"
"8101","Hospitalet de Llobregat, l'","4","19","1075","396"
"8101","Hospitalet de Llobregat, l'","4","20","1189","497"
"8101","Hospitalet de Llobregat, l'","4","21","770","325"
"8101","Hospitalet de Llobregat, l'","4","22","674","255"
"8101","Hospitalet de Llobregat, l'","4","23","580","235"
"8101","Hospitalet de Llobregat, l'","4","25","624","229"
"8101","Hospitalet de Llobregat, l'","4","26","556","196"
"8101","Hospitalet de Llobregat, l'","4","27","770","257"
"8101","Hospitalet de Llobregat, l'","4","30","559","165"
"8101","Hospitalet de Llobregat, l'","4","31","752","255"
"8101","Hospitalet de Llobregat, l'","4","32","735","311"
"8101","Hospitalet de Llobregat, l'","4","33","966","328"
"8101","Hospitalet de Llobregat, l'","4","35","543","146"
"8101","Hospitalet de Llobregat, l'","4","36","879","319"
"8101","Hospitalet de Llobregat, l'","4","37","964","342"
"8101","Hospitalet de Llobregat, l'","4","40","676","310"
"8101","Hospitalet de Llobregat, l'","4","41","1375","694"
"8101","Hospitalet de Llobregat, l'","5","1","838","430"
"8101","Hospitalet de Llobregat, l'","5","2","1011","424"
"8101","Hospitalet de Llobregat, l'","5","3","616","349"
"8101","Hospitalet de Llobregat, l'","5","4","776","362"
"8101","Hospitalet de Llobregat, l'","5","5","879","425"
"8101","Hospitalet de Llobregat, l'","5","6","1301","680"
"8101","Hospitalet de Llobregat, l'","5","7","551","276"
"8101","Hospitalet de Llobregat, l'","5","8","855","326"
"8101","Hospitalet de Llobregat, l'","5","10","661","280"
"8101","Hospitalet de Llobregat, l'","5","11","1278","499"
"8101","Hospitalet de Llobregat, l'","5","13","812","310"
"8101","Hospitalet de Llobregat, l'","5","14","827","286"
"8101","Hospitalet de Llobregat, l'","5","17","1118","382"
"8101","Hospitalet de Llobregat, l'","5","18","689","269"
"8101","Hospitalet de Llobregat, l'","5","20","556","235"
"8101","Hospitalet de Llobregat, l'","5","21","741","396"
"8101","Hospitalet de Llobregat, l'","5","23","848","343"
"8101","Hospitalet de Llobregat, l'","5","24","705","230"
"8101","Hospitalet de Llobregat, l'","5","25","522","203"
"8101","Hospitalet de Llobregat, l'","5","26","985","331"
"8101","Hospitalet de Llobregat, l'","5","28","738","311"
"8101","Hospitalet de Llobregat, l'","5","29","732","294"
"8101","Hospitalet de Llobregat, l'","5","30","1026","474"
"8101","Hospitalet de Llobregat, l'","5","31","552","203"
"8101","Hospitalet de Llobregat, l'","5","32","787","359"
"8101","Hospitalet de Llobregat, l'","5","33","1060","436"
"8101","Hospitalet de Llobregat, l'","5","34","577","258"
"8101","Hospitalet de Llobregat, l'","5","35","734","387"
"8101","Hospitalet de Llobregat, l'","5","37","777","354"
"8101","Hospitalet de Llobregat, l'","5","38","794","319"
"8101","Hospitalet de Llobregat, l'","6","1","1428","686"
"8101","Hospitalet de Llobregat, l'","6","2","846","379"
"8101","Hospitalet de Llobregat, l'","6","5","1173","612"
"8101","Hospitalet de Llobregat, l'","6","6","674","294"
"8101","Hospitalet de Llobregat, l'","6","7","723","320"
"8101","Hospitalet de Llobregat, l'","6","8","1014","422"
"8101","Hospitalet de Llobregat, l'","6","9","616","301"
"8101","Hospitalet de Llobregat, l'","6","10","871","461"
"8101","Hospitalet de Llobregat, l'","6","11","1245","539"
"8101","Hospitalet de Llobregat, l'","6","12","746","315"
"8101","Hospitalet de Llobregat, l'","6","13","879","404"
"8101","Hospitalet de Llobregat, l'","6","14","719","362"
"8101","Hospitalet de Llobregat, l'","6","15","607","301"
"8101","Hospitalet de Llobregat, l'","6","16","1582","618"
"8101","Hospitalet de Llobregat, l'","6","17","717","304"
"8101","Hospitalet de Llobregat, l'","6","18","886","591"
"8101","Hospitalet de Llobregat, l'","6","19","989","528"
"8101","Hospitalet de Llobregat, l'","6","21","1032","523"
"8101","Hospitalet de Llobregat, l'","6","22","628","268"
"8101","Hospitalet de Llobregat, l'","6","23","1049","602"
"8101","Hospitalet de Llobregat, l'","6","24","785","360"
"8101","Hospitalet de Llobregat, l'","6","25","928","556"
"8101","Hospitalet de Llobregat, l'","6","26","692","347"
"8101","Hospitalet de Llobregat, l'","6","27","718","384"
"8101","Hospitalet de Llobregat, l'","6","30","592","273"
"8101","Hospitalet de Llobregat, l'","6","31","749","372"
"8101","Hospitalet de Llobregat, l'","6","32","674","259"
"8102","Igualada","1","1","1290","577"
"8102","Igualada","2","1","711","443"
"8102","Igualada","2","2","900","492"
"8102","Igualada","2","3","1256","720"
"8102","Igualada","3","1","873","472"
"8102","Igualada","3","2","1460","847"
"8102","Igualada","3","3","975","547"
"8102","Igualada","3","4","1571","825"
"8102","Igualada","3","5","794","395"
"8102","Igualada","3","6","1459","943"
"8102","Igualada","3","7","1747","1103"
"8102","Igualada","3","8","1067","593"
"8102","Igualada","3","9","1396","856"
"8102","Igualada","3","10","1172","714"
"8102","Igualada","4","1","707","410"
"8102","Igualada","4","2","771","456"
"8102","Igualada","4","3","843","487"
"8102","Igualada","4","4","894","558"
"8102","Igualada","4","5","1253","711"
"8102","Igualada","5","1","1097","607"
"8102","Igualada","5","2","1225","649"
"8102","Igualada","5","3","1488","847"
"8102","Igualada","5","4","1096","631"
"8102","Igualada","5","5","492","191"
"8102","Igualada","5","6","584","171"
"8102","Igualada","5","7","1863","1072"
"8103","Jorba","1","1","650","381"
"8104","Llacuna, la","1","1","675","431"
"8105","Llagosta, la","1","1","1193","525"
"8105","Llagosta, la","1","2","1207","600"
"8105","Llagosta, la","1","3","1051","508"
"8105","Llagosta, la","1","4","1074","463"
"8105","Llagosta, la","1","5","1134","503"
"8105","Llagosta, la","1","6","929","414"
"8105","Llagosta, la","1","7","998","453"
"8105","Llagosta, la","1","8","907","535"
"8105","Llagosta, la","1","9","1167","633"
"8106","Llinars del Vallès","1","1","1119","544"
"8106","Llinars del Vallès","1","2","1544","756"
"8106","Llinars del Vallès","2","1","1592","920"
"8106","Llinars del Vallès","2","2","1068","576"
"8106","Llinars del Vallès","2","3","1226","668"
"8106","Llinars del Vallès","2","4","1051","594"
"8107","Lliçà d'Amunt","1","1","1533","761"
"8107","Lliçà d'Amunt","1","2","1107","564"
"8107","Lliçà d'Amunt","1","3","1046","452"
"8107","Lliçà d'Amunt","1","4","1507","611"
"8107","Lliçà d'Amunt","1","5","1309","604"
"8107","Lliçà d'Amunt","1","6","889","395"
"8107","Lliçà d'Amunt","1","7","1350","695"
"8107","Lliçà d'Amunt","1","8","1220","513"
"8107","Lliçà d'Amunt","1","9","1069","488"
"8107","Lliçà d'Amunt","1","10","1158","513"
"8108","Lliçà de Vall","1","1","1552","803"
"8108","Lliçà de Vall","1","2","1473","812"
"8108","Lliçà de Vall","1","3","1343","743"
"8108","Lliçà de Vall","1","4","875","464"
"8109","Lluçà","1","1","206","162"
"8110","Malgrat de Mar","1","1","1230","641"
"8110","Malgrat de Mar","1","2","1991","1029"
"8110","Malgrat de Mar","1","3","1663","759"
"8110","Malgrat de Mar","1","4","1357","647"
"8110","Malgrat de Mar","1","5","1334","615"
"8110","Malgrat de Mar","1","6","1811","850"
"8110","Malgrat de Mar","2","1","1299","702"
"8110","Malgrat de Mar","2","2","1701","915"
"8110","Malgrat de Mar","2","3","1429","626"
"8111","Malla","1","1","220","189"
"8112","Manlleu","1","1","1436","847"
"8112","Manlleu","1","2","656","381"
"8112","Manlleu","2","1","1196","688"
"8112","Manlleu","2","2","1195","589"
"8112","Manlleu","2","3","770","447"
"8112","Manlleu","2","4","932","442"
"8112","Manlleu","3","1","1060","498"
"8112","Manlleu","3","2","1295","642"
"8112","Manlleu","3","3","1113","468"
"8112","Manlleu","3","4","1210","592"
"8112","Manlleu","4","1","620","337"
"8112","Manlleu","4","2","1418","853"
"8113","Manresa","1","1","583","311"
"8113","Manresa","1","2","540","283"
"8113","Manresa","2","1","637","382"
"8113","Manresa","2","2","1544","941"
"8113","Manresa","2","3","1374","845"
"8113","Manresa","2","4","1463","863"
"8113","Manresa","2","5","1502","805"
"8113","Manresa","2","6","571","271"
"8113","Manresa","2","7","1029","531"
"8113","Manresa","2","8","681","334"
"8113","Manresa","2","9","1185","616"
"8113","Manresa","2","10","1266","789"
"8113","Manresa","2","11","1304","744"
"8113","Manresa","2","12","1056","620"
"8113","Manresa","2","13","987","552"
"8113","Manresa","2","14","677","365"
"8113","Manresa","3","1","648","340"
"8113","Manresa","3","2","580","306"
"8113","Manresa","3","4","900","437"
"8113","Manresa","3","5","1621","854"
"8113","Manresa","3","6","749","382"
"8113","Manresa","4","1","1287","704"
"8113","Manresa","4","3","632","342"
"8113","Manresa","4","4","1349","809"
"8113","Manresa","4","5","1112","610"
"8113","Manresa","4","6","1182","660"
"8113","Manresa","4","7","1538","850"
"8113","Manresa","4","8","1086","595"
"8113","Manresa","4","9","1170","636"
"8113","Manresa","4","11","651","316"
"8113","Manresa","4","12","743","362"
"8113","Manresa","4","13","1026","584"
"8113","Manresa","4","14","1356","821"
"8113","Manresa","4","15","1767","1002"
"8113","Manresa","5","1","665","304"
"8113","Manresa","5","2","875","347"
"8113","Manresa","5","3","1022","520"
"8113","Manresa","5","4","631","317"
"8113","Manresa","5","5","1434","642"
"8113","Manresa","5","6","1224","598"
"8113","Manresa","5","7","343","165"
"8113","Manresa","5","8","559","291"
"8113","Manresa","5","10","1055","428"
"8113","Manresa","5","11","1177","597"
"8113","Manresa","5","12","664","266"
"8113","Manresa","5","13","708","354"
"8113","Manresa","5","14","1291","679"
"8113","Manresa","5","15","887","351"
"8113","Manresa","5","17","1344","731"
"8113","Manresa","5","18","744","297"
"8113","Manresa","6","1","659","219"
"8113","Manresa","6","2","794","429"
"8114","Martorell","1","1","1122","585"
"8114","Martorell","1","2","652","276"
"8114","Martorell","1","3","1010","513"
"8114","Martorell","2","3","1826","800"
"8114","Martorell","3","2","1103","440"
"8114","Martorell","3","4","1232","490"
"8114","Martorell","3","5","1072","464"
"8114","Martorell","3","6","1344","665"
"8114","Martorell","3","7","1076","626"
"8114","Martorell","3","8","1731","1002"
"8114","Martorell","3","10","514","343"
"8114","Martorell","4","1","1886","1063"
"8114","Martorell","4","2","1675","1020"
"8114","Martorell","4","3","1225","630"
"8114","Martorell","4","4","1493","811"
"8115","Martorelles","1","1","1438","646"
"8115","Martorelles","1","2","1258","722"
"8115","Martorelles","1","3","1140","532"
"8116","Masies de Roda, les","1","1","555","381"
"8117","Masies de Voltregà, les","1","1","1871","1201"
"8117","Masies de Voltregà, les","2","1","646","383"
"8118","Masnou, el","1","1","1406","879"
"8118","Masnou, el","1","2","1547","916"
"8118","Masnou, el","1","3","901","571"
"8118","Masnou, el","1","4","1462","955"
"8118","Masnou, el","1","5","1449","846"
"8118","Masnou, el","1","6","1409","735"
"8118","Masnou, el","1","7","1203","712"
"8118","Masnou, el","1","8","1079","567"
"8118","Masnou, el","1","9","649","417"
"8118","Masnou, el","1","10","1482","938"
"8118","Masnou, el","2","1","1361","908"
"8118","Masnou, el","2","2","977","629"
"8118","Masnou, el","2","3","1157","727"
"8118","Masnou, el","2","4","1591","956"
"8119","Masquefa","1","1","3915","1887"
"8119","Masquefa","1","2","3241","1437"
"8120","Matadepera","1","1","2007","1332"
"8120","Matadepera","1","2","1938","1287"
"8120","Matadepera","1","3","1897","1295"
"8120","Matadepera","1","4","1441","972"
"8121","Mataró","1","1","1242","788"
"8121","Mataró","1","2","1272","778"
"8121","Mataró","1","3","1144","748"
"8121","Mataró","1","4","1106","750"
"8121","Mataró","1","5","1335","880"
"8121","Mataró","1","6","1303","818"
"8121","Mataró","1","7","1385","884"
"8121","Mataró","1","9","996","628"
"8121","Mataró","2","1","1754","1113"
"8121","Mataró","2","2","776","437"
"8121","Mataró","2","3","885","496"
"8121","Mataró","2","4","1525","591"
"8121","Mataró","2","5","1564","764"
"8121","Mataró","2","7","1350","690"
"8121","Mataró","2","8","1144","751"
"8121","Mataró","2","9","1181","734"
"8121","Mataró","2","10","1131","703"
"8121","Mataró","2","11","1381","827"
"8121","Mataró","2","12","981","522"
"8121","Mataró","3","1","938","437"
"8121","Mataró","3","2","822","269"
"8121","Mataró","3","3","884","359"
"8121","Mataró","3","4","1154","461"
"8121","Mataró","3","5","990","339"
"8121","Mataró","3","6","1228","656"
"8121","Mataró","3","7","984","468"
"8121","Mataró","3","8","828","393"
"8121","Mataró","3","9","1647","773"
"8121","Mataró","3","10","548","351"
"8121","Mataró","3","11","1238","636"
"8121","Mataró","3","12","1355","734"
"8121","Mataró","3","13","2328","1183"
"8121","Mataró","3","14","976","527"
"8121","Mataró","4","1","890","470"
"8121","Mataró","4","2","1010","329"
"8121","Mataró","4","3","718","290"
"8121","Mataró","4","4","2143","947"
"8121","Mataró","4","5","2057","940"
"8121","Mataró","4","6","1246","681"
"8121","Mataró","4","7","952","368"
"8121","Mataró","4","8","1023","562"
"8121","Mataró","4","9","1530","696"
"8121","Mataró","5","1","2049","989"
"8121","Mataró","5","2","1351","515"
"8121","Mataró","5","3","1257","522"
"8121","Mataró","5","4","970","455"
"8121","Mataró","5","5","697","290"
"8121","Mataró","5","6","1060","365"
"8121","Mataró","5","7","1138","444"
"8121","Mataró","5","8","831","291"
"8121","Mataró","5","9","741","278"
"8121","Mataró","5","10","1173","412"
"8121","Mataró","5","11","983","418"
"8121","Mataró","5","12","873","408"
"8121","Mataró","5","13","1248","466"
"8121","Mataró","5","15","797","364"
"8121","Mataró","5","16","981","360"
"8121","Mataró","5","17","697","261"
"8121","Mataró","5","19","592","242"
"8121","Mataró","5","20","996","366"
"8121","Mataró","5","21","693","394"
"8121","Mataró","6","1","1716","1038"
"8121","Mataró","6","2","652","374"
"8121","Mataró","6","3","1553","938"
"8121","Mataró","6","4","1219","710"
"8121","Mataró","6","5","1389","681"
"8121","Mataró","6","6","1354","757"
"8121","Mataró","6","7","1116","539"
"8121","Mataró","6","8","1360","639"
"8121","Mataró","6","9","1013","386"
"8121","Mataró","6","10","1772","846"
"8121","Mataró","6","11","1063","561"
"8121","Mataró","6","12","1219","528"
"8121","Mataró","6","13","689","304"
"8121","Mataró","6","14","1439","768"
"8122","Mediona","1","1","1772","846"
"8123","Molins de Rei","1","1","941","603"
"8123","Molins de Rei","1","2","1493","916"
"8123","Molins de Rei","1","3","1306","782"
"8123","Molins de Rei","2","1","2255","1395"
"8123","Molins de Rei","2","2","1287","812"
"8123","Molins de Rei","2","3","1553","868"
"8123","Molins de Rei","2","4","1369","770"
"8123","Molins de Rei","3","1","2676","1751"
"8123","Molins de Rei","3","2","2631","1699"
"8123","Molins de Rei","3","3","1488","985"
"8123","Molins de Rei","3","4","1790","1026"
"8123","Molins de Rei","4","1","820","433"
"8124","Mollet del Vallès","1","1","588","288"
"8124","Mollet del Vallès","1","2","1260","595"
"8124","Mollet del Vallès","1","3","1293","656"
"8124","Mollet del Vallès","1","4","1496","877"
"8124","Mollet del Vallès","1","5","1289","642"
"8124","Mollet del Vallès","1","6","1519","711"
"8124","Mollet del Vallès","1","7","1157","552"
"8124","Mollet del Vallès","2","1","1460","826"
"8124","Mollet del Vallès","2","2","1312","774"
"8124","Mollet del Vallès","2","3","1600","721"
"8124","Mollet del Vallès","2","4","1069","546"
"8124","Mollet del Vallès","2","5","1065","539"
"8124","Mollet del Vallès","2","6","1052","433"
"8124","Mollet del Vallès","2","7","1536","719"
"8124","Mollet del Vallès","2","8","1216","780"
"8124","Mollet del Vallès","2","9","839","556"
"8124","Mollet del Vallès","3","1","1586","756"
"8124","Mollet del Vallès","3","2","1245","651"
"8124","Mollet del Vallès","3","3","895","471"
"8124","Mollet del Vallès","3","4","1416","705"
"8124","Mollet del Vallès","3","5","1586","873"
"8124","Mollet del Vallès","3","6","876","305"
"8124","Mollet del Vallès","3","7","1386","563"
"8124","Mollet del Vallès","3","8","669","341"
"8124","Mollet del Vallès","3","9","714","329"
"8124","Mollet del Vallès","3","10","1020","417"
"8124","Mollet del Vallès","3","11","1364","684"
"8124","Mollet del Vallès","3","12","1390","697"
"8124","Mollet del Vallès","3","13","1260","643"
"8124","Mollet del Vallès","3","14","1132","525"
"8124","Mollet del Vallès","3","15","986","436"
"8125","Montcada i Reixac","1","1","841","464"
"8125","Montcada i Reixac","1","2","1100","637"
"8125","Montcada i Reixac","1","4","1282","562"
"8125","Montcada i Reixac","1","5","1141","618"
"8125","Montcada i Reixac","2","1","947","278"
"8125","Montcada i Reixac","2","2","1803","912"
"8125","Montcada i Reixac","2","3","1777","1002"
"8125","Montcada i Reixac","3","1","1898","882"
"8125","Montcada i Reixac","3","2","914","453"
"8125","Montcada i Reixac","3","3","1731","841"
"8125","Montcada i Reixac","3","4","1460","846"
"8125","Montcada i Reixac","3","5","1513","760"
"8125","Montcada i Reixac","3","6","1002","537"
"8125","Montcada i Reixac","4","1","801","409"
"8125","Montcada i Reixac","4","2","780","438"
"8125","Montcada i Reixac","4","3","960","485"
"8125","Montcada i Reixac","5","1","1551","522"
"8125","Montcada i Reixac","5","2","970","399"
"8125","Montcada i Reixac","5","3","939","319"
"8125","Montcada i Reixac","6","1","722","417"
"8125","Montcada i Reixac","6","2","654","386"
"8125","Montcada i Reixac","6","3","949","402"
"8126","Montgat","1","1","2725","1549"
"8126","Montgat","1","2","2482","1242"
"8126","Montgat","1","3","2274","1182"
"8126","Montgat","1","4","1445","813"
"8127","Monistrol de Montserrat","1","1","667","379"
"8127","Monistrol de Montserrat","1","2","1613","727"
"8128","Monistrol de Calders","1","1","597","356"
"8129","Muntanyola","1","1","504","355"
"8130","Montclar","1","1","107","69"
"8131","Montesquiu","1","1","747","474"
"8132","Montmajor","1","1","358","203"
"8133","Montmaneu","1","1","129","86"
"8134","Figaró-Montmany","1","1","862","519"
"8135","Montmeló","1","1","2003","1204"
"8135","Montmeló","1","2","1164","633"
"8135","Montmeló","1","3","1794","1034"
"8135","Montmeló","1","4","911","517"
"8135","Montmeló","1","5","959","559"
"8136","Montornès del Vallès","1","1","1512","715"
"8136","Montornès del Vallès","1","2","1233","543"
"8136","Montornès del Vallès","1","3","1831","893"
"8136","Montornès del Vallès","1","4","1487","791"
"8136","Montornès del Vallès","1","5","1801","905"
"8136","Montornès del Vallès","1","6","1163","631"
"8136","Montornès del Vallès","1","7","739","420"
"8136","Montornès del Vallès","2","1","583","181"
"8136","Montornès del Vallès","2","2","679","291"
"8136","Montornès del Vallès","2","3","811","299"
"8137","Montseny","1","1","285","197"
"8138","Moià","1","1","1839","1040"
"8138","Moià","1","2","1804","1001"
"8138","Moià","1","3","934","562"
"8139","Mura","1","1","184","145"
"8140","Navarcles","1","1","1441","723"
"8140","Navarcles","1","2","1641","908"
"8140","Navarcles","1","3","1750","1016"
"8141","Navàs","1","1","824","524"
"8141","Navàs","1","2","547","351"
"8141","Navàs","1","3","1797","957"
"8141","Navàs","1","4","1135","683"
"8141","Navàs","2","1","214","134"
"8142","Nou de Berguedà, la","1","1","143","112"
"8143","Òdena","1","1","1771","1006"
"8143","Òdena","1","2","978","500"
"8144","Olvan","1","1","728","461"
"8145","Olèrdola","1","1","1677","938"
"8145","Olèrdola","1","2","1118","769"
"8146","Olesa de Bonesvalls","1","1","655","393"
"8146","Olesa de Bonesvalls","1","2","781","419"
"8147","Olesa de Montserrat","1","1","1601","648"
"8147","Olesa de Montserrat","1","2","1559","793"
"8147","Olesa de Montserrat","1","3","951","550"
"8147","Olesa de Montserrat","1","4","1658","961"
"8147","Olesa de Montserrat","1","5","1575","782"
"8147","Olesa de Montserrat","1","6","1369","693"
"8147","Olesa de Montserrat","1","7","1350","660"
"8147","Olesa de Montserrat","1","8","1712","916"
"8147","Olesa de Montserrat","1","9","1431","829"
"8147","Olesa de Montserrat","1","10","1401","704"
"8147","Olesa de Montserrat","1","11","1716","879"
"8147","Olesa de Montserrat","1","12","1224","607"
"8148","Olivella","1","1","1120","575"
"8148","Olivella","1","2","1325","645"
"8149","Olost","1","1","968","570"
"8150","Orís","1","1","265","178"
"8151","Oristà","1","1","449","300"
"8152","Orpí","1","1","115","84"
"8153","Òrrius","1","1","593","420"
"8154","Pacs del Penedès","1","1","699","444"
"8155","Palafolls","1","1","2059","1195"
"8155","Palafolls","1","2","1149","626"
"8155","Palafolls","1","3","1650","764"
"8155","Palafolls","1","4","1328","666"
"8155","Palafolls","1","5","994","447"
"8156","Palau-solità i Plegamans","1","1","1089","529"
"8156","Palau-solità i Plegamans","1","2","1989","1030"
"8156","Palau-solità i Plegamans","1","3","1396","763"
"8156","Palau-solità i Plegamans","1","4","1949","1110"
"8156","Palau-solità i Plegamans","1","5","887","537"
"8156","Palau-solità i Plegamans","1","6","1541","890"
"8156","Palau-solità i Plegamans","1","7","1251","699"
"8156","Palau-solità i Plegamans","1","8","1215","664"
"8157","Pallejà","1","1","1910","1093"
"8157","Pallejà","1","2","1797","968"
"8157","Pallejà","1","3","1588","903"
"8157","Pallejà","1","4","1394","861"
"8157","Pallejà","1","5","1980","1227"
"8158","Papiol, el","1","1","1788","1039"
"8158","Papiol, el","1","2","1372","752"
"8159","Parets del Vallès","1","1","1221","612"
"8159","Parets del Vallès","1","2","1666","902"
"8159","Parets del Vallès","1","3","1048","537"
"8159","Parets del Vallès","1","4","938","488"
"8159","Parets del Vallès","2","1","1000","502"
"8159","Parets del Vallès","2","2","924","474"
"8159","Parets del Vallès","2","3","1801","806"
"8159","Parets del Vallès","2","4","1224","634"
"8159","Parets del Vallès","2","5","997","605"
"8159","Parets del Vallès","2","6","1857","1043"
"8159","Parets del Vallès","2","7","1626","927"
"8160","Perafita","1","1","329","210"
"8161","Piera","1","1","903","411"
"8161","Piera","1","2","2353","940"
"8161","Piera","1","3","1781","864"
"8161","Piera","1","4","1535","640"
"8161","Piera","1","5","1478","669"
"8161","Piera","1","6","1148","460"
"8161","Piera","1","7","706","359"
"8161","Piera","1","8","1329","502"
"8161","Piera","1","9","885","364"
"8162","Hostalets de Pierola, els","1","1","2163","1148"
"8163","Pineda de Mar","1","1","1654","836"
"8163","Pineda de Mar","1","2","1774","870"
"8163","Pineda de Mar","1","3","1359","746"
"8163","Pineda de Mar","1","4","2171","1031"
"8163","Pineda de Mar","1","5","1158","530"
"8163","Pineda de Mar","1","6","1203","516"
"8163","Pineda de Mar","1","7","1712","817"
"8163","Pineda de Mar","1","8","1072","468"
"8163","Pineda de Mar","1","9","1539","761"
"8163","Pineda de Mar","1","10","1195","604"
"8163","Pineda de Mar","1","11","1198","640"
"8163","Pineda de Mar","1","12","1147","507"
"8163","Pineda de Mar","1","13","1424","637"
"8163","Pineda de Mar","1","14","1386","598"
"8164","Pla del Penedès, el","1","1","933","598"
"8165","Pobla de Claramunt, la","1","1","1654","914"
"8166","Pobla de Lillet, la","1","1","933","547"
"8167","Polinyà","1","1","1298","646"
"8167","Polinyà","1","2","1177","487"
"8167","Polinyà","1","3","1423","726"
"8167","Polinyà","1","4","1436","748"
"8167","Polinyà","1","5","787","369"
"8168","Pontons","1","1","382","209"
"8169","Prat de Llobregat, el","1","1","1387","758"
"8169","Prat de Llobregat, el","1","2","1535","837"
"8169","Prat de Llobregat, el","1","3","1017","607"
"8169","Prat de Llobregat, el","1","4","1347","677"
"8169","Prat de Llobregat, el","1","5","1183","576"
"8169","Prat de Llobregat, el","2","1","1240","637"
"8169","Prat de Llobregat, el","2","2","1554","847"
"8169","Prat de Llobregat, el","2","3","1057","476"
"8169","Prat de Llobregat, el","2","4","1387","648"
"8169","Prat de Llobregat, el","2","5","1406","660"
"8169","Prat de Llobregat, el","2","6","1708","991"
"8169","Prat de Llobregat, el","2","7","1443","784"
"8169","Prat de Llobregat, el","3","1","1097","651"
"8169","Prat de Llobregat, el","3","2","769","379"
"8169","Prat de Llobregat, el","3","3","1257","576"
"8169","Prat de Llobregat, el","3","4","1116","481"
"8169","Prat de Llobregat, el","3","5","1540","818"
"8169","Prat de Llobregat, el","3","6","1053","536"
"8169","Prat de Llobregat, el","3","7","1479","781"
"8169","Prat de Llobregat, el","3","8","1621","706"
"8169","Prat de Llobregat, el","3","9","1657","748"
"8169","Prat de Llobregat, el","3","10","1401","660"
"8169","Prat de Llobregat, el","3","11","878","436"
"8169","Prat de Llobregat, el","3","12","531","291"
"8169","Prat de Llobregat, el","3","13","592","310"
"8169","Prat de Llobregat, el","4","1","725","305"
"8169","Prat de Llobregat, el","4","2","1503","522"
"8169","Prat de Llobregat, el","4","3","1006","352"
"8169","Prat de Llobregat, el","4","4","960","290"
"8169","Prat de Llobregat, el","4","5","959","317"
"8169","Prat de Llobregat, el","4","6","735","78"
"8169","Prat de Llobregat, el","5","1","960","461"
"8169","Prat de Llobregat, el","5","2","979","467"
"8169","Prat de Llobregat, el","5","3","957","380"
"8169","Prat de Llobregat, el","5","4","1340","734"
"8169","Prat de Llobregat, el","5","5","1310","633"
"8169","Prat de Llobregat, el","5","6","1546","722"
"8169","Prat de Llobregat, el","5","7","1517","710"
"8169","Prat de Llobregat, el","5","8","1646","885"
"8169","Prat de Llobregat, el","5","9","1259","674"
"8170","Prats de Rei, els","1","1","443","269"
"8171","Prats de Lluçanès","1","1","979","595"
"8171","Prats de Lluçanès","1","2","1091","656"
"8172","Premià de Mar","1","1","1846","1133"
"8172","Premià de Mar","1","2","1648","996"
"8172","Premià de Mar","1","3","1957","1061"
"8172","Premià de Mar","2","1","1504","976"
"8172","Premià de Mar","2","2","1492","699"
"8172","Premià de Mar","2","3","1239","586"
"8172","Premià de Mar","2","4","1195","455"
"8172","Premià de Mar","3","1","1173","667"
"8172","Premià de Mar","3","2","1083","500"
"8172","Premià de Mar","3","3","938","477"
"8172","Premià de Mar","3","4","1335","777"
"8172","Premià de Mar","3","5","962","357"
"8172","Premià de Mar","3","6","1105","620"
"8172","Premià de Mar","3","7","1074","647"
"8172","Premià de Mar","3","8","872","501"
"8172","Premià de Mar","3","9","1093","678"
"8174","Puigdàlber","1","1","403","278"
"8175","Puig-reig","1","1","1717","889"
"8175","Puig-reig","1","2","1152","672"
"8175","Puig-reig","2","1","487","322"
"8176","Pujalt","1","1","156","102"
"8177","Quar, la","1","1","35","20"
"8178","Rajadell","1","1","441","313"
"8179","Rellinars","1","1","666","377"
"8180","Ripollet","1","1","1574","706"
"8180","Ripollet","1","2","1473","793"
"8180","Ripollet","1","3","1345","691"
"8180","Ripollet","1","4","1366","685"
"8180","Ripollet","1","5","1562","714"
"8180","Ripollet","1","6","1116","454"
"8180","Ripollet","1","7","1603","682"
"8180","Ripollet","1","8","1833","889"
"8180","Ripollet","1","9","1254","754"
"8180","Ripollet","1","10","1057","593"
"8180","Ripollet","1","11","1640","862"
"8180","Ripollet","1","12","1396","730"
"8180","Ripollet","1","13","1693","888"
"8180","Ripollet","2","1","1217","552"
"8180","Ripollet","2","2","1517","680"
"8180","Ripollet","2","3","1589","644"
"8180","Ripollet","2","4","1247","531"
"8180","Ripollet","2","5","881","295"
"8180","Ripollet","2","6","1112","497"
"8180","Ripollet","2","7","892","351"
"8181","Roca del Vallès, la","1","1","1252","793"
"8181","Roca del Vallès, la","1","2","803","432"
"8181","Roca del Vallès, la","1","3","2030","1128"
"8181","Roca del Vallès, la","1","4","1689","903"
"8181","Roca del Vallès, la","1","5","2399","1494"
"8182","Pont de Vilomara i Rocafort, el","1","1","2994","1379"
"8183","Roda de Ter","1","1","1424","798"
"8183","Roda de Ter","1","2","1223","771"
"8183","Roda de Ter","1","3","1081","576"
"8183","Roda de Ter","2","1","858","472"
"8184","Rubí","1","1","1293","661"
"8184","Rubí","1","2","1287","541"
"8184","Rubí","1","3","1179","619"
"8184","Rubí","1","4","1316","741"
"8184","Rubí","2","1","2004","935"
"8184","Rubí","2","3","1812","851"
"8184","Rubí","2","4","1839","928"
"8184","Rubí","2","5","942","381"
"8184","Rubí","2","6","1715","703"
"8184","Rubí","3","1","1359","764"
"8184","Rubí","3","3","1296","504"
"8184","Rubí","3","4","1398","555"
"8184","Rubí","3","5","1492","640"
"8184","Rubí","3","6","1412","558"
"8184","Rubí","3","7","1280","608"
"8184","Rubí","3","8","896","296"
"8184","Rubí","3","9","1653","996"
"8184","Rubí","4","1","1119","636"
"8184","Rubí","4","2","969","525"
"8184","Rubí","4","3","1183","596"
"8184","Rubí","4","4","1638","578"
"8184","Rubí","4","5","1193","646"
"8184","Rubí","4","6","1245","652"
"8184","Rubí","4","7","1126","603"
"8184","Rubí","4","8","911","391"
"8184","Rubí","4","9","1430","661"
"8184","Rubí","4","10","1856","682"
"8184","Rubí","4","11","1694","688"
"8184","Rubí","4","12","1200","492"
"8184","Rubí","4","13","1499","660"
"8184","Rubí","4","14","1417","630"
"8184","Rubí","4","15","1137","516"
"8184","Rubí","4","16","1700","769"
"8184","Rubí","4","18","917","446"
"8184","Rubí","4","19","957","383"
"8184","Rubí","4","20","939","408"
"8184","Rubí","4","21","1366","767"
"8184","Rubí","4","22","1543","832"
"8184","Rubí","4","23","829","321"
"8184","Rubí","4","24","840","415"
"8184","Rubí","4","25","721","270"
"8184","Rubí","4","26","1701","685"
"8185","Rubió","1","1","197","120"
"8187","Sabadell","1","1","575","414"
"8187","Sabadell","1","2","967","678"
"8187","Sabadell","1","3","820","600"
"8187","Sabadell","1","4","1765","1275"
"8187","Sabadell","1","5","1180","839"
"8187","Sabadell","1","6","1064","728"
"8187","Sabadell","1","7","1575","1097"
"8187","Sabadell","1","8","1877","1320"
"8187","Sabadell","1","9","1202","846"
"8187","Sabadell","1","10","962","650"
"8187","Sabadell","1","11","1029","695"
"8187","Sabadell","1","12","886","585"
"8187","Sabadell","1","13","847","534"
"8187","Sabadell","1","14","1399","965"
"8187","Sabadell","1","15","1213","877"
"8187","Sabadell","1","16","1602","1061"
"8187","Sabadell","1","17","1740","1009"
"8187","Sabadell","1","18","1411","789"
"8187","Sabadell","1","19","1642","996"
"8187","Sabadell","1","20","1250","712"
"8187","Sabadell","1","21","861","446"
"8187","Sabadell","1","22","1033","608"
"8187","Sabadell","1","23","1112","592"
"8187","Sabadell","1","24","1185","552"
"8187","Sabadell","1","25","1105","585"
"8187","Sabadell","1","26","647","383"
"8187","Sabadell","1","27","483","261"
"8187","Sabadell","1","28","612","404"
"8187","Sabadell","1","29","942","587"
"8187","Sabadell","1","30","899","643"
"8187","Sabadell","1","31","872","598"
"8187","Sabadell","1","32","929","661"
"8187","Sabadell","1","33","980","562"
"8187","Sabadell","1","34","1211","787"
"8187","Sabadell","1","35","892","498"
"8187","Sabadell","1","36","1090","795"
"8187","Sabadell","1","37","831","600"
"8187","Sabadell","1","38","749","463"
"8187","Sabadell","2","1","1234","884"
"8187","Sabadell","2","2","1082","715"
"8187","Sabadell","2","3","1036","539"
"8187","Sabadell","2","4","1486","1014"
"8187","Sabadell","2","5","1345","847"
"8187","Sabadell","2","6","1330","653"
"8187","Sabadell","2","7","1285","756"
"8187","Sabadell","2","8","675","437"
"8187","Sabadell","2","9","1048","721"
"8187","Sabadell","2","10","608","396"
"8187","Sabadell","2","11","590","158"
"8187","Sabadell","2","12","1238","540"
"8187","Sabadell","2","13","944","351"
"8187","Sabadell","2","14","867","292"
"8187","Sabadell","2","15","1013","522"
"8187","Sabadell","2","16","1187","768"
"8187","Sabadell","2","17","746","497"
"8187","Sabadell","3","1","1179","511"
"8187","Sabadell","3","2","1051","435"
"8187","Sabadell","3","3","1173","484"
"8187","Sabadell","3","4","1172","504"
"8187","Sabadell","3","5","689","322"
"8187","Sabadell","3","6","691","349"
"8187","Sabadell","3","7","632","306"
"8187","Sabadell","3","8","943","372"
"8187","Sabadell","3","9","684","262"
"8187","Sabadell","3","10","524","258"
"8187","Sabadell","3","11","875","354"
"8187","Sabadell","3","12","834","403"
"8187","Sabadell","3","13","797","366"
"8187","Sabadell","3","14","1179","535"
"8187","Sabadell","3","15","1146","424"
"8187","Sabadell","3","16","956","320"
"8187","Sabadell","3","17","752","243"
"8187","Sabadell","3","18","931","370"
"8187","Sabadell","3","19","692","386"
"8187","Sabadell","3","20","545","248"
"8187","Sabadell","3","21","939","395"
"8187","Sabadell","3","22","586","254"
"8187","Sabadell","3","23","1407","695"
"8187","Sabadell","3","24","1608","850"
"8187","Sabadell","3","25","1220","612"
"8187","Sabadell","3","26","610","353"
"8187","Sabadell","3","27","550","222"
"8187","Sabadell","4","1","1374","686"
"8187","Sabadell","4","2","811","353"
"8187","Sabadell","4","3","733","378"
"8187","Sabadell","4","4","1264","593"
"8187","Sabadell","4","5","1154","607"
"8187","Sabadell","4","6","1291","718"
"8187","Sabadell","4","7","877","451"
"8187","Sabadell","4","8","1513","835"
"8187","Sabadell","4","9","910","579"
"8187","Sabadell","4","10","967","447"
"8187","Sabadell","4","11","691","299"
"8187","Sabadell","4","12","727","295"
"8187","Sabadell","4","13","1329","554"
"8187","Sabadell","4","14","953","543"
"8187","Sabadell","4","15","647","260"
"8187","Sabadell","4","16","1545","766"
"8187","Sabadell","4","17","1349","579"
"8187","Sabadell","4","18","565","286"
"8187","Sabadell","4","19","947","321"
"8187","Sabadell","4","20","649","259"
"8187","Sabadell","4","21","838","436"
"8187","Sabadell","4","22","703","355"
"8187","Sabadell","4","23","787","410"
"8187","Sabadell","4","24","784","429"
"8187","Sabadell","4","25","879","495"
"8187","Sabadell","4","26","916","519"
"8187","Sabadell","4","27","1305","811"
"8187","Sabadell","4","28","948","545"
"8187","Sabadell","4","29","1015","590"
"8187","Sabadell","4","30","1507","798"
"8187","Sabadell","5","1","1188","606"
"8187","Sabadell","5","2","1381","874"
"8187","Sabadell","5","3","1147","794"
"8187","Sabadell","5","4","703","471"
"8187","Sabadell","5","5","969","555"
"8187","Sabadell","5","6","879","533"
"8187","Sabadell","5","7","502","216"
"8187","Sabadell","5","8","744","264"
"8187","Sabadell","5","9","1200","627"
"8187","Sabadell","5","11","667","231"
"8187","Sabadell","5","12","828","344"
"8187","Sabadell","5","13","1223","499"
"8187","Sabadell","5","14","852","491"
"8187","Sabadell","5","15","1077","729"
"8187","Sabadell","5","16","1066","541"
"8187","Sabadell","6","1","536","209"
"8187","Sabadell","6","2","644","274"
"8187","Sabadell","6","3","865","346"
"8187","Sabadell","6","4","923","363"
"8187","Sabadell","6","5","795","307"
"8187","Sabadell","6","6","840","287"
"8187","Sabadell","6","7","586","199"
"8187","Sabadell","6","8","1185","630"
"8187","Sabadell","6","9","1189","445"
"8187","Sabadell","6","10","609","197"
"8187","Sabadell","6","11","574","182"
"8187","Sabadell","6","12","679","232"
"8187","Sabadell","6","13","519","163"
"8187","Sabadell","6","14","1514","645"
"8187","Sabadell","6","16","1247","609"
"8187","Sabadell","6","17","754","345"
"8187","Sabadell","6","18","990","440"
"8187","Sabadell","6","20","836","402"
"8187","Sabadell","6","21","796","337"
"8187","Sabadell","6","22","1252","518"
"8187","Sabadell","6","23","1380","648"
"8187","Sabadell","6","24","741","311"
"8187","Sabadell","6","25","586","190"
"8187","Sabadell","7","1","680","281"
"8187","Sabadell","7","2","976","283"
"8187","Sabadell","7","3","621","202"
"8187","Sabadell","7","4","559","236"
"8187","Sabadell","7","5","848","330"
"8187","Sabadell","7","6","553","270"
"8187","Sabadell","7","7","988","404"
"8187","Sabadell","7","8","766","225"
"8188","Sagàs","1","1","117","89"
"8189","Sant Pere Sallavinera","1","1","123","104"
"8190","Saldes","1","1","260","178"
"8191","Sallent","1","1","951","467"
"8191","Sallent","1","3","1079","641"
"8191","Sallent","1","4","1045","551"
"8191","Sallent","1","5","1083","630"
"8191","Sallent","1","6","660","345"
"8191","Sallent","2","1","427","264"
"8192","Santpedor","1","1","1085","677"
"8192","Santpedor","1","2","1916","1066"
"8192","Santpedor","1","3","1961","1277"
"8192","Santpedor","1","4","753","482"
"8193","Sant Iscle de Vallalta","1","1","1022","570"
"8194","Sant Adrià de Besòs","1","1","1146","558"
"8194","Sant Adrià de Besòs","1","2","1205","643"
"8194","Sant Adrià de Besòs","1","3","1349","608"
"8194","Sant Adrià de Besòs","1","4","1332","651"
"8194","Sant Adrià de Besòs","1","5","1478","720"
"8194","Sant Adrià de Besòs","1","6","941","492"
"8194","Sant Adrià de Besòs","2","1","1201","478"
"8194","Sant Adrià de Besòs","2","2","1201","425"
"8194","Sant Adrià de Besòs","2","3","1266","556"
"8194","Sant Adrià de Besòs","2","4","1436","631"
"8194","Sant Adrià de Besòs","2","5","1394","746"
"8194","Sant Adrià de Besòs","3","1","394","117"
"8194","Sant Adrià de Besòs","4","1","966","493"
"8194","Sant Adrià de Besòs","5","1","1121","535"
"8194","Sant Adrià de Besòs","5","2","1091","448"
"8194","Sant Adrià de Besòs","5","3","680","299"
"8194","Sant Adrià de Besòs","5","4","924","431"
"8194","Sant Adrià de Besòs","6","1","310","57"
"8194","Sant Adrià de Besòs","6","2","934","140"
"8194","Sant Adrià de Besòs","6","3","581","110"
"8194","Sant Adrià de Besòs","6","4","1125","169"
"8194","Sant Adrià de Besòs","6","5","895","283"
"8194","Sant Adrià de Besòs","6","6","1117","204"
"8194","Sant Adrià de Besòs","6","7","1507","565"
"8195","Sant Agustí de Lluçanès","1","1","80","57"
"8196","Sant Andreu de la Barca","1","1","1443","665"
"8196","Sant Andreu de la Barca","1","2","1446","625"
"8196","Sant Andreu de la Barca","1","3","1100","503"
"8196","Sant Andreu de la Barca","1","4","1220","604"
"8196","Sant Andreu de la Barca","1","5","1197","598"
"8196","Sant Andreu de la Barca","1","6","1186","563"
"8196","Sant Andreu de la Barca","1","7","1326","713"
"8196","Sant Andreu de la Barca","1","8","1088","659"
"8196","Sant Andreu de la Barca","1","9","1837","862"
"8196","Sant Andreu de la Barca","1","10","1683","693"
"8196","Sant Andreu de la Barca","1","11","1478","739"
"8196","Sant Andreu de la Barca","1","12","1600","857"
"8196","Sant Andreu de la Barca","1","13","880","523"
"8196","Sant Andreu de la Barca","1","14","2026","1094"
"8197","Sant Andreu de Llavaneres","1","1","1572","815"
"8197","Sant Andreu de Llavaneres","1","2","1679","1006"
"8197","Sant Andreu de Llavaneres","1","3","1309","743"
"8197","Sant Andreu de Llavaneres","2","1","1244","742"
"8197","Sant Andreu de Llavaneres","2","2","1322","721"
"8197","Sant Andreu de Llavaneres","2","3","956","575"
"8198","Sant Antoni de Vilamajor","1","1","1254","721"
"8198","Sant Antoni de Vilamajor","1","2","1247","703"
"8198","Sant Antoni de Vilamajor","1","3","999","606"
"8198","Sant Antoni de Vilamajor","1","4","1253","738"
"8199","Sant Bartomeu del Grau","1","1","655","418"
"8200","Sant Boi de Llobregat","1","1","740","248"
"8200","Sant Boi de Llobregat","1","2","1148","515"
"8200","Sant Boi de Llobregat","1","3","797","385"
"8200","Sant Boi de Llobregat","1","4","1204","524"
"8200","Sant Boi de Llobregat","1","5","1922","814"
"8200","Sant Boi de Llobregat","1","6","632","256"
"8200","Sant Boi de Llobregat","1","7","820","398"
"8200","Sant Boi de Llobregat","2","1","2074","1131"
"8200","Sant Boi de Llobregat","2","2","1370","583"
"8200","Sant Boi de Llobregat","2","3","1331","541"
"8200","Sant Boi de Llobregat","2","4","955","393"
"8200","Sant Boi de Llobregat","2","5","1029","504"
"8200","Sant Boi de Llobregat","2","6","1149","608"
"8200","Sant Boi de Llobregat","2","7","813","352"
"8200","Sant Boi de Llobregat","2","8","1141","630"
"8200","Sant Boi de Llobregat","2","9","1196","478"
"8200","Sant Boi de Llobregat","2","10","1689","818"
"8200","Sant Boi de Llobregat","2","11","1305","751"
"8200","Sant Boi de Llobregat","2","12","1817","858"
"8200","Sant Boi de Llobregat","2","13","1606","1014"
"8200","Sant Boi de Llobregat","2","14","1409","704"
"8200","Sant Boi de Llobregat","2","15","1332","611"
"8200","Sant Boi de Llobregat","2","16","1212","668"
"8200","Sant Boi de Llobregat","2","17","1186","641"
"8200","Sant Boi de Llobregat","2","18","1163","639"
"8200","Sant Boi de Llobregat","2","19","628","357"
"8200","Sant Boi de Llobregat","3","1","1338","789"
"8200","Sant Boi de Llobregat","3","2","1397","783"
"8200","Sant Boi de Llobregat","3","3","1545","745"
"8200","Sant Boi de Llobregat","3","4","690","384"
"8200","Sant Boi de Llobregat","3","5","1732","907"
"8200","Sant Boi de Llobregat","3","6","1113","617"
"8200","Sant Boi de Llobregat","3","7","1545","847"
"8200","Sant Boi de Llobregat","3","8","564","284"
"8200","Sant Boi de Llobregat","3","9","859","402"
"8200","Sant Boi de Llobregat","4","1","1628","810"
"8200","Sant Boi de Llobregat","4","2","1626","866"
"8200","Sant Boi de Llobregat","4","3","981","472"
"8200","Sant Boi de Llobregat","4","4","989","489"
"8200","Sant Boi de Llobregat","4","5","1318","661"
"8200","Sant Boi de Llobregat","4","6","1510","646"
"8200","Sant Boi de Llobregat","4","7","1504","716"
"8200","Sant Boi de Llobregat","4","8","1425","697"
"8200","Sant Boi de Llobregat","4","9","920","489"
"8200","Sant Boi de Llobregat","5","1","1460","597"
"8200","Sant Boi de Llobregat","5","2","1160","363"
"8200","Sant Boi de Llobregat","5","3","1148","407"
"8200","Sant Boi de Llobregat","6","1","1801","862"
"8200","Sant Boi de Llobregat","6","2","1382","590"
"8200","Sant Boi de Llobregat","6","3","804","314"
"8201","Sant Boi de Lluçanès","1","1","465","303"
"8202","Sant Celoni","1","1","1543","911"
"8202","Sant Celoni","1","2","824","532"
"8202","Sant Celoni","1","3","1462","761"
"8202","Sant Celoni","1","4","570","254"
"8202","Sant Celoni","1","5","1862","990"
"8202","Sant Celoni","1","6","1795","880"
"8202","Sant Celoni","1","7","1214","569"
"8202","Sant Celoni","1","8","873","570"
"8202","Sant Celoni","1","9","1248","722"
"8202","Sant Celoni","2","1","1667","823"
"8203","Sant Cebrià de Vallalta","1","1","1380","705"
"8203","Sant Cebrià de Vallalta","1","2","1143","580"
"8204","Sant Climent de Llobregat","1","1","1691","1076"
"8204","Sant Climent de Llobregat","1","2","1482","782"
"8205","Sant Cugat del Vallès","1","1","1428","898"
"8205","Sant Cugat del Vallès","1","2","1195","791"
"8205","Sant Cugat del Vallès","1","3","856","568"
"8205","Sant Cugat del Vallès","1","4","1515","1067"
"8205","Sant Cugat del Vallès","1","5","1211","750"
"8205","Sant Cugat del Vallès","1","6","1800","1069"
"8205","Sant Cugat del Vallès","1","7","738","446"
"8205","Sant Cugat del Vallès","1","8","1789","1033"
"8205","Sant Cugat del Vallès","1","9","1220","933"
"8205","Sant Cugat del Vallès","1","10","949","560"
"8205","Sant Cugat del Vallès","1","11","1286","825"
"8205","Sant Cugat del Vallès","1","12","1616","1158"
"8205","Sant Cugat del Vallès","1","13","1112","812"
"8205","Sant Cugat del Vallès","1","14","739","550"
"8205","Sant Cugat del Vallès","1","15","1617","1116"
"8205","Sant Cugat del Vallès","1","16","781","530"
"8205","Sant Cugat del Vallès","1","17","2185","1522"
"8205","Sant Cugat del Vallès","1","18","1307","842"
"8205","Sant Cugat del Vallès","1","19","829","603"
"8205","Sant Cugat del Vallès","1","20","1030","672"
"8205","Sant Cugat del Vallès","1","21","685","445"
"8205","Sant Cugat del Vallès","1","22","986","597"
"8205","Sant Cugat del Vallès","1","23","1072","762"
"8205","Sant Cugat del Vallès","2","1","1127","799"
"8205","Sant Cugat del Vallès","2","2","1330","890"
"8205","Sant Cugat del Vallès","2","3","1128","642"
"8205","Sant Cugat del Vallès","2","4","958","680"
"8205","Sant Cugat del Vallès","2","5","984","588"
"8205","Sant Cugat del Vallès","2","6","1232","931"
"8205","Sant Cugat del Vallès","2","7","1144","790"
"8205","Sant Cugat del Vallès","2","8","1407","1009"
"8205","Sant Cugat del Vallès","2","9","1326","1000"
"8205","Sant Cugat del Vallès","2","10","1475","1104"
"8205","Sant Cugat del Vallès","2","11","1039","705"
"8205","Sant Cugat del Vallès","2","12","1202","898"
"8205","Sant Cugat del Vallès","3","1","1247","794"
"8205","Sant Cugat del Vallès","3","2","1632","1150"
"8205","Sant Cugat del Vallès","3","3","1553","1021"
"8205","Sant Cugat del Vallès","3","4","1479","939"
"8205","Sant Cugat del Vallès","4","1","928","619"
"8205","Sant Cugat del Vallès","4","2","1019","646"
"8205","Sant Cugat del Vallès","4","3","1296","840"
"8205","Sant Cugat del Vallès","5","1","1291","923"
"8205","Sant Cugat del Vallès","5","2","995","602"
"8205","Sant Cugat del Vallès","5","3","1574","1114"
"8205","Sant Cugat del Vallès","5","4","1587","1217"
"8205","Sant Cugat del Vallès","5","5","1061","664"
"8205","Sant Cugat del Vallès","5","6","1619","1104"
"8205","Sant Cugat del Vallès","5","7","1783","1241"
"8205","Sant Cugat del Vallès","5","8","956","550"
"8205","Sant Cugat del Vallès","6","1","952","480"
"8206","Sant Cugat Sesgarrigues","1","1","741","530"
"8207","Sant Esteve de Palautordera","1","1","2126","1467"
"8208","Sant Esteve Sesrovires","1","1","1427","842"
"8208","Sant Esteve Sesrovires","1","2","1732","1097"
"8208","Sant Esteve Sesrovires","1","3","930","520"
"8208","Sant Esteve Sesrovires","1","4","1047","564"
"8208","Sant Esteve Sesrovires","1","5","734","313"
"8209","Sant Fost de Campsentelles","1","1","1724","850"
"8209","Sant Fost de Campsentelles","1","2","1463","704"
"8209","Sant Fost de Campsentelles","1","3","1941","1097"
"8209","Sant Fost de Campsentelles","1","4","1905","914"
"8210","Sant Feliu de Codines","1","1","1228","656"
"8210","Sant Feliu de Codines","1","2","1484","732"
"8210","Sant Feliu de Codines","2","1","1157","591"
"8210","Sant Feliu de Codines","2","2","857","423"
"8211","Sant Feliu de Llobregat","1","1","1299","876"
"8211","Sant Feliu de Llobregat","1","2","1009","700"
"8211","Sant Feliu de Llobregat","1","3","1073","718"
"8211","Sant Feliu de Llobregat","1","4","1584","1039"
"8211","Sant Feliu de Llobregat","1","5","2130","1352"
"8211","Sant Feliu de Llobregat","1","6","545","344"
"8211","Sant Feliu de Llobregat","1","7","1184","774"
"8211","Sant Feliu de Llobregat","2","3","1005","440"
"8211","Sant Feliu de Llobregat","2","4","1188","691"
"8211","Sant Feliu de Llobregat","2","6","1038","581"
"8211","Sant Feliu de Llobregat","2","7","844","453"
"8211","Sant Feliu de Llobregat","2","8","1243","634"
"8211","Sant Feliu de Llobregat","3","1","1241","651"
"8211","Sant Feliu de Llobregat","3","2","1622","858"
"8211","Sant Feliu de Llobregat","3","3","1378","854"
"8211","Sant Feliu de Llobregat","3","4","1495","932"
"8211","Sant Feliu de Llobregat","3","5","1320","753"
"8211","Sant Feliu de Llobregat","4","3","788","370"
"8211","Sant Feliu de Llobregat","4","6","1342","582"
"8211","Sant Feliu de Llobregat","4","7","593","283"
"8211","Sant Feliu de Llobregat","4","8","638","317"
"8211","Sant Feliu de Llobregat","5","1","772","321"
"8211","Sant Feliu de Llobregat","5","2","669","297"
"8211","Sant Feliu de Llobregat","5","3","1057","470"
"8211","Sant Feliu de Llobregat","5","4","810","375"
"8211","Sant Feliu de Llobregat","5","5","1161","654"
"8211","Sant Feliu de Llobregat","6","4","1048","635"
"8211","Sant Feliu de Llobregat","7","1","1538","1021"
"8211","Sant Feliu de Llobregat","7","2","1634","1185"
"8211","Sant Feliu de Llobregat","7","3","866","522"
"8212","Sant Feliu Sasserra","1","1","481","343"
"8213","Sant Fruitós de Bages","1","1","969","570"
"8213","Sant Fruitós de Bages","1","2","938","451"
"8213","Sant Fruitós de Bages","1","3","1604","960"
"8213","Sant Fruitós de Bages","1","4","798","560"
"8213","Sant Fruitós de Bages","1","5","1068","592"
"8213","Sant Fruitós de Bages","1","6","1309","618"
"8214","Vilassar de Dalt","1","1","1104","692"
"8214","Vilassar de Dalt","1","2","774","346"
"8214","Vilassar de Dalt","1","3","1220","684"
"8214","Vilassar de Dalt","1","4","1094","738"
"8214","Vilassar de Dalt","2","1","1760","1122"
"8214","Vilassar de Dalt","2","2","1097","678"
"8215","Sant Hipòlit de Voltregà","1","1","891","519"
"8215","Sant Hipòlit de Voltregà","1","2","833","510"
"8215","Sant Hipòlit de Voltregà","1","3","894","516"
"8216","Sant Jaume de Frontanyà","1","1","23","12"
"8217","Sant Joan Despí","1","1","1249","813"
"8217","Sant Joan Despí","1","2","878","515"
"8217","Sant Joan Despí","1","3","1466","907"
"8217","Sant Joan Despí","1","4","1953","1215"
"8217","Sant Joan Despí","1","5","1400","923"
"8217","Sant Joan Despí","1","6","804","418"
"8217","Sant Joan Despí","1","7","1015","573"
"8217","Sant Joan Despí","1","8","1169","688"
"8217","Sant Joan Despí","1","9","1046","724"
"8217","Sant Joan Despí","1","10","1401","937"
"8217","Sant Joan Despí","2","2","1885","993"
"8217","Sant Joan Despí","2","3","529","236"
"8217","Sant Joan Despí","2","4","930","430"
"8217","Sant Joan Despí","3","1","934","486"
"8217","Sant Joan Despí","3","2","1014","485"
"8217","Sant Joan Despí","3","3","624","327"
"8217","Sant Joan Despí","3","4","1277","669"
"8217","Sant Joan Despí","3","5","833","417"
"8217","Sant Joan Despí","4","1","2124","1422"
"8217","Sant Joan Despí","5","1","2034","1284"
"8217","Sant Joan Despí","5","2","877","608"
"8218","Sant Joan de Vilatorrada","1","1","1641","903"
"8218","Sant Joan de Vilatorrada","1","2","1642","778"
"8218","Sant Joan de Vilatorrada","1","3","1628","892"
"8218","Sant Joan de Vilatorrada","1","5","1357","742"
"8218","Sant Joan de Vilatorrada","1","6","1764","891"
"8219","Vilassar de Mar","1","1","818","520"
"8219","Vilassar de Mar","1","2","1415","900"
"8219","Vilassar de Mar","1","3","1665","996"
"8219","Vilassar de Mar","1","4","1581","1061"
"8219","Vilassar de Mar","1","5","1034","641"
"8219","Vilassar de Mar","1","6","1030","705"
"8219","Vilassar de Mar","2","1","954","593"
"8219","Vilassar de Mar","2","2","992","663"
"8219","Vilassar de Mar","2","3","954","613"
"8219","Vilassar de Mar","2","4","984","631"
"8219","Vilassar de Mar","2","5","957","667"
"8219","Vilassar de Mar","3","1","1062","604"
"8219","Vilassar de Mar","3","2","871","543"
"8219","Vilassar de Mar","3","3","794","376"
"8219","Vilassar de Mar","3","4","692","290"
"8220","Sant Julià de Vilatorta","1","1","1243","951"
"8220","Sant Julià de Vilatorta","1","2","1181","873"
"8221","Sant Just Desvern","1","1","1047","722"
"8221","Sant Just Desvern","1","2","1670","1068"
"8221","Sant Just Desvern","1","3","1891","1193"
"8221","Sant Just Desvern","1","4","1518","904"
"8221","Sant Just Desvern","1","5","1425","979"
"8221","Sant Just Desvern","1","6","1246","903"
"8221","Sant Just Desvern","1","7","1395","897"
"8221","Sant Just Desvern","1","8","1009","680"
"8221","Sant Just Desvern","1","9","700","468"
"8221","Sant Just Desvern","1","10","1485","1036"
"8222","Sant Llorenç d'Hortons","1","1","1855","1225"
"8223","Sant Llorenç Savall","1","1","1957","1080"
"8224","Sant Martí de Centelles","1","1","884","524"
"8225","Sant Martí d'Albars","1","1","97","69"
"8226","Sant Martí de Tous","1","1","928","695"
"8227","Sant Martí Sarroca","1","1","1553","859"
"8227","Sant Martí Sarroca","1","2","871","517"
"8228","Sant Martí Sesgueioles","1","1","287","200"
"8229","Sant Mateu de Bages","1","1","513","372"
"8230","Premià de Dalt","1","1","1914","1290"
"8230","Premià de Dalt","1","2","1513","930"
"8230","Premià de Dalt","1","3","1035","446"
"8230","Premià de Dalt","1","4","1341","828"
"8230","Premià de Dalt","1","5","699","301"
"8230","Premià de Dalt","1","6","1205","820"
"8231","Sant Pere de Ribes","1","1","1190","664"
"8231","Sant Pere de Ribes","1","2","1047","589"
"8231","Sant Pere de Ribes","1","3","1529","881"
"8231","Sant Pere de Ribes","1","4","1467","626"
"8231","Sant Pere de Ribes","1","5","1665","685"
"8231","Sant Pere de Ribes","1","6","1241","464"
"8231","Sant Pere de Ribes","1","7","1495","629"
"8231","Sant Pere de Ribes","1","8","1197","702"
"8231","Sant Pere de Ribes","1","9","1842","1041"
"8231","Sant Pere de Ribes","1","10","1284","506"
"8231","Sant Pere de Ribes","1","11","878","366"
"8231","Sant Pere de Ribes","1","12","1032","523"
"8231","Sant Pere de Ribes","1","13","1171","460"
"8231","Sant Pere de Ribes","1","14","712","387"
"8231","Sant Pere de Ribes","1","15","1421","811"
"8231","Sant Pere de Ribes","1","16","1069","577"
"8231","Sant Pere de Ribes","1","17","1311","686"
"8232","Sant Pere de Riudebitlles","1","1","1798","1041"
"8233","Sant Pere de Torelló","1","1","741","467"
"8233","Sant Pere de Torelló","1","2","1135","643"
"8234","Sant Pere de Vilamajor","1","1","900","582"
"8234","Sant Pere de Vilamajor","1","2","1112","551"
"8234","Sant Pere de Vilamajor","1","3","1501","814"
"8235","Sant Pol de Mar","1","1","1163","762"
"8235","Sant Pol de Mar","1","2","1727","1143"
"8235","Sant Pol de Mar","1","3","1086","697"
"8236","Sant Quintí de Mediona","1","1","1609","892"
"8237","Sant Quirze de Besora","1","1","999","619"
"8237","Sant Quirze de Besora","1","2","634","420"
"8238","Sant Quirze del Vallès","1","1","1251","794"
"8238","Sant Quirze del Vallès","1","2","996","740"
"8238","Sant Quirze del Vallès","1","3","1676","891"
"8238","Sant Quirze del Vallès","1","4","1421","1035"
"8238","Sant Quirze del Vallès","1","5","1563","952"
"8238","Sant Quirze del Vallès","1","6","1270","884"
"8238","Sant Quirze del Vallès","1","7","1291","895"
"8238","Sant Quirze del Vallès","1","8","1673","1151"
"8238","Sant Quirze del Vallès","1","9","884","475"
"8238","Sant Quirze del Vallès","1","10","1008","596"
"8238","Sant Quirze del Vallès","1","11","1076","632"
"8238","Sant Quirze del Vallès","1","12","859","526"
"8239","Sant Quirze Safaja","1","1","476","312"
"8240","Sant Sadurní d'Anoia","1","1","879","542"
"8240","Sant Sadurní d'Anoia","1","2","1511","818"
"8240","Sant Sadurní d'Anoia","1","3","883","467"
"8240","Sant Sadurní d'Anoia","1","4","834","492"
"8240","Sant Sadurní d'Anoia","2","1","915","585"
"8240","Sant Sadurní d'Anoia","2","2","1539","844"
"8240","Sant Sadurní d'Anoia","2","3","1091","687"
"8240","Sant Sadurní d'Anoia","2","4","1829","1083"
"8241","Sant Sadurní d'Osormort","1","1","66","51"
"8242","Marganell","1","1","226","135"
"8243","Santa Cecília de Voltregà","1","1","152","109"
"8244","Santa Coloma de Cervelló","1","1","1740","1046"
"8244","Santa Coloma de Cervelló","1","2","620","438"
"8244","Santa Coloma de Cervelló","1","3","1873","1200"
"8244","Santa Coloma de Cervelló","1","4","1401","783"
"8244","Santa Coloma de Cervelló","1","5","573","322"
"8245","Santa Coloma de Gramenet","1","1","768","478"
"8245","Santa Coloma de Gramenet","1","2","680","377"
"8245","Santa Coloma de Gramenet","1","3","876","415"
"8245","Santa Coloma de Gramenet","1","4","555","265"
"8245","Santa Coloma de Gramenet","1","5","628","298"
"8245","Santa Coloma de Gramenet","1","6","571","263"
"8245","Santa Coloma de Gramenet","1","7","870","343"
"8245","Santa Coloma de Gramenet","1","9","879","371"
"8245","Santa Coloma de Gramenet","1","10","922","377"
"8245","Santa Coloma de Gramenet","1","11","770","358"
"8245","Santa Coloma de Gramenet","1","12","608","323"
"8245","Santa Coloma de Gramenet","1","13","1443","719"
"8245","Santa Coloma de Gramenet","1","14","859","465"
"8245","Santa Coloma de Gramenet","1","15","635","330"
"8245","Santa Coloma de Gramenet","1","16","692","402"
"8245","Santa Coloma de Gramenet","1","17","1163","508"
"8245","Santa Coloma de Gramenet","1","18","1028","492"
"8245","Santa Coloma de Gramenet","1","19","1122","528"
"8245","Santa Coloma de Gramenet","2","1","730","372"
"8245","Santa Coloma de Gramenet","2","2","1158","563"
"8245","Santa Coloma de Gramenet","2","3","1265","594"
"8245","Santa Coloma de Gramenet","2","4","775","349"
"8245","Santa Coloma de Gramenet","2","5","808","372"
"8245","Santa Coloma de Gramenet","2","6","854","383"
"8245","Santa Coloma de Gramenet","2","7","1499","727"
"8245","Santa Coloma de Gramenet","2","8","990","433"
"8245","Santa Coloma de Gramenet","2","9","851","388"
"8245","Santa Coloma de Gramenet","2","10","514","229"
"8245","Santa Coloma de Gramenet","2","11","923","352"
"8245","Santa Coloma de Gramenet","3","1","598","268"
"8245","Santa Coloma de Gramenet","3","2","576","292"
"8245","Santa Coloma de Gramenet","3","3","630","266"
"8245","Santa Coloma de Gramenet","3","4","774","288"
"8245","Santa Coloma de Gramenet","3","5","840","289"
"8245","Santa Coloma de Gramenet","3","6","838","347"
"8245","Santa Coloma de Gramenet","3","7","1334","653"
"8245","Santa Coloma de Gramenet","3","8","583","249"
"8245","Santa Coloma de Gramenet","3","9","1170","503"
"8245","Santa Coloma de Gramenet","3","10","532","310"
"8245","Santa Coloma de Gramenet","3","11","824","391"
"8245","Santa Coloma de Gramenet","3","12","1138","551"
"8245","Santa Coloma de Gramenet","3","13","1234","613"
"8245","Santa Coloma de Gramenet","3","14","915","345"
"8245","Santa Coloma de Gramenet","3","15","1026","592"
"8245","Santa Coloma de Gramenet","3","16","675","276"
"8245","Santa Coloma de Gramenet","3","17","548","253"
"8245","Santa Coloma de Gramenet","4","1","827","366"
"8245","Santa Coloma de Gramenet","4","2","929","533"
"8245","Santa Coloma de Gramenet","4","3","1263","638"
"8245","Santa Coloma de Gramenet","4","4","1144","614"
"8245","Santa Coloma de Gramenet","4","5","802","415"
"8245","Santa Coloma de Gramenet","4","6","954","411"
"8245","Santa Coloma de Gramenet","4","7","1111","511"
"8245","Santa Coloma de Gramenet","4","8","1242","605"
"8245","Santa Coloma de Gramenet","4","9","1135","538"
"8245","Santa Coloma de Gramenet","4","10","894","434"
"8245","Santa Coloma de Gramenet","4","11","781","400"
"8245","Santa Coloma de Gramenet","4","12","718","320"
"8245","Santa Coloma de Gramenet","4","13","776","350"
"8245","Santa Coloma de Gramenet","4","14","1278","539"
"8245","Santa Coloma de Gramenet","4","15","916","366"
"8245","Santa Coloma de Gramenet","4","16","1078","470"
"8245","Santa Coloma de Gramenet","5","1","556","206"
"8245","Santa Coloma de Gramenet","5","2","927","384"
"8245","Santa Coloma de Gramenet","5","3","708","326"
"8245","Santa Coloma de Gramenet","5","4","550","245"
"8245","Santa Coloma de Gramenet","5","5","775","261"
"8245","Santa Coloma de Gramenet","5","6","598","237"
"8245","Santa Coloma de Gramenet","5","7","664","287"
"8245","Santa Coloma de Gramenet","5","8","558","186"
"8245","Santa Coloma de Gramenet","5","9","729","286"
"8245","Santa Coloma de Gramenet","5","11","1250","418"
"8245","Santa Coloma de Gramenet","5","12","762","276"
"8245","Santa Coloma de Gramenet","5","13","1321","457"
"8245","Santa Coloma de Gramenet","5","14","993","404"
"8245","Santa Coloma de Gramenet","5","15","948","316"
"8245","Santa Coloma de Gramenet","5","16","832","358"
"8245","Santa Coloma de Gramenet","5","18","632","168"
"8245","Santa Coloma de Gramenet","5","19","824","373"
"8245","Santa Coloma de Gramenet","6","2","586","231"
"8245","Santa Coloma de Gramenet","6","3","1011","399"
"8245","Santa Coloma de Gramenet","6","4","585","233"
"8245","Santa Coloma de Gramenet","6","5","591","246"
"8245","Santa Coloma de Gramenet","6","8","1336","582"
"8245","Santa Coloma de Gramenet","6","9","791","242"
"8245","Santa Coloma de Gramenet","6","11","723","252"
"8245","Santa Coloma de Gramenet","6","12","954","343"
"8245","Santa Coloma de Gramenet","6","14","1024","305"
"8246","Santa Eugènia de Berga","1","1","1693","1093"
"8247","Santa Eulàlia de Riuprimer","1","1","1013","720"
"8248","Santa Eulàlia de Ronçana","1","1","2921","1485"
"8248","Santa Eulàlia de Ronçana","1","2","2884","1570"
"8249","Santa Fe del Penedès","1","1","282","230"
"8250","Santa Margarida de Montbui","1","1","668","467"
"8250","Santa Margarida de Montbui","1","2","1604","653"
"8250","Santa Margarida de Montbui","1","3","878","382"
"8250","Santa Margarida de Montbui","1","4","688","317"
"8250","Santa Margarida de Montbui","1","5","1825","725"
"8250","Santa Margarida de Montbui","1","6","957","374"
"8250","Santa Margarida de Montbui","1","7","574","223"
"8251","Santa Margarida i els Monjos","1","1","879","491"
"8251","Santa Margarida i els Monjos","1","2","1138","641"
"8251","Santa Margarida i els Monjos","1","3","1879","884"
"8251","Santa Margarida i els Monjos","1","4","1285","602"
"8252","Barberà del Vallès","1","1","1950","1006"
"8252","Barberà del Vallès","1","2","971","486"
"8252","Barberà del Vallès","1","3","1033","481"
"8252","Barberà del Vallès","1","4","1091","497"
"8252","Barberà del Vallès","1","5","1070","463"
"8252","Barberà del Vallès","1","6","791","383"
"8252","Barberà del Vallès","1","7","687","384"
"8252","Barberà del Vallès","1","8","925","442"
"8252","Barberà del Vallès","1","9","638","275"
"8252","Barberà del Vallès","1","10","1139","654"
"8252","Barberà del Vallès","1","11","1366","748"
"8252","Barberà del Vallès","1","18","778","357"
"8252","Barberà del Vallès","1","19","1066","506"
"8252","Barberà del Vallès","1","20","735","285"
"8252","Barberà del Vallès","1","21","1030","519"
"8252","Barberà del Vallès","1","22","1692","990"
"8252","Barberà del Vallès","1","23","652","381"
"8252","Barberà del Vallès","1","24","717","302"
"8252","Barberà del Vallès","1","25","848","445"
"8252","Barberà del Vallès","1","26","1738","909"
"8252","Barberà del Vallès","1","27","1652","888"
"8252","Barberà del Vallès","1","28","1220","660"
"8252","Barberà del Vallès","1","29","1090","632"
"8253","Santa Maria de Besora","1","1","132","92"
"8254","Esquirol, l'","1","1","1762","1288"
"8255","Santa Maria de Merlès","1","1","124","89"
"8256","Santa Maria de Martorelles","1","1","692","425"
"8257","Santa Maria de Miralles","1","1","106","76"
"8258","Santa Maria d'Oló","1","1","839","588"
"8259","Santa Maria de Palautordera","1","1","2152","1255"
"8259","Santa Maria de Palautordera","1","2","1756","1072"
"8259","Santa Maria de Palautordera","1","3","1873","1161"
"8259","Santa Maria de Palautordera","1","4","1327","883"
"8260","Santa Perpètua de Mogoda","1","1","1243","612"
"8260","Santa Perpètua de Mogoda","1","2","938","466"
"8260","Santa Perpètua de Mogoda","1","3","1673","959"
"8260","Santa Perpètua de Mogoda","1","4","1165","375"
"8260","Santa Perpètua de Mogoda","1","5","1006","455"
"8260","Santa Perpètua de Mogoda","1","6","742","348"
"8260","Santa Perpètua de Mogoda","1","7","1018","539"
"8260","Santa Perpètua de Mogoda","1","8","1412","694"
"8260","Santa Perpètua de Mogoda","1","9","1984","1035"
"8260","Santa Perpètua de Mogoda","1","10","777","422"
"8260","Santa Perpètua de Mogoda","1","11","967","441"
"8260","Santa Perpètua de Mogoda","1","12","1589","843"
"8260","Santa Perpètua de Mogoda","1","13","895","541"
"8260","Santa Perpètua de Mogoda","1","14","800","452"
"8260","Santa Perpètua de Mogoda","1","15","1148","510"
"8260","Santa Perpètua de Mogoda","1","16","1347","769"
"8261","Santa Susanna","1","1","1456","895"
"8261","Santa Susanna","1","2","991","493"
"8262","Sant Vicenç de Castellet","1","1","1301","583"
"8262","Sant Vicenç de Castellet","1","2","1233","650"
"8262","Sant Vicenç de Castellet","1","3","1579","730"
"8262","Sant Vicenç de Castellet","2","1","1855","879"
"8262","Sant Vicenç de Castellet","2","2","1000","481"
"8263","Sant Vicenç dels Horts","1","1","669","415"
"8263","Sant Vicenç dels Horts","1","2","1405","793"
"8263","Sant Vicenç dels Horts","1","3","1025","618"
"8263","Sant Vicenç dels Horts","1","4","1435","765"
"8263","Sant Vicenç dels Horts","1","5","1187","607"
"8263","Sant Vicenç dels Horts","1","6","668","299"
"8263","Sant Vicenç dels Horts","1","7","1308","672"
"8263","Sant Vicenç dels Horts","1","8","822","437"
"8263","Sant Vicenç dels Horts","1","9","563","259"
"8263","Sant Vicenç dels Horts","1","10","942","477"
"8263","Sant Vicenç dels Horts","1","11","1048","509"
"8263","Sant Vicenç dels Horts","1","12","639","247"
"8263","Sant Vicenç dels Horts","2","1","518","169"
"8263","Sant Vicenç dels Horts","2","2","1500","651"
"8263","Sant Vicenç dels Horts","2","3","1003","376"
"8263","Sant Vicenç dels Horts","3","1","1428","610"
"8263","Sant Vicenç dels Horts","3","2","1342","569"
"8263","Sant Vicenç dels Horts","4","1","1416","742"
"8263","Sant Vicenç dels Horts","4","2","1396","677"
"8263","Sant Vicenç dels Horts","4","3","927","537"
"8264","Sant Vicenç de Montalt","1","1","1760","1140"
"8264","Sant Vicenç de Montalt","1","2","1104","615"
"8264","Sant Vicenç de Montalt","1","3","772","489"
"8264","Sant Vicenç de Montalt","1","4","1057","580"
"8265","Sant Vicenç de Torelló","1","1","1621","1132"
"8266","Cerdanyola del Vallès","1","1","1833","948"
"8266","Cerdanyola del Vallès","1","2","1662","910"
"8266","Cerdanyola del Vallès","1","3","1228","654"
"8266","Cerdanyola del Vallès","1","4","1213","507"
"8266","Cerdanyola del Vallès","1","5","772","331"
"8266","Cerdanyola del Vallès","1","6","1387","811"
"8266","Cerdanyola del Vallès","1","7","619","384"
"8266","Cerdanyola del Vallès","1","8","1214","669"
"8266","Cerdanyola del Vallès","1","9","1329","711"
"8266","Cerdanyola del Vallès","1","10","1640","991"
"8266","Cerdanyola del Vallès","1","11","1439","588"
"8266","Cerdanyola del Vallès","1","12","1842","954"
"8266","Cerdanyola del Vallès","1","13","859","492"
"8266","Cerdanyola del Vallès","1","14","1535","942"
"8266","Cerdanyola del Vallès","1","15","1499","738"
"8266","Cerdanyola del Vallès","1","16","1246","661"
"8266","Cerdanyola del Vallès","1","17","1530","645"
"8266","Cerdanyola del Vallès","1","18","1245","655"
"8266","Cerdanyola del Vallès","1","19","1652","893"
"8266","Cerdanyola del Vallès","1","20","991","671"
"8266","Cerdanyola del Vallès","1","27","1271","547"
"8266","Cerdanyola del Vallès","1","28","1364","866"
"8266","Cerdanyola del Vallès","1","29","1562","1032"
"8266","Cerdanyola del Vallès","1","30","1892","1148"
"8266","Cerdanyola del Vallès","1","31","813","468"
"8266","Cerdanyola del Vallès","1","32","663","408"
"8266","Cerdanyola del Vallès","1","33","1077","531"
"8266","Cerdanyola del Vallès","1","34","1463","783"
"8266","Cerdanyola del Vallès","1","35","1706","1022"
"8266","Cerdanyola del Vallès","1","36","1164","709"
"8266","Cerdanyola del Vallès","1","37","958","483"
"8266","Cerdanyola del Vallès","1","38","882","533"
"8266","Cerdanyola del Vallès","1","39","805","466"
"8266","Cerdanyola del Vallès","1","40","1113","834"
"8267","Sentmenat","1","1","1214","630"
"8267","Sentmenat","1","2","1656","795"
"8267","Sentmenat","1","3","1236","661"
"8267","Sentmenat","1","4","1653","922"
"8267","Sentmenat","1","5","1138","601"
"8268","Cercs","1","1","443","259"
"8268","Cercs","1","2","536","324"
"8269","Seva","1","1","1788","1119"
"8269","Seva","1","2","992","629"
"8270","Sitges","1","1","937","519"
"8270","Sitges","1","2","1194","660"
"8270","Sitges","1","3","2243","1286"
"8270","Sitges","1","4","1928","1076"
"8270","Sitges","1","5","606","329"
"8270","Sitges","2","1","1525","862"
"8270","Sitges","2","2","1053","665"
"8270","Sitges","2","3","1347","758"
"8270","Sitges","2","4","1267","597"
"8270","Sitges","2","5","887","408"
"8270","Sitges","2","6","1222","691"
"8270","Sitges","2","7","757","439"
"8270","Sitges","2","9","1642","962"
"8270","Sitges","2","10","1279","727"
"8270","Sitges","2","11","1351","781"
"8271","Sobremunt","1","1","65","36"
"8272","Sora","1","1","162","116"
"8273","Subirats","1","1","670","500"
"8273","Subirats","1","2","1110","709"
"8273","Subirats","1","3","643","440"
"8274","Súria","1","1","1466","920"
"8274","Súria","1","2","741","346"
"8274","Súria","1","4","1442","765"
"8274","Súria","1","5","949","570"
"8275","Tavèrnoles","1","1","249","179"
"8276","Tagamanent","1","1","241","147"
"8277","Talamanca","1","1","174","122"
"8278","Taradell","1","1","1391","913"
"8278","Taradell","1","2","1251","785"
"8278","Taradell","1","3","965","659"
"8278","Taradell","1","4","1392","872"
"8279","Terrassa","1","1","1089","761"
"8279","Terrassa","1","2","1109","743"
"8279","Terrassa","1","4","1546","1061"
"8279","Terrassa","1","5","1025","722"
"8279","Terrassa","1","6","1217","848"
"8279","Terrassa","1","7","1422","943"
"8279","Terrassa","1","8","1966","1324"
"8279","Terrassa","1","9","1044","701"
"8279","Terrassa","1","10","986","629"
"8279","Terrassa","1","11","929","496"
"8279","Terrassa","1","12","1106","600"
"8279","Terrassa","1","13","653","314"
"8279","Terrassa","1","14","1580","787"
"8279","Terrassa","1","15","934","520"
"8279","Terrassa","1","16","1817","1054"
"8279","Terrassa","1","17","1694","1106"
"8279","Terrassa","1","18","461","346"
"8279","Terrassa","1","19","1144","617"
"8279","Terrassa","1","20","1065","709"
"8279","Terrassa","1","21","1088","591"
"8279","Terrassa","1","22","1418","912"
"8279","Terrassa","1","23","980","687"
"8279","Terrassa","1","24","650","459"
"8279","Terrassa","2","1","1043","444"
"8279","Terrassa","2","2","439","148"
"8279","Terrassa","2","3","796","244"
"8279","Terrassa","2","4","670","254"
"8279","Terrassa","2","5","827","332"
"8279","Terrassa","2","6","724","313"
"8279","Terrassa","2","8","757","291"
"8279","Terrassa","2","9","1105","439"
"8279","Terrassa","2","11","850","342"
"8279","Terrassa","2","12","667","189"
"8279","Terrassa","2","14","1465","626"
"8279","Terrassa","2","15","578","128"
"8279","Terrassa","2","16","1573","717"
"8279","Terrassa","2","17","1442","498"
"8279","Terrassa","3","1","1304","657"
"8279","Terrassa","3","2","1116","567"
"8279","Terrassa","3","3","1185","540"
"8279","Terrassa","3","4","950","379"
"8279","Terrassa","3","5","1747","945"
"8279","Terrassa","3","6","1571","867"
"8279","Terrassa","3","7","1639","841"
"8279","Terrassa","3","8","1539","660"
"8279","Terrassa","3","14","1122","419"
"8279","Terrassa","3","15","889","469"
"8279","Terrassa","3","16","701","306"
"8279","Terrassa","3","17","843","332"
"8279","Terrassa","3","18","754","392"
"8279","Terrassa","3","19","883","347"
"8279","Terrassa","3","20","1172","523"
"8279","Terrassa","4","1","1066","695"
"8279","Terrassa","4","2","1124","701"
"8279","Terrassa","4","3","1285","718"
"8279","Terrassa","4","4","1156","605"
"8279","Terrassa","4","5","1237","585"
"8279","Terrassa","4","6","1455","691"
"8279","Terrassa","4","7","1849","767"
"8279","Terrassa","4","8","968","390"
"8279","Terrassa","4","9","750","294"
"8279","Terrassa","4","10","708","285"
"8279","Terrassa","4","12","1037","579"
"8279","Terrassa","4","13","1209","680"
"8279","Terrassa","4","14","1013","718"
"8279","Terrassa","4","15","847","576"
"8279","Terrassa","4","16","985","645"
"8279","Terrassa","4","17","1173","789"
"8279","Terrassa","4","18","1945","1089"
"8279","Terrassa","4","19","917","435"
"8279","Terrassa","4","20","538","212"
"8279","Terrassa","4","21","803","350"
"8279","Terrassa","4","22","1714","821"
"8279","Terrassa","4","23","1696","899"
"8279","Terrassa","4","24","1667","822"
"8279","Terrassa","4","25","870","424"
"8279","Terrassa","4","26","1090","679"
"8279","Terrassa","5","1","1533","854"
"8279","Terrassa","5","2","1120","506"
"8279","Terrassa","5","3","1478","778"
"8279","Terrassa","5","4","1205","700"
"8279","Terrassa","5","5","743","399"
"8279","Terrassa","5","6","1570","908"
"8279","Terrassa","5","7","861","579"
"8279","Terrassa","5","8","1400","849"
"8279","Terrassa","5","9","1349","829"
"8279","Terrassa","5","10","1411","540"
"8279","Terrassa","5","11","1430","784"
"8279","Terrassa","5","12","587","293"
"8279","Terrassa","5","13","1196","493"
"8279","Terrassa","5","14","1595","801"
"8279","Terrassa","5","15","1500","625"
"8279","Terrassa","5","16","1929","826"
"8279","Terrassa","5","17","1357","724"
"8279","Terrassa","5","18","1006","526"
"8279","Terrassa","5","19","984","501"
"8279","Terrassa","5","20","1155","652"
"8279","Terrassa","5","21","1361","741"
"8279","Terrassa","5","22","582","270"
"8279","Terrassa","5","23","1330","837"
"8279","Terrassa","5","24","1163","655"
"8279","Terrassa","5","25","925","472"
"8279","Terrassa","5","26","1007","608"
"8279","Terrassa","5","27","944","565"
"8279","Terrassa","5","28","904","531"
"8279","Terrassa","5","29","967","543"
"8279","Terrassa","6","1","896","394"
"8279","Terrassa","6","2","1204","511"
"8279","Terrassa","6","3","1491","621"
"8279","Terrassa","6","4","864","346"
"8279","Terrassa","6","5","1115","477"
"8279","Terrassa","6","6","1173","533"
"8279","Terrassa","6","8","1654","845"
"8279","Terrassa","6","9","919","387"
"8279","Terrassa","6","10","1620","712"
"8279","Terrassa","6","11","1249","522"
"8279","Terrassa","6","12","927","417"
"8279","Terrassa","6","13","694","306"
"8279","Terrassa","6","14","702","225"
"8279","Terrassa","6","16","1121","470"
"8279","Terrassa","6","18","891","336"
"8279","Terrassa","6","20","1111","382"
"8279","Terrassa","6","23","998","427"
"8279","Terrassa","6","24","1780","775"
"8279","Terrassa","6","25","1448","567"
"8279","Terrassa","6","26","1185","490"
"8279","Terrassa","6","27","969","331"
"8279","Terrassa","6","28","1207","570"
"8279","Terrassa","6","29","809","324"
"8279","Terrassa","6","30","556","235"
"8279","Terrassa","6","31","746","291"
"8279","Terrassa","6","32","603","217"
"8279","Terrassa","6","33","1037","523"
"8279","Terrassa","7","1","2050","1136"
"8279","Terrassa","7","2","1509","591"
"8279","Terrassa","7","3","1130","340"
"8279","Terrassa","7","4","1850","863"
"8280","Tavertet","1","1","92","68"
"8281","Teià","1","1","1719","1153"
"8281","Teià","1","2","1799","1139"
"8281","Teià","1","3","1442","972"
"8282","Tiana","1","1","1878","1240"
"8282","Tiana","1","2","1689","1142"
"8282","Tiana","1","3","963","611"
"8282","Tiana","1","4","1343","941"
"8282","Tiana","1","5","985","669"
"8283","Tona","1","1","1734","972"
"8283","Tona","1","2","1439","859"
"8283","Tona","1","3","1759","942"
"8283","Tona","1","4","1284","651"
"8284","Tordera","1","1","1634","780"
"8284","Tordera","1","2","1243","483"
"8284","Tordera","1","3","1542","665"
"8284","Tordera","1","4","1873","875"
"8284","Tordera","2","1","2137","907"
"8284","Tordera","2","2","2353","914"
"8284","Tordera","2","3","2042","825"
"8285","Torelló","1","1","721","381"
"8285","Torelló","1","2","1539","879"
"8285","Torelló","1","4","1606","788"
"8285","Torelló","2","1","1323","828"
"8285","Torelló","2","2","1031","618"
"8285","Torelló","3","1","1319","712"
"8285","Torelló","3","2","1081","488"
"8285","Torelló","3","3","1689","914"
"8286","Torre de Claramunt, la","1","1","1824","950"
"8286","Torre de Claramunt, la","1","2","1176","513"
"8287","Torrelavit","1","1","1075","730"
"8288","Torrelles de Foix","1","1","1746","764"
"8289","Torrelles de Llobregat","1","1","1027","656"
"8289","Torrelles de Llobregat","1","2","1208","679"
"8289","Torrelles de Llobregat","1","3","1462","798"
"8289","Torrelles de Llobregat","1","4","863","555"
"8290","Ullastrell","1","1","1567","991"
"8291","Vacarisses","1","1","1165","653"
"8291","Vacarisses","1","2","1726","889"
"8291","Vacarisses","1","3","1469","650"
"8291","Vacarisses","1","4","880","347"
"8292","Vallbona d'Anoia","1","1","1062","648"
"8293","Vallcebre","1","1","237","165"
"8294","Vallgorguina","1","1","2194","1258"
"8295","Vallirana","1","1","1583","795"
"8295","Vallirana","1","2","1784","859"
"8295","Vallirana","1","3","1421","786"
"8295","Vallirana","1","4","806","429"
"8295","Vallirana","1","5","998","471"
"8295","Vallirana","1","6","1513","694"
"8295","Vallirana","1","7","1075","505"
"8295","Vallirana","1","8","742","410"
"8295","Vallirana","1","9","613","290"
"8295","Vallirana","1","10","977","495"
"8296","Vallromanes","1","1","1873","1244"
"8297","Veciana","1","1","135","90"
"8298","Vic","1","1","1447","863"
"8298","Vic","2","1","699","455"
"8298","Vic","2","2","1701","1084"
"8298","Vic","2","3","1404","865"
"8298","Vic","2","4","1166","648"
"8298","Vic","2","5","1492","908"
"8298","Vic","2","6","1316","739"
"8298","Vic","3","1","918","620"
"8298","Vic","3","3","1347","770"
"8298","Vic","3","4","615","334"
"8298","Vic","3","5","1380","548"
"8298","Vic","3","6","850","458"
"8298","Vic","3","7","1491","984"
"8298","Vic","3","8","1143","516"
"8298","Vic","3","9","598","332"
"8298","Vic","3","10","693","464"
"8298","Vic","3","11","709","289"
"8298","Vic","3","12","1593","1036"
"8298","Vic","3","13","642","379"
"8298","Vic","4","1","1666","977"
"8298","Vic","4","2","1671","798"
"8298","Vic","4","3","952","580"
"8298","Vic","4","4","1123","579"
"8298","Vic","5","1","582","420"
"8299","Vilada","1","1","375","245"
"8300","Viladecavalls","1","1","1555","1076"
"8300","Viladecavalls","1","2","1928","944"
"8300","Viladecavalls","1","3","1105","637"
"8300","Viladecavalls","1","4","838","560"
"8300","Viladecavalls","1","6","565","343"
"8301","Viladecans","1","1","922","429"
"8301","Viladecans","1","2","1950","946"
"8301","Viladecans","1","3","1912","1026"
"8301","Viladecans","1","4","1336","714"
"8301","Viladecans","1","5","631","335"
"8301","Viladecans","1","6","1251","587"
"8301","Viladecans","1","7","939","444"
"8301","Viladecans","1","8","936","475"
"8301","Viladecans","1","9","919","482"
"8301","Viladecans","1","10","978","399"
"8301","Viladecans","1","11","1233","649"
"8301","Viladecans","1","12","805","470"
"8301","Viladecans","1","13","984","537"
"8301","Viladecans","1","14","1633","774"
"8301","Viladecans","1","15","543","232"
"8301","Viladecans","1","16","1133","717"
"8301","Viladecans","2","1","985","406"
"8301","Viladecans","2","2","1076","490"
"8301","Viladecans","2","3","1612","930"
"8301","Viladecans","2","4","829","378"
"8301","Viladecans","2","5","845","428"
"8301","Viladecans","2","6","1037","400"
"8301","Viladecans","2","7","1037","421"
"8301","Viladecans","2","8","1083","520"
"8301","Viladecans","2","9","1075","415"
"8301","Viladecans","2","10","1130","506"
"8301","Viladecans","2","11","837","403"
"8301","Viladecans","2","12","1024","437"
"8301","Viladecans","2","13","1173","499"
"8301","Viladecans","2","14","764","347"
"8301","Viladecans","2","15","1444","673"
"8301","Viladecans","2","16","1410","687"
"8301","Viladecans","2","17","1315","609"
"8301","Viladecans","2","18","631","227"
"8301","Viladecans","2","19","560","251"
"8301","Viladecans","2","20","1371","756"
"8301","Viladecans","2","21","882","382"
"8301","Viladecans","2","22","1319","715"
"8301","Viladecans","2","23","924","511"
"8301","Viladecans","2","24","742","370"
"8301","Viladecans","2","25","1461","693"
"8301","Viladecans","2","26","1276","667"
"8301","Viladecans","2","27","805","416"
"8301","Viladecans","2","28","897","548"
"8301","Viladecans","2","29","1655","1003"
"8302","Vilanova del Camí","1","1","1362","596"
"8302","Vilanova del Camí","1","2","1457","673"
"8302","Vilanova del Camí","1","3","1419","637"
"8302","Vilanova del Camí","1","4","1377","639"
"8302","Vilanova del Camí","1","5","1670","762"
"8302","Vilanova del Camí","1","6","860","417"
"8302","Vilanova del Camí","1","7","1274","583"
"8303","Vilanova de Sau","1","1","263","191"
"8304","Vilobí del Penedès","1","1","842","541"
"8305","Vilafranca del Penedès","1","1","1178","641"
"8305","Vilafranca del Penedès","1","2","1724","933"
"8305","Vilafranca del Penedès","1","3","731","408"
"8305","Vilafranca del Penedès","2","1","1416","670"
"8305","Vilafranca del Penedès","2","2","1290","700"
"8305","Vilafranca del Penedès","2","3","968","455"
"8305","Vilafranca del Penedès","2","4","1118","560"
"8305","Vilafranca del Penedès","2","5","1491","897"
"8305","Vilafranca del Penedès","2","6","1651","725"
"8305","Vilafranca del Penedès","3","1","1142","623"
"8305","Vilafranca del Penedès","3","2","1198","663"
"8305","Vilafranca del Penedès","3","3","1576","891"
"8305","Vilafranca del Penedès","3","4","1204","748"
"8305","Vilafranca del Penedès","4","1","1296","807"
"8305","Vilafranca del Penedès","4","2","1268","806"
"8305","Vilafranca del Penedès","4","3","1121","637"
"8305","Vilafranca del Penedès","4","4","1056","610"
"8305","Vilafranca del Penedès","4","5","1581","915"
"8305","Vilafranca del Penedès","4","6","935","595"
"8305","Vilafranca del Penedès","4","7","909","609"
"8305","Vilafranca del Penedès","4","8","1562","912"
"8305","Vilafranca del Penedès","4","9","1281","743"
"8306","Vilalba Sasserra","1","1","544","292"
"8307","Vilanova i la Geltrú","1","1","1690","899"
"8307","Vilanova i la Geltrú","1","2","913","536"
"8307","Vilanova i la Geltrú","1","3","1571","889"
"8307","Vilanova i la Geltrú","1","4","776","426"
"8307","Vilanova i la Geltrú","1","5","683","410"
"8307","Vilanova i la Geltrú","1","6","1238","698"
"8307","Vilanova i la Geltrú","1","7","1516","810"
"8307","Vilanova i la Geltrú","1","8","1825","1003"
"8307","Vilanova i la Geltrú","1","9","1397","832"
"8307","Vilanova i la Geltrú","1","10","1020","608"
"8307","Vilanova i la Geltrú","1","11","1156","563"
"8307","Vilanova i la Geltrú","2","1","2797","1660"
"8307","Vilanova i la Geltrú","2","2","1639","910"
"8307","Vilanova i la Geltrú","2","3","1376","756"
"8307","Vilanova i la Geltrú","2","4","1563","832"
"8307","Vilanova i la Geltrú","2","5","436","193"
"8307","Vilanova i la Geltrú","2","6","1190","615"
"8307","Vilanova i la Geltrú","2","7","1725","860"
"8307","Vilanova i la Geltrú","3","1","610","345"
"8307","Vilanova i la Geltrú","3","2","1077","625"
"8307","Vilanova i la Geltrú","3","3","890","488"
"8307","Vilanova i la Geltrú","3","4","1804","814"
"8307","Vilanova i la Geltrú","3","5","1096","454"
"8307","Vilanova i la Geltrú","4","1","900","521"
"8307","Vilanova i la Geltrú","4","2","566","328"
"8307","Vilanova i la Geltrú","4","3","617","326"
"8307","Vilanova i la Geltrú","4","4","1314","627"
"8307","Vilanova i la Geltrú","4","5","1439","819"
"8307","Vilanova i la Geltrú","4","6","1307","629"
"8307","Vilanova i la Geltrú","4","7","2897","1386"
"8307","Vilanova i la Geltrú","4","8","690","287"
"8307","Vilanova i la Geltrú","4","9","841","472"
"8307","Vilanova i la Geltrú","4","10","1519","788"
"8307","Vilanova i la Geltrú","4","11","1281","530"
"8307","Vilanova i la Geltrú","4","12","1175","726"
"8307","Vilanova i la Geltrú","4","13","1073","661"
"8307","Vilanova i la Geltrú","4","14","1545","873"
"8307","Vilanova i la Geltrú","4","15","1323","813"
"8307","Vilanova i la Geltrú","4","16","1083","303"
"8308","Viver i Serrateix","1","1","139","104"
"8901","Rupit i Pruit","1","1","245","189"
"8902","Vilanova del Vallès","1","1","1729","999"
"8902","Vilanova del Vallès","1","2","1038","585"
"8902","Vilanova del Vallès","1","3","1276","694"
"8903","Sant Julià de Cerdanyola","1","1","205","174"
"8904","Badia del Vallès","1","1","832","369"
"8904","Badia del Vallès","1","2","649","220"
"8904","Badia del Vallès","1","3","919","342"
"8904","Badia del Vallès","1","4","916","334"
"8904","Badia del Vallès","1","5","887","370"
"8904","Badia del Vallès","1","6","1084","478"
"8904","Badia del Vallès","1","7","837","353"
"8904","Badia del Vallès","1","8","877","344"
"8904","Badia del Vallès","1","9","848","332"
"8904","Badia del Vallès","1","10","698","316"
"8904","Badia del Vallès","1","11","936","388"
"8904","Badia del Vallès","1","12","913","407"
"8905","Palma de Cervelló, la","1","1","1220","803"
"8905","Palma de Cervelló, la","1","2","1126","713"
"8998","Residents Absents","1","1","197011","7996"
"17001","Agullana","1","1","596","393"
"17002","Aiguaviva","1","1","600","446"
"17003","Albanyà","1","1","112","77"
"17004","Albons","1","1","558","376"
"17005","Far d'Empordà, el","1","1","464","277"
"17006","Alp","1","1","1228","735"
"17007","Amer","1","1","1788","1128"
"17008","Anglès","1","1","810","446"
"17008","Anglès","1","2","1585","889"
"17008","Anglès","1","3","1166","662"
"17009","Arbúcies","1","1","1554","902"
"17009","Arbúcies","1","2","1545","916"
"17009","Arbúcies","2","1","1010","624"
"17010","Argelaguer","1","1","330","210"
"17011","Armentera, l'","1","1","654","481"
"17012","Avinyonet de Puigventós","1","1","1211","687"
"17013","Begur","1","1","1266","689"
"17013","Begur","1","2","626","374"
"17013","Begur","1","3","940","549"
"17014","Vajol, la","1","1","62","40"
"17015","Banyoles","1","1","1112","635"
"17015","Banyoles","1","2","723","477"
"17015","Banyoles","1","3","975","583"
"17015","Banyoles","1","4","1400","793"
"17015","Banyoles","1","5","1044","623"
"17015","Banyoles","2","1","1276","854"
"17015","Banyoles","2","2","1014","684"
"17015","Banyoles","2","3","1370","866"
"17015","Banyoles","2","4","539","330"
"17015","Banyoles","2","5","950","699"
"17015","Banyoles","3","1","1400","899"
"17015","Banyoles","3","2","1134","541"
"17016","Bàscara","1","1","739","474"
"17018","Bellcaire d'Empordà","1","1","501","345"
"17019","Besalú","1","1","1801","1174"
"17020","Bescanó","1","1","1306","837"
"17020","Bescanó","1","2","906","538"
"17020","Bescanó","1","3","1556","1000"
"17021","Beuda","1","1","121","79"
"17022","Bisbal d'Empordà, la","1","2","1192","668"
"17022","Bisbal d'Empordà, la","1","3","1323","715"
"17022","Bisbal d'Empordà, la","1","4","1551","919"
"17022","Bisbal d'Empordà, la","2","1","1399","796"
"17022","Bisbal d'Empordà, la","2","2","868","412"
"17022","Bisbal d'Empordà, la","2","3","799","438"
"17023","Blanes","1","1","1029","640"
"17023","Blanes","1","2","1403","822"
"17023","Blanes","1","4","1412","674"
"17023","Blanes","1","6","1529","637"
"17023","Blanes","1","7","757","478"
"17023","Blanes","2","1","1628","817"
"17023","Blanes","2","2","951","465"
"17023","Blanes","2","3","1290","534"
"17023","Blanes","2","4","1727","805"
"17023","Blanes","2","5","1797","829"
"17023","Blanes","2","6","1110","659"
"17023","Blanes","2","7","1668","777"
"17023","Blanes","2","8","898","520"
"17023","Blanes","2","9","659","304"
"17023","Blanes","2","10","1666","635"
"17023","Blanes","2","11","1759","776"
"17023","Blanes","2","12","697","332"
"17023","Blanes","2","13","792","390"
"17023","Blanes","3","1","1077","456"
"17023","Blanes","3","2","875","357"
"17023","Blanes","3","3","1447","643"
"17023","Blanes","3","4","1601","763"
"17024","Bolvir","1","1","335","237"
"17025","Bordils","1","1","1197","841"
"17026","Borrassà","1","1","547","380"
"17027","Breda","1","1","1628","944"
"17027","Breda","1","2","1290","791"
"17028","Brunyola i Sant Martí Sapresa","1","1","293","185"
"17029","Boadella i les Escaules","1","1","214","137"
"17030","Cabanes","1","1","640","363"
"17031","Cabanelles","1","1","166","77"
"17032","Cadaqués","1","1","1793","931"
"17033","Caldes de Malavella","1","1","1657","889"
"17033","Caldes de Malavella","1","2","1779","765"
"17033","Caldes de Malavella","1","3","1059","610"
"17033","Caldes de Malavella","1","4","1336","562"
"17034","Calonge i Sant Antoni","1","1","1995","1000"
"17034","Calonge i Sant Antoni","1","2","1259","676"
"17034","Calonge i Sant Antoni","1","3","1470","815"
"17034","Calonge i Sant Antoni","1","4","1448","727"
"17034","Calonge i Sant Antoni","1","5","1223","579"
"17035","Camós","1","1","547","403"
"17036","Campdevànol","1","1","1084","648"
"17036","Campdevànol","1","2","790","425"
"17036","Campdevànol","1","3","760","414"
"17037","Campelles","1","1","114","74"
"17038","Campllong","1","1","380","281"
"17039","Camprodon","1","1","1123","745"
"17039","Camprodon","1","2","657","368"
"17040","Canet d'Adri","1","1","567","371"
"17041","Cantallops","1","1","213","130"
"17042","Capmany","1","1","422","265"
"17043","Queralbs","1","1","160","126"
"17044","Cassà de la Selva","1","1","1698","1098"
"17044","Cassà de la Selva","1","2","1116","641"
"17044","Cassà de la Selva","2","1","1891","1014"
"17044","Cassà de la Selva","2","2","1656","941"
"17044","Cassà de la Selva","2","3","680","451"
"17046","Castellfollit de la Roca","1","1","713","423"
"17047","Castelló d'Empúries","1","1","1353","671"
"17047","Castelló d'Empúries","1","2","1245","735"
"17047","Castelló d'Empúries","1","3","1294","573"
"17047","Castelló d'Empúries","1","4","1159","454"
"17048","Castell-Platja d'Aro","1","1","1228","710"
"17048","Castell-Platja d'Aro","1","2","1905","925"
"17048","Castell-Platja d'Aro","1","3","1700","852"
"17048","Castell-Platja d'Aro","1","4","815","378"
"17048","Castell-Platja d'Aro","1","5","952","515"
"17049","Celrà","1","1","1269","879"
"17049","Celrà","1","2","1379","801"
"17049","Celrà","1","3","635","379"
"17050","Cervià de Ter","1","1","677","503"
"17051","Cistella","1","1","207","149"
"17052","Siurana","1","1","136","97"
"17054","Colera","1","1","344","220"
"17055","Colomers","1","1","150","121"
"17056","Cornellà del Terri","1","1","1782","1150"
"17057","Corçà","1","1","979","692"
"17058","Crespià","1","1","185","124"
"17060","Darnius","1","1","405","245"
"17061","Das","1","1","171","121"
"17062","Escala, l'","1","1","773","409"
"17062","Escala, l'","1","2","1786","874"
"17062","Escala, l'","1","3","1182","692"
"17062","Escala, l'","1","4","1103","549"
"17062","Escala, l'","1","5","1219","599"
"17063","Espinelves","1","1","182","153"
"17064","Espolla","1","1","323","234"
"17065","Esponellà","1","1","327","231"
"17066","Figueres","1","1","693","316"
"17066","Figueres","1","2","868","465"
"17066","Figueres","1","3","1731","766"
"17066","Figueres","1","4","789","347"
"17066","Figueres","1","5","816","100"
"17066","Figueres","1","6","1358","400"
"17066","Figueres","1","7","1008","356"
"17066","Figueres","1","8","668","288"
"17066","Figueres","2","1","631","263"
"17066","Figueres","2","2","986","464"
"17066","Figueres","2","3","769","422"
"17066","Figueres","2","4","1545","708"
"17066","Figueres","3","1","1062","492"
"17066","Figueres","3","2","1351","654"
"17066","Figueres","3","3","1567","693"
"17066","Figueres","3","4","792","247"
"17066","Figueres","3","5","1687","794"
"17066","Figueres","4","1","895","378"
"17066","Figueres","4","2","1309","655"
"17066","Figueres","4","3","1453","625"
"17066","Figueres","4","4","1797","888"
"17066","Figueres","4","5","1117","434"
"17066","Figueres","4","7","666","375"
"17066","Figueres","4","8","760","409"
"17066","Figueres","4","9","1011","515"
"17067","Flaçà","1","1","693","482"
"17068","Foixà","1","1","252","178"
"17069","Fontanals de Cerdanya","1","1","403","264"
"17070","Fontanilles","1","1","115","86"
"17071","Fontcoberta","1","1","1131","825"
"17073","Fornells de la Selva","1","1","1267","939"
"17073","Fornells de la Selva","1","2","720","527"
"17074","Fortià","1","1","559","357"
"17075","Garrigàs","1","1","340","224"
"17076","Garrigoles","1","1","122","90"
"17077","Garriguella","1","1","581","351"
"17078","Ger","1","1","379","274"
"17079","Girona","1","1","730","455"
"17079","Girona","1","2","649","393"
"17079","Girona","1","3","863","596"
"17079","Girona","1","4","786","413"
"17079","Girona","1","5","1034","176"
"17079","Girona","1","6","962","369"
"17079","Girona","2","1","555","416"
"17079","Girona","2","2","669","430"
"17079","Girona","2","3","941","618"
"17079","Girona","2","4","1189","808"
"17079","Girona","2","5","689","427"
"17079","Girona","2","6","1381","888"
"17079","Girona","2","7","1310","893"
"17079","Girona","2","8","1511","1051"
"17079","Girona","2","9","1023","568"
"17079","Girona","2","10","1703","1037"
"17079","Girona","2","11","1540","866"
"17079","Girona","2","12","986","646"
"17079","Girona","2","13","770","478"
"17079","Girona","2","14","671","304"
"17079","Girona","2","15","1827","1212"
"17079","Girona","2","16","979","721"
"17079","Girona","2","17","1005","686"
"17079","Girona","2","18","1118","713"
"17079","Girona","2","19","1804","1272"
"17079","Girona","2","20","884","582"
"17079","Girona","2","21","1070","692"
"17079","Girona","2","22","973","533"
"17079","Girona","3","1","721","510"
"17079","Girona","3","2","775","527"
"17079","Girona","3","3","1559","1017"
"17079","Girona","3","4","867","655"
"17079","Girona","3","5","1048","751"
"17079","Girona","3","6","697","437"
"17079","Girona","3","7","1285","581"
"17079","Girona","3","8","1887","982"
"17079","Girona","3","9","782","283"
"17079","Girona","3","10","1180","541"
"17079","Girona","3","11","1619","738"
"17079","Girona","3","12","1518","682"
"17079","Girona","3","13","892","328"
"17079","Girona","3","14","1297","559"
"17079","Girona","3","15","1097","593"
"17079","Girona","3","16","1033","565"
"17079","Girona","3","17","1224","578"
"17079","Girona","3","18","1149","631"
"17079","Girona","3","19","1169","805"
"17079","Girona","3","20","1018","678"
"17079","Girona","4","1","813","438"
"17079","Girona","4","2","595","320"
"17079","Girona","5","1","1146","885"
"17079","Girona","5","2","568","305"
"17079","Girona","5","3","1158","533"
"17079","Girona","5","4","613","423"
"17079","Girona","5","5","732","361"
"17079","Girona","5","6","913","599"
"17079","Girona","6","1","1512","889"
"17079","Girona","6","2","1802","799"
"17079","Girona","6","3","1523","686"
"17079","Girona","6","4","1211","679"
"17079","Girona","6","5","715","277"
"17080","Gombrèn","1","1","145","87"
"17081","Gualta","1","1","269","188"
"17082","Guils de Cerdanya","1","1","466","278"
"17083","Hostalric","1","1","762","397"
"17083","Hostalric","1","2","1408","776"
"17083","Hostalric","1","3","828","372"
"17084","Isòvol","1","1","248","157"
"17085","Jafre","1","1","289","223"
"17086","Jonquera, la","1","1","1125","509"
"17086","Jonquera, la","1","2","615","309"
"17087","Juià","1","1","224","165"
"17088","Lladó","1","1","608","406"
"17089","Llagostera","1","1","1270","569"
"17089","Llagostera","1","2","1225","682"
"17089","Llagostera","1","3","1952","986"
"17089","Llagostera","1","4","1418","742"
"17090","Llambilles","1","1","560","411"
"17091","Llanars","1","1","405","256"
"17092","Llançà","1","1","1039","583"
"17092","Llançà","1","2","1632","862"
"17092","Llançà","1","3","852","368"
"17093","Llers","1","1","935","564"
"17094","Llívia","1","1","1100","616"
"17095","Lloret de Mar","1","1","1449","682"
"17095","Lloret de Mar","1","2","1177","585"
"17095","Lloret de Mar","1","3","916","321"
"17095","Lloret de Mar","1","4","1144","481"
"17095","Lloret de Mar","2","1","1318","688"
"17095","Lloret de Mar","2","2","1243","673"
"17095","Lloret de Mar","2","3","1520","719"
"17095","Lloret de Mar","3","1","1342","632"
"17095","Lloret de Mar","3","2","1847","853"
"17095","Lloret de Mar","3","3","1781","823"
"17095","Lloret de Mar","3","4","1602","684"
"17095","Lloret de Mar","4","1","1445","607"
"17095","Lloret de Mar","4","2","1437","614"
"17095","Lloret de Mar","4","3","1140","633"
"17095","Lloret de Mar","4","4","762","352"
"17096","Llosses, les","1","1","161","95"
"17097","Madremanya","1","1","203","151"
"17098","Maià de Montcal","1","1","308","191"
"17099","Meranges","1","1","78","58"
"17100","Masarac","1","1","197","131"
"17101","Massanes","1","1","588","298"
"17102","Maçanet de Cabrenys","1","1","571","386"
"17103","Maçanet de la Selva","1","1","1102","607"
"17103","Maçanet de la Selva","1","2","1891","588"
"17103","Maçanet de la Selva","1","3","1144","563"
"17103","Maçanet de la Selva","1","4","1100","385"
"17105","Mieres","1","1","269","171"
"17106","Mollet de Peralada","1","1","144","104"
"17107","Molló","1","1","271","186"
"17109","Montagut i Oix","1","1","725","430"
"17110","Mont-ras","1","1","1347","775"
"17111","Navata","1","1","1007","651"
"17112","Ogassa","1","1","194","133"
"17114","Olot","1","1","1027","446"
"17114","Olot","1","2","758","371"
"17114","Olot","1","3","838","522"
"17114","Olot","1","4","606","400"
"17114","Olot","1","5","602","384"
"17114","Olot","1","6","545","302"
"17114","Olot","1","7","1120","563"
"17114","Olot","2","1","1731","970"
"17114","Olot","2","2","1549","836"
"17114","Olot","2","3","1129","474"
"17114","Olot","2","4","993","438"
"17114","Olot","2","5","962","479"
"17114","Olot","3","1","592","295"
"17114","Olot","3","2","1323","814"
"17114","Olot","3","3","1647","874"
"17114","Olot","4","1","1116","494"
"17114","Olot","4","2","1765","703"
"17114","Olot","5","1","1053","611"
"17114","Olot","5","2","1035","685"
"17114","Olot","5","3","1636","894"
"17114","Olot","5","4","1276","832"
"17115","Ordis","1","1","278","200"
"17116","Osor","1","1","349","226"
"17117","Palafrugell","1","1","1483","736"
"17117","Palafrugell","1","2","1504","745"
"17117","Palafrugell","1","3","1106","468"
"17117","Palafrugell","1","4","1334","601"
"17117","Palafrugell","1","5","954","417"
"17117","Palafrugell","2","1","1578","780"
"17117","Palafrugell","2","2","1550","649"
"17117","Palafrugell","2","3","1625","839"
"17117","Palafrugell","3","1","1001","435"
"17117","Palafrugell","3","2","1497","854"
"17117","Palafrugell","3","3","957","407"
"17118","Palamós","1","1","1306","699"
"17118","Palamós","1","2","1406","723"
"17118","Palamós","1","3","1071","528"
"17118","Palamós","1","4","642","350"
"17118","Palamós","2","1","1020","574"
"17118","Palamós","2","2","1214","622"
"17118","Palamós","3","1","1258","590"
"17118","Palamós","3","2","1233","517"
"17118","Palamós","3","3","1548","799"
"17118","Palamós","4","1","1392","578"
"17118","Palamós","4","2","1036","511"
"17119","Palau de Santa Eulàlia","1","1","82","63"
"17120","Palau-saverdera","1","1","836","481"
"17121","Palau-sator","1","1","223","156"
"17123","Palol de Revardit","1","1","335","254"
"17124","Pals","1","1","1638","1007"
"17125","Pardines","1","1","132","84"
"17126","Parlavà","1","1","326","253"
"17128","Pau","1","1","335","226"
"17129","Pedret i Marzà","1","1","138","97"
"17130","Pera, la","1","1","333","248"
"17132","Peralada","1","1","1389","919"
"17133","Planes d'Hostoles, les","1","1","1272","870"
"17134","Planoles","1","1","227","147"
"17135","Pont de Molins","1","1","398","243"
"17136","Pontós","1","1","190","140"
"17137","Porqueres","1","1","576","400"
"17137","Porqueres","1","2","1713","1133"
"17137","Porqueres","1","3","1258","886"
"17138","Portbou","1","1","833","530"
"17139","Preses, les","1","1","1431","935"
"17140","Port de la Selva, el","1","1","667","469"
"17141","Puigcerdà","1","1","643","242"
"17141","Puigcerdà","1","2","1385","655"
"17141","Puigcerdà","1","3","1484","754"
"17141","Puigcerdà","1","4","1793","752"
"17141","Puigcerdà","1","5","875","444"
"17142","Quart","1","1","1073","718"
"17142","Quart","1","2","1661","1098"
"17143","Rabós","1","1","148","93"
"17144","Regencós","1","1","220","150"
"17145","Ribes de Freser","1","1","631","385"
"17145","Ribes de Freser","1","2","811","461"
"17146","Riells i Viabrea","1","1","1514","810"
"17146","Riells i Viabrea","1","2","1716","827"
"17147","Ripoll","1","1","1075","507"
"17147","Ripoll","2","1","587","344"
"17147","Ripoll","2","2","603","266"
"17147","Ripoll","3","1","1012","454"
"17147","Ripoll","3","2","647","369"
"17147","Ripoll","3","3","1603","895"
"17147","Ripoll","3","4","1399","680"
"17147","Ripoll","4","1","978","560"
"17148","Riudarenes","1","1","1595","871"
"17149","Riudaura","1","1","379","285"
"17150","Riudellots de la Selva","1","1","1450","1026"
"17151","Riumors","1","1","176","111"
"17152","Roses","1","1","1129","504"
"17152","Roses","1","2","1064","527"
"17152","Roses","1","3","977","333"
"17152","Roses","1","4","1153","580"
"17152","Roses","1","5","819","384"
"17152","Roses","1","6","1338","636"
"17152","Roses","2","1","879","427"
"17152","Roses","2","2","1350","642"
"17152","Roses","2","3","717","389"
"17152","Roses","2","4","804","481"
"17152","Roses","2","5","969","450"
"17153","Rupià","1","1","200","153"
"17154","Sales de Llierca","1","1","107","68"
"17155","Salt","1","1","973","601"
"17155","Salt","1","2","742","447"
"17155","Salt","1","3","1222","439"
"17155","Salt","1","4","1579","710"
"17155","Salt","1","5","1224","458"
"17155","Salt","1","6","883","311"
"17155","Salt","1","8","910","495"
"17155","Salt","1","9","669","379"
"17155","Salt","2","1","1049","476"
"17155","Salt","2","2","826","369"
"17155","Salt","2","3","974","446"
"17155","Salt","2","4","1550","621"
"17155","Salt","2","5","700","408"
"17155","Salt","2","6","659","292"
"17155","Salt","2","7","1107","533"
"17157","Sant Andreu Salou","1","1","119","97"
"17158","Sant Climent Sescebes","1","1","533","246"
"17159","Sant Feliu de Buixalleu","1","1","637","385"
"17160","Sant Feliu de Guíxols","1","1","1000","590"
"17160","Sant Feliu de Guíxols","1","2","1492","853"
"17160","Sant Feliu de Guíxols","2","1","994","541"
"17160","Sant Feliu de Guíxols","2","2","1654","742"
"17160","Sant Feliu de Guíxols","2","3","1701","762"
"17160","Sant Feliu de Guíxols","2","4","846","354"
"17160","Sant Feliu de Guíxols","2","5","1427","521"
"17160","Sant Feliu de Guíxols","3","1","1672","907"
"17160","Sant Feliu de Guíxols","3","2","1066","515"
"17160","Sant Feliu de Guíxols","3","3","963","423"
"17160","Sant Feliu de Guíxols","4","1","1291","675"
"17160","Sant Feliu de Guíxols","4","2","745","443"
"17161","Sant Feliu de Pallerols","1","1","1038","741"
"17162","Sant Ferriol","1","1","160","91"
"17163","Sant Gregori","1","1","1956","1398"
"17163","Sant Gregori","1","2","985","632"
"17164","Sant Hilari Sacalm","1","1","1049","576"
"17164","Sant Hilari Sacalm","1","2","984","532"
"17164","Sant Hilari Sacalm","1","3","1857","988"
"17165","Sant Jaume de Llierca","1","1","627","377"
"17166","Sant Jordi Desvalls","1","1","547","413"
"17167","Sant Joan de les Abadesses","1","1","592","370"
"17167","Sant Joan de les Abadesses","1","2","1378","868"
"17167","Sant Joan de les Abadesses","1","3","633","389"
"17168","Sant Joan de Mollet","1","1","372","267"
"17169","Sant Julià de Ramis","1","1","924","533"
"17169","Sant Julià de Ramis","1","2","600","400"
"17169","Sant Julià de Ramis","1","3","1012","690"
"17170","Vallfogona de Ripollès","1","1","179","133"
"17171","Sant Llorenç de la Muga","1","1","182","130"
"17172","Sant Martí de Llémena","1","1","477","298"
"17173","Sant Martí Vell","1","1","188","133"
"17174","Sant Miquel de Campmajor","1","1","170","109"
"17175","Sant Miquel de Fluvià","1","1","554","266"
"17176","Sant Mori","1","1","118","92"
"17177","Sant Pau de Segúries","1","1","584","339"
"17178","Sant Pere Pescador","1","1","1073","604"
"17180","Santa Coloma de Farners","1","1","1548","777"
"17180","Santa Coloma de Farners","1","2","1051","609"
"17180","Santa Coloma de Farners","1","3","1539","797"
"17180","Santa Coloma de Farners","1","4","1849","1069"
"17180","Santa Coloma de Farners","1","5","1261","668"
"17180","Santa Coloma de Farners","1","6","1340","590"
"17181","Santa Cristina d'Aro","1","1","1842","944"
"17181","Santa Cristina d'Aro","1","2","1736","955"
"17182","Santa Llogaia d'Àlguema","1","1","285","151"
"17183","Sant Aniol de Finestres","1","1","255","172"
"17184","Santa Pau","1","1","1254","830"
"17185","Sant Joan les Fonts","1","1","801","446"
"17185","Sant Joan les Fonts","1","2","600","292"
"17185","Sant Joan les Fonts","1","3","879","483"
"17186","Sarrià de Ter","1","1","1064","636"
"17186","Sarrià de Ter","1","2","1697","975"
"17186","Sarrià de Ter","1","3","1107","601"
"17187","Saus, Camallera i Llampaies","1","1","649","464"
"17188","Selva de Mar, la","1","1","171","128"
"17189","Cellera de Ter, la","1","1","785","583"
"17189","Cellera de Ter, la","1","2","714","501"
"17190","Serinyà","1","1","847","520"
"17191","Serra de Daró","1","1","171","146"
"17192","Setcases","1","1","147","96"
"17193","Sils","1","1","1631","899"
"17193","Sils","1","2","1412","722"
"17193","Sils","1","3","1362","540"
"17194","Susqueda","1","1","73","49"
"17195","Tallada d'Empordà, la","1","1","351","278"
"17196","Terrades","1","1","245","156"
"17197","Torrent","1","1","126","91"
"17198","Torroella de Fluvià","1","1","447","264"
"17199","Torroella de Montgrí","1","1","1110","670"
"17199","Torroella de Montgrí","1","2","595","363"
"17199","Torroella de Montgrí","1","3","1521","852"
"17199","Torroella de Montgrí","1","4","1363","800"
"17199","Torroella de Montgrí","1","5","724","365"
"17199","Torroella de Montgrí","1","6","1024","554"
"17199","Torroella de Montgrí","1","7","722","391"
"17200","Tortellà","1","1","635","416"
"17201","Toses","1","1","146","98"
"17202","Tossa de Mar","1","1","900","462"
"17202","Tossa de Mar","1","2","1152","604"
"17202","Tossa de Mar","1","3","1871","1013"
"17203","Ultramort","1","1","162","105"
"17204","Ullà","1","1","624","370"
"17205","Ullastret","1","1","194","142"
"17206","Urús","1","1","175","122"
"17207","Vall d'en Bas, la","1","1","1169","807"
"17207","Vall d'en Bas, la","1","2","1275","861"
"17208","Vall de Bianya, la","1","1","1013","586"
"17209","Vall-llobrega","1","1","639","427"
"17210","Ventalló","1","1","602","387"
"17211","Verges","1","1","846","595"
"17212","Vidrà","1","1","148","113"
"17213","Vidreres","1","1","1556","823"
"17213","Vidreres","1","2","973","437"
"17213","Vidreres","1","3","1719","846"
"17213","Vidreres","1","4","1431","487"
"17214","Vilabertran","1","1","710","434"
"17215","Vilablareix","1","1","1226","869"
"17215","Vilablareix","1","2","1200","794"
"17216","Viladasens","1","1","163","118"
"17217","Viladamat","1","1","365","277"
"17218","Vilademuls","1","1","578","423"
"17220","Viladrau","1","1","832","592"
"17221","Vilafant","1","1","965","514"
"17221","Vilafant","1","2","798","514"
"17221","Vilafant","1","3","1289","687"
"17221","Vilafant","1","4","1136","678"
"17222","Vilaür","1","1","108","92"
"17223","Vilajuïga","1","1","819","477"
"17224","Vilallonga de Ter","1","1","292","176"
"17225","Vilamacolum","1","1","207","136"
"17226","Vilamalla","1","1","878","456"
"17227","Vilamaniscle","1","1","148","95"
"17228","Vilanant","1","1","287","191"
"17230","Vila-sacra","1","1","501","300"
"17232","Vilopriu","1","1","171","119"
"17233","Vilobí d'Onyar","1","1","730","484"
"17233","Vilobí d'Onyar","1","2","1656","995"
"17234","Biure","1","1","183","116"
"17901","Cruïlles, Monells i Sant Sadurní","1","1","1024","664"
"17902","Forallac","1","1","755","499"
"17902","Forallac","1","2","555","372"
"17903","Sant Julià del Llor i Bonmatí","1","1","918","550"
"17998","Residents Absents","1","1","21379","1029"
"25001","Abella de la Conca","1","1","134","62"
"25002","Àger","1","1","457","301"
"25003","Agramunt","1","1","576","301"
"25003","Agramunt","1","2","638","349"
"25003","Agramunt","1","3","1337","767"
"25003","Agramunt","1","4","1182","636"
"25004","Alamús, els","1","1","566","364"
"25005","Alàs i Cerc","1","1","262","167"
"25006","Albagés, l'","1","1","315","201"
"25007","Albatàrrec","1","1","1399","742"
"25008","Albesa","1","1","1089","625"
"25009","Albi, l'","1","1","594","413"
"25010","Alcanó","1","1","194","131"
"25011","Alcarràs","1","1","1585","785"
"25011","Alcarràs","1","2","1432","622"
"25011","Alcarràs","1","3","951","428"
"25011","Alcarràs","1","4","1321","677"
"25012","Alcoletge","1","1","1358","764"
"25012","Alcoletge","1","2","1025","428"
"25013","Alfarràs","1","1","1130","616"
"25013","Alfarràs","1","2","942","455"
"25014","Alfés","1","1","250","168"
"25015","Algerri","1","1","347","212"
"25016","Alguaire","1","1","976","533"
"25016","Alguaire","1","2","1098","592"
"25017","Alins","1","1","231","157"
"25019","Almacelles","1","1","807","393"
"25019","Almacelles","1","2","1371","619"
"25019","Almacelles","2","1","923","424"
"25019","Almacelles","2","2","1490","657"
"25020","Almatret","1","1","272","199"
"25021","Almenar","1","1","589","257"
"25021","Almenar","2","1","1016","513"
"25021","Almenar","2","2","922","497"
"25022","Alòs de Balaguer","1","1","103","62"
"25023","Alpicat","1","1","1697","904"
"25023","Alpicat","1","2","1644","959"
"25023","Alpicat","1","3","1301","836"
"25024","Alt Àneu","1","1","366","248"
"25025","Naut Aran","1","1","1417","725"
"25027","Anglesola","1","1","971","569"
"25029","Arbeca","1","1","739","451"
"25029","Arbeca","1","2","842","520"
"25030","Pont de Bar, el","1","1","133","75"
"25031","Arres","1","1","55","29"
"25032","Arsèguel","1","1","65","44"
"25033","Artesa de Lleida","1","1","1129","751"
"25034","Artesa de Segre","1","1","1332","824"
"25034","Artesa de Segre","1","2","940","508"
"25035","Sentiu de Sió, la","1","1","367","237"
"25036","Aspa","1","1","172","122"
"25037","Avellanes i Santa Linya, les","1","1","368","201"
"25038","Aitona","1","1","688","440"
"25038","Aitona","1","2","728","462"
"25039","Baix Pallars","1","1","279","195"
"25040","Balaguer","1","1","723","354"
"25040","Balaguer","1","2","906","432"
"25040","Balaguer","2","1","871","299"
"25040","Balaguer","3","1","2081","955"
"25040","Balaguer","3","2","808","369"
"25040","Balaguer","4","1","1209","695"
"25040","Balaguer","4","2","1122","594"
"25040","Balaguer","4","3","1238","699"
"25040","Balaguer","4","4","1728","952"
"25041","Barbens","1","1","523","283"
"25042","Baronia de Rialb, la","1","1","202","140"
"25043","Vall de Boí, la","1","1","819","498"
"25044","Bassella","1","1","180","130"
"25045","Bausen","1","1","59","25"
"25046","Belianes","1","1","408","271"
"25047","Bellcaire d'Urgell","1","1","946","665"
"25048","Bell-lloc d'Urgell","1","1","781","481"
"25048","Bell-lloc d'Urgell","1","2","858","525"
"25049","Bellmunt d'Urgell","1","1","150","107"
"25050","Bellpuig","1","1","1403","760"
"25050","Bellpuig","1","2","1078","634"
"25050","Bellpuig","1","3","788","452"
"25051","Bellver de Cerdanya","1","1","1619","995"
"25052","Bellvís","1","1","1555","976"
"25053","Benavent de Segrià","1","1","1111","679"
"25055","Biosca","1","1","161","94"
"25056","Bovera","1","1","207","120"
"25057","Bòrdes, es","1","1","222","109"
"25058","Borges Blanques, les","1","1","669","334"
"25058","Borges Blanques, les","1","2","1109","676"
"25058","Borges Blanques, les","2","1","1527","871"
"25058","Borges Blanques, les","2","2","1070","551"
"25059","Bossòst","1","1","822","464"
"25060","Cabanabona","1","1","65","37"
"25061","Cabó","1","1","79","47"
"25062","Camarasa","1","1","691","430"
"25063","Canejan","1","1","76","32"
"25064","Castellar de la Ribera","1","1","94","74"
"25067","Castelldans","1","1","683","398"
"25068","Castellnou de Seana","1","1","524","297"
"25069","Castelló de Farfanya","1","1","414","228"
"25070","Castellserà","1","1","784","488"
"25071","Cava","1","1","41","32"
"25072","Cervera","1","1","796","388"
"25072","Cervera","2","1","1073","595"
"25072","Cervera","2","2","1370","694"
"25072","Cervera","2","3","911","548"
"25072","Cervera","3","1","1810","947"
"25073","Cervià de les Garrigues","1","1","556","340"
"25074","Ciutadilla","1","1","174","125"
"25075","Clariana de Cardener","1","1","130","88"
"25076","Cogul, el","1","1","132","90"
"25077","Coll de Nargó","1","1","433","274"
"25078","Corbins","1","1","996","646"
"25079","Cubells","1","1","275","185"
"25081","Espluga Calba, l'","1","1","270","173"
"25082","Espot","1","1","301","197"
"25085","Estaràs","1","1","143","100"
"25086","Esterri d'Àneu","1","1","554","391"
"25087","Esterri de Cardós","1","1","53","39"
"25088","Estamariu","1","1","97","61"
"25089","Farrera","1","1","91","58"
"25092","Floresta, la","1","1","126","96"
"25093","Fondarella","1","1","610","381"
"25094","Foradada","1","1","130","87"
"25096","Fuliola, la","1","1","866","472"
"25097","Fulleda","1","1","94","60"
"25098","Gavet de la Conca","1","1","233","142"
"25099","Golmés","1","1","1305","721"
"25100","Gósol","1","1","187","131"
"25101","Granadella, la","1","1","521","361"
"25102","Granja d'Escarp, la","1","1","628","395"
"25103","Granyanella","1","1","131","73"
"25104","Granyena de Segarra","1","1","130","79"
"25105","Granyena de les Garrigues","1","1","112","91"
"25109","Guimerà","1","1","208","141"
"25110","Guissona","1","1","672","352"
"25110","Guissona","1","2","1142","664"
"25110","Guissona","1","3","928","526"
"25111","Guixers","1","1","110","73"
"25112","Ivars de Noguera","1","1","265","176"
"25113","Ivars d'Urgell","1","1","499","321"
"25113","Ivars d'Urgell","1","2","617","397"
"25114","Ivorra","1","1","105","83"
"25115","Isona i Conca Dellà","1","1","817","528"
"25118","Juncosa","1","1","316","166"
"25119","Juneda","1","1","1248","747"
"25119","Juneda","1","2","1019","630"
"25120","Lleida","1","1","1450","825"
"25120","Lleida","1","3","1043","585"
"25120","Lleida","1","4","1817","1030"
"25120","Lleida","1","5","1453","620"
"25120","Lleida","1","6","1050","478"
"25120","Lleida","1","7","2073","1027"
"25120","Lleida","1","8","1851","917"
"25120","Lleida","1","9","785","414"
"25120","Lleida","1","10","1178","445"
"25120","Lleida","1","11","1048","485"
"25120","Lleida","1","12","761","314"
"25120","Lleida","1","13","1383","666"
"25120","Lleida","1","14","1363","705"
"25120","Lleida","2","2","1157","579"
"25120","Lleida","2","3","866","417"
"25120","Lleida","2","4","2140","1174"
"25120","Lleida","2","5","2049","1154"
"25120","Lleida","2","6","820","410"
"25120","Lleida","2","7","1400","689"
"25120","Lleida","2","8","851","377"
"25120","Lleida","2","9","1547","932"
"25120","Lleida","3","1","631","254"
"25120","Lleida","3","3","964","492"
"25120","Lleida","3","4","1049","685"
"25120","Lleida","3","5","465","289"
"25120","Lleida","3","6","1054","587"
"25120","Lleida","3","7","552","274"
"25120","Lleida","3","8","736","398"
"25120","Lleida","4","1","1042","335"
"25120","Lleida","4","3","1431","862"
"25120","Lleida","4","4","621","314"
"25120","Lleida","4","5","564","305"
"25120","Lleida","4","6","1033","587"
"25120","Lleida","4","7","821","387"
"25120","Lleida","4","8","663","264"
"25120","Lleida","4","10","1232","300"
"25120","Lleida","4","11","1332","273"
"25120","Lleida","4","13","786","283"
"25120","Lleida","4","14","1075","465"
"25120","Lleida","4","15","958","427"
"25120","Lleida","4","16","947","487"
"25120","Lleida","4","17","1149","595"
"25120","Lleida","5","2","713","364"
"25120","Lleida","5","3","902","501"
"25120","Lleida","5","4","795","436"
"25120","Lleida","5","5","837","465"
"25120","Lleida","5","6","1292","837"
"25120","Lleida","5","7","534","245"
"25120","Lleida","5","8","840","507"
"25120","Lleida","5","9","745","462"
"25120","Lleida","5","10","711","422"
"25120","Lleida","5","11","1376","986"
"25120","Lleida","5","12","720","420"
"25120","Lleida","6","1","1089","485"
"25120","Lleida","6","2","1035","519"
"25120","Lleida","6","3","1307","611"
"25120","Lleida","6","4","1356","764"
"25120","Lleida","6","5","512","303"
"25120","Lleida","6","6","1016","492"
"25120","Lleida","6","7","1656","714"
"25120","Lleida","6","9","1590","664"
"25120","Lleida","6","10","927","417"
"25120","Lleida","6","11","938","485"
"25120","Lleida","6","12","962","502"
"25120","Lleida","6","13","868","554"
"25120","Lleida","6","14","1680","941"
"25120","Lleida","6","16","733","459"
"25120","Lleida","6","17","1385","580"
"25120","Lleida","7","1","1961","1040"
"25120","Lleida","7","2","1203","529"
"25120","Lleida","7","3","1455","660"
"25120","Lleida","7","4","2005","714"
"25120","Lleida","7","5","1847","768"
"25120","Lleida","7","6","1629","739"
"25120","Lleida","7","7","1590","664"
"25120","Lleida","8","1","1068","555"
"25120","Lleida","8","2","1637","1182"
"25120","Lleida","8","3","806","444"
"25120","Lleida","8","4","804","460"
"25120","Lleida","9","1","1523","906"
"25120","Lleida","9","2","1151","531"
"25121","Les","1","1","656","316"
"25122","Linyola","1","1","875","493"
"25122","Linyola","1","2","1059","564"
"25123","Lladorre","1","1","195","139"
"25124","Lladurs","1","1","157","98"
"25125","Llardecans","1","1","373","241"
"25126","Llavorsí","1","1","282","190"
"25127","Lles de Cerdanya","1","1","229","144"
"25128","Llimiana","1","1","131","80"
"25129","Llobera","1","1","157","96"
"25130","Maldà","1","1","195","125"
"25131","Massalcoreig","1","1","390","242"
"25132","Massoteres","1","1","133","84"
"25133","Maials","1","1","669","398"
"25134","Menàrguens","1","1","598","388"
"25135","Miralcamp","1","1","990","554"
"25136","Molsosa, la","1","1","95","67"
"25137","Mollerussa","1","1","1495","754"
"25137","Mollerussa","1","2","1765","835"
"25137","Mollerussa","1","3","744","320"
"25137","Mollerussa","1","4","1669","901"
"25137","Mollerussa","1","5","1554","747"
"25137","Mollerussa","1","6","1421","727"
"25138","Montgai","1","1","572","363"
"25139","Montellà i Martinet","1","1","487","306"
"25140","Montferrer i Castellbò","1","1","798","444"
"25141","Montoliu de Segarra","1","1","155","87"
"25142","Montoliu de Lleida","1","1","364","246"
"25143","Montornès de Segarra","1","1","80","55"
"25145","Nalec","1","1","74","60"
"25146","Navès","1","1","222","134"
"25148","Odèn","1","1","216","142"
"25149","Oliana","1","1","1373","830"
"25150","Oliola","1","1","166","118"
"25151","Olius","1","1","730","461"
"25152","Oluges, les","1","1","148","92"
"25153","Omellons, els","1","1","181","103"
"25154","Omells de na Gaia, els","1","1","115","73"
"25155","Organyà","1","1","596","359"
"25156","Os de Balaguer","1","1","783","493"
"25157","Ossó de Sió","1","1","159","105"
"25158","Palau d'Anglesola, el","1","1","1613","998"
"25161","Conca de Dalt","1","1","338","213"
"25163","Coma i la Pedra, la","1","1","241","138"
"25164","Penelles","1","1","355","214"
"25165","Peramola","1","1","273","183"
"25166","Pinell de Solsonès","1","1","167","91"
"25167","Pinós","1","1","231","152"
"25168","Poal, el","1","1","497","326"
"25169","Pobla de Cérvoles, la","1","1","175","112"
"25170","Bellaguarda","1","1","257","186"
"25171","Pobla de Segur, la","1","1","1006","611"
"25171","Pobla de Segur, la","1","2","1151","713"
"25172","Ponts","1","1","680","393"
"25172","Ponts","1","2","1069","640"
"25173","Pont de Suert, el","1","1","1177","698"
"25173","Pont de Suert, el","1","2","490","232"
"25174","Portella, la","1","1","384","261"
"25175","Prats i Sansor","1","1","197","138"
"25176","Preixana","1","1","323","212"
"25177","Preixens","1","1","350","212"
"25179","Prullans","1","1","184","124"
"25180","Puiggròs","1","1","218","140"
"25181","Puigverd d'Agramunt","1","1","154","97"
"25182","Puigverd de Lleida","1","1","1059","618"
"25183","Rialp","1","1","522","339"
"25185","Ribera d'Urgellet","1","1","674","377"
"25186","Riner","1","1","214","155"
"25189","Rosselló","1","1","2228","1146"
"25190","Salàs de Pallars","1","1","265","173"
"25191","Sanaüja","1","1","335","198"
"25192","Sant Guim de Freixenet","1","1","741","436"
"25193","Sant Llorenç de Morunys","1","1","794","487"
"25194","Sant Ramon","1","1","403","244"
"25196","Sant Esteve de la Sarga","1","1","105","67"
"25197","Sant Guim de la Plana","1","1","140","106"
"25200","Sarroca de Lleida","1","1","311","197"
"25201","Sarroca de Bellera","1","1","106","63"
"25202","Senterada","1","1","104","57"
"25203","Seu d'Urgell, la","1","1","538","229"
"25203","Seu d'Urgell, la","1","2","1094","467"
"25203","Seu d'Urgell, la","1","3","1365","640"
"25203","Seu d'Urgell, la","1","4","1919","1099"
"25203","Seu d'Urgell, la","1","5","1292","593"
"25203","Seu d'Urgell, la","1","6","1028","555"
"25203","Seu d'Urgell, la","1","7","1604","840"
"25204","Seròs","1","1","527","326"
"25204","Seròs","1","2","617","324"
"25205","Sidamon","1","1","571","356"
"25206","Soleràs, el","1","1","254","185"
"25207","Solsona","1","1","1567","897"
"25207","Solsona","1","2","1422","710"
"25207","Solsona","1","3","1014","538"
"25207","Solsona","2","1","1336","739"
"25207","Solsona","2","2","1119","603"
"25208","Soriguera","1","1","342","217"
"25209","Sort","1","1","1614","962"
"25210","Soses","1","1","1063","673"
"25211","Sudanell","1","1","652","379"
"25212","Sunyer","1","1","221","140"
"25215","Talarn","1","1","420","204"
"25216","Talavera","1","1","241","165"
"25217","Tàrrega","1","1","1659","807"
"25217","Tàrrega","1","2","980","528"
"25217","Tàrrega","2","1","1185","687"
"25217","Tàrrega","2","2","1396","802"
"25217","Tàrrega","2","3","1273","725"
"25217","Tàrrega","3","1","1144","573"
"25217","Tàrrega","3","2","667","373"
"25217","Tàrrega","3","3","1101","615"
"25217","Tàrrega","4","1","553","291"
"25217","Tàrrega","4","2","1086","553"
"25218","Tarrés","1","1","84","64"
"25219","Tarroja de Segarra","1","1","148","87"
"25220","Térmens","1","1","976","641"
"25221","Tírvia","1","1","118","85"
"25222","Tiurana","1","1","67","53"
"25223","Torà","1","1","905","541"
"25224","Torms, els","1","1","121","88"
"25225","Tornabous","1","1","521","316"
"25226","Torrebesses","1","1","239","143"
"25227","Torre de Cabdella, la","1","1","658","440"
"25228","Torrefarrera","1","1","1288","637"
"25228","Torrefarrera","1","2","1927","1129"
"25230","Torregrossa","1","1","1518","906"
"25231","Torrelameu","1","1","483","358"
"25232","Torres de Segre","1","1","1340","782"
"25233","Torre-serona","1","1","275","187"
"25234","Tremp","1","1","613","309"
"25234","Tremp","1","2","792","444"
"25234","Tremp","2","1","1142","624"
"25234","Tremp","2","2","1185","671"
"25234","Tremp","3","1","455","208"
"25238","Vallbona de les Monges","1","1","212","141"
"25239","Valls de Valira, les","1","1","579","238"
"25240","Vallfogona de Balaguer","1","1","1361","850"
"25242","Verdú","1","1","703","404"
"25243","Vielha e Mijaran","1","1","1170","515"
"25243","Vielha e Mijaran","1","2","1489","674"
"25243","Vielha e Mijaran","1","3","1095","532"
"25244","Vilagrassa","1","1","385","252"
"25245","Vilaller","1","1","433","245"
"25247","Vilamòs","1","1","147","72"
"25248","Vilanova de Bellpuig","1","1","874","625"
"25249","Vilanova de l'Aguda","1","1","172","106"
"25250","Vilanova de Meià","1","1","324","209"
"25251","Vilanova de Segrià","1","1","714","437"
"25252","Vila-sana","1","1","570","304"
"25253","Vilosell, el","1","1","154","118"
"25254","Vilanova de la Barca","1","1","709","419"
"25255","Vinaixa","1","1","383","265"
"25901","Vall de Cardós","1","1","303","213"
"25902","Sant Martí de Riucorb","1","1","534","327"
"25903","Guingueta d'Àneu, la","1","1","226","159"
"25904","Castell de Mur","1","1","150","106"
"25905","Ribera d'Ondara","1","1","369","231"
"25906","Valls d'Aguilar, les","1","1","211","122"
"25907","Torrefeta i Florejacs","1","1","491","294"
"25908","Fígols i Alinyà","1","1","218","128"
"25909","Vansa i Fórnols, la","1","1","131","90"
"25910","Josa i Tuixén","1","1","93","61"
"25911","Plans de Sió, els","1","1","419","270"
"25912","Gimenells i el Pla de la Font","1","1","835","536"
"25913","Riu de Cerdanya","1","1","88","72"
"25998","Residents Absents","1","1","17363","725"
"43001","Aiguamúrcia","1","1","739","404"
"43002","Albinyana","1","1","1933","849"
"43003","Albiol, l'","1","1","357","190"
"43004","Alcanar","1","1","997","479"
"43004","Alcanar","1","2","1123","536"
"43004","Alcanar","1","3","1809","811"
"43004","Alcanar","1","4","1070","575"
"43004","Alcanar","2","1","884","331"
"43004","Alcanar","2","2","498","209"
"43005","Alcover","1","1","1889","987"
"43005","Alcover","2","1","1792","838"
"43006","Aldover","1","1","686","358"
"43007","Aleixar, l'","1","1","665","412"
"43008","Alfara de Carles","1","1","314","121"
"43009","Alforja","1","1","1417","800"
"43010","Alió","1","1","349","202"
"43011","Almoster","1","1","1094","739"
"43012","Altafulla","1","1","968","590"
"43012","Altafulla","1","2","1048","644"
"43012","Altafulla","1","3","1794","1244"
"43013","Ametlla de Mar, l'","1","1","1425","833"
"43013","Ametlla de Mar, l'","1","2","999","570"
"43013","Ametlla de Mar, l'","1","3","2108","1003"
"43014","Amposta","1","1","567","261"
"43014","Amposta","1","2","923","460"
"43014","Amposta","2","1","720","381"
"43014","Amposta","2","2","623","247"
"43014","Amposta","3","1","794","357"
"43014","Amposta","3","2","1423","623"
"43014","Amposta","4","1","947","443"
"43014","Amposta","4","2","1045","480"
"43014","Amposta","4","3","1678","794"
"43014","Amposta","4","4","2020","1011"
"43014","Amposta","4","5","1992","884"
"43014","Amposta","4","6","1735","722"
"43015","Arbolí","1","1","111","90"
"43016","Arboç, l'","1","1","1520","813"
"43016","Arboç, l'","1","2","1937","1058"
"43017","Argentera, l'","1","1","116","98"
"43018","Arnes","1","1","376","306"
"43019","Ascó","1","1","1297","702"
"43020","Banyeres del Penedès","1","1","1365","696"
"43020","Banyeres del Penedès","1","2","982","503"
"43021","Barberà de la Conca","1","1","334","208"
"43022","Batea","1","1","806","521"
"43022","Batea","1","2","624","374"
"43023","Bellmunt del Priorat","1","1","209","151"
"43024","Bellvei","1","1","1616","754"
"43025","Benifallet","1","1","577","376"
"43026","Benissanet","1","1","764","502"
"43027","Bisbal de Falset, la","1","1","169","128"
"43028","Bisbal del Penedès, la","1","1","1348","667"
"43028","Bisbal del Penedès, la","1","2","1558","510"
"43029","Blancafort","1","1","311","219"
"43030","Bonastre","1","1","505","298"
"43031","Borges del Camp, les","1","1","1464","904"
"43032","Bot","1","1","454","324"
"43033","Botarell","1","1","793","487"
"43034","Bràfim","1","1","477","303"
"43035","Cabacés","1","1","238","164"
"43036","Cabra del Camp","1","1","901","380"
"43037","Calafell","1","1","2055","1074"
"43037","Calafell","1","2","2012","855"
"43037","Calafell","1","3","1441","744"
"43037","Calafell","2","1","1714","854"
"43037","Calafell","2","2","1769","894"
"43037","Calafell","2","3","884","405"
"43037","Calafell","3","1","1900","793"
"43037","Calafell","3","2","1971","795"
"43037","Calafell","3","3","1874","746"
"43037","Calafell","3","4","2374","924"
"43037","Calafell","4","1","883","293"
"43038","Cambrils","1","1","1507","755"
"43038","Cambrils","1","2","1842","832"
"43038","Cambrils","1","3","1846","810"
"43038","Cambrils","1","4","805","398"
"43038","Cambrils","1","5","1349","743"
"43038","Cambrils","1","6","1257","536"
"43038","Cambrils","2","1","1260","706"
"43038","Cambrils","2","2","1062","432"
"43038","Cambrils","2","3","1754","988"
"43038","Cambrils","2","4","912","372"
"43038","Cambrils","2","5","1452","779"
"43038","Cambrils","2","6","2141","1039"
"43038","Cambrils","2","7","1729","939"
"43038","Cambrils","2","8","839","379"
"43038","Cambrils","2","9","1669","1004"
"43038","Cambrils","2","10","1090","551"
"43039","Capafonts","1","1","103","70"
"43040","Capçanes","1","1","326","250"
"43041","Caseres","1","1","204","110"
"43042","Castellvell del Camp","1","1","817","504"
"43042","Castellvell del Camp","1","2","1411","907"
"43043","Catllar, el","1","1","2006","1171"
"43043","Catllar, el","1","2","1460","805"
"43044","Sénia, la","1","1","1491","797"
"43044","Sénia, la","2","1","1603","769"
"43044","Sénia, la","2","2","830","435"
"43045","Colldejou","1","1","142","101"
"43046","Conesa","1","1","89","61"
"43047","Constantí","1","1","1472","662"
"43047","Constantí","1","2","875","204"
"43047","Constantí","2","1","1907","919"
"43048","Corbera d'Ebre","1","1","753","454"
"43049","Cornudella de Montsant","1","1","737","504"
"43050","Creixell","1","1","1361","660"
"43050","Creixell","1","2","1418","583"
"43051","Cunit","1","1","1934","872"
"43051","Cunit","1","2","1942","896"
"43051","Cunit","1","3","1908","817"
"43051","Cunit","1","4","1678","665"
"43051","Cunit","1","5","2133","1003"
"43052","Xerta","1","1","917","521"
"43053","Duesaigües","1","1","179","125"
"43054","Espluga de Francolí, l'","1","1","1640","902"
"43054","Espluga de Francolí, l'","2","1","1159","620"
"43055","Falset","1","1","782","549"
"43055","Falset","2","1","1171","812"
"43056","Fatarella, la","1","1","791","507"
"43057","Febró, la","1","1","39","28"
"43058","Figuera, la","1","1","99","77"
"43059","Figuerola del Camp","1","1","263","160"
"43060","Flix","1","1","814","502"
"43060","Flix","1","2","1007","654"
"43060","Flix","2","1","829","498"
"43061","Forès","1","1","40","25"
"43062","Freginals","1","1","264","181"
"43063","Galera, la","1","1","531","267"
"43064","Gandesa","1","1","1203","715"
"43064","Gandesa","2","1","849","530"
"43065","Garcia","1","1","382","255"
"43066","Garidells, els","1","1","164","108"
"43067","Ginestar","1","1","534","388"
"43068","Godall","1","1","493","238"
"43069","Gratallops","1","1","192","139"
"43070","Guiamets, els","1","1","247","177"
"43071","Horta de Sant Joan","1","1","877","487"
"43072","Lloar, el","1","1","91","69"
"43073","Llorac","1","1","80","56"
"43074","Llorenç del Penedès","1","1","1870","1075"
"43075","Margalef","1","1","85","55"
"43076","Marçà","1","1","460","315"
"43077","Mas de Barberans","1","1","440","229"
"43078","Masdenverge","1","1","858","480"
"43079","Masllorenç","1","1","373","256"
"43080","Masó, la","1","1","233","167"
"43081","Maspujols","1","1","634","419"
"43082","Masroig, el","1","1","345","246"
"43083","Milà, el","1","1","149","91"
"43084","Miravet","1","1","512","341"
"43085","Molar, el","1","1","230","165"
"43086","Montblanc","1","1","1010","484"
"43086","Montblanc","2","1","1390","833"
"43086","Montblanc","2","2","1782","914"
"43086","Montblanc","2","3","1108","641"
"43088","Montbrió del Camp","1","1","981","560"
"43088","Montbrió del Camp","1","2","1060","547"
"43089","Montferri","1","1","289","145"
"43090","Montmell, el","1","1","1306","425"
"43091","Mont-ral","1","1","128","76"
"43092","Mont-roig del Camp","1","1","1142","654"
"43092","Mont-roig del Camp","1","2","663","311"
"43092","Mont-roig del Camp","1","3","932","562"
"43092","Mont-roig del Camp","1","4","716","283"
"43092","Mont-roig del Camp","1","5","1241","532"
"43092","Mont-roig del Camp","1","6","879","418"
"43092","Mont-roig del Camp","1","7","966","362"
"43092","Mont-roig del Camp","1","8","1109","416"
"43093","Móra d'Ebre","1","1","1181","621"
"43093","Móra d'Ebre","1","2","1653","893"
"43093","Móra d'Ebre","2","1","999","484"
"43094","Móra la Nova","1","1","1281","703"
"43094","Móra la Nova","2","1","865","473"
"43095","Morell, el","1","1","1442","736"
"43095","Morell, el","1","2","1158","670"
"43096","Morera de Montsant, la","1","1","102","72"
"43097","Nou de Gaià, la","1","1","409","289"
"43098","Nulles","1","1","355","239"
"43099","Palma d'Ebre, la","1","1","274","194"
"43100","Pallaresos, els","1","1","1251","743"
"43100","Pallaresos, els","1","2","1308","707"
"43100","Pallaresos, els","1","3","1038","510"
"43101","Passanant i Belltall","1","1","143","93"
"43102","Paüls","1","1","448","255"
"43103","Perafort","1","1","934","513"
"43104","Perelló, el","1","1","552","315"
"43104","Perelló, el","1","2","1222","743"
"43105","Piles, les","1","1","160","116"
"43106","Pinell de Brai, el","1","1","784","446"
"43107","Pira","1","1","380","230"
"43108","Pla de Santa Maria, el","1","1","1803","967"
"43109","Pobla de Mafumet, la","1","1","2055","885"
"43109","Pobla de Mafumet, la","1","2","702","301"
"43110","Pobla de Massaluca, la","1","1","251","148"
"43111","Pobla de Montornès, la","1","1","814","382"
"43111","Pobla de Montornès, la","1","2","1403","592"
"43112","Poboleda","1","1","258","176"
"43113","Pont d'Armentera, el","1","1","390","235"
"43114","Porrera","1","1","372","269"
"43115","Pradell de la Teixeta","1","1","134","97"
"43116","Prades","1","1","467","319"
"43117","Prat de Comte","1","1","147","99"
"43118","Pratdip","1","1","426","283"
"43119","Puigpelat","1","1","877","456"
"43120","Querol","1","1","426","215"
"43121","Rasquera","1","1","602","347"
"43122","Renau","1","1","114","78"
"43123","Reus","1","1","770","355"
"43123","Reus","1","2","1317","721"
"43123","Reus","1","3","1080","572"
"43123","Reus","2","1","587","244"
"43123","Reus","2","2","1414","681"
"43123","Reus","2","3","809","375"
"43123","Reus","2","4","1057","443"
"43123","Reus","2","6","1576","793"
"43123","Reus","2","7","1215","582"
"43123","Reus","2","8","773","356"
"43123","Reus","2","9","706","388"
"43123","Reus","2","10","1466","733"
"43123","Reus","2","11","679","262"
"43123","Reus","2","12","979","534"
"43123","Reus","2","13","788","314"
"43123","Reus","2","14","555","282"
"43123","Reus","2","15","742","459"
"43123","Reus","3","1","801","376"
"43123","Reus","3","3","726","321"
"43123","Reus","3","4","981","374"
"43123","Reus","3","5","944","366"
"43123","Reus","3","7","1180","535"
"43123","Reus","3","8","1196","576"
"43123","Reus","3","9","740","280"
"43123","Reus","3","10","1020","356"
"43123","Reus","3","11","1648","586"
"43123","Reus","3","12","849","292"
"43123","Reus","3","13","939","421"
"43123","Reus","4","2","978","424"
"43123","Reus","4","3","1398","578"
"43123","Reus","4","4","1039","404"
"43123","Reus","4","5","627","292"
"43123","Reus","4","7","951","357"
"43123","Reus","4","8","1098","454"
"43123","Reus","5","1","1210","500"
"43123","Reus","5","2","1421","679"
"43123","Reus","5","3","613","183"
"43123","Reus","5","4","1272","640"
"43123","Reus","5","5","1001","310"
"43123","Reus","5","7","1097","557"
"43123","Reus","6","1","627","276"
"43123","Reus","6","2","1036","653"
"43123","Reus","6","3","1461","950"
"43123","Reus","6","4","1374","937"
"43123","Reus","6","5","1404","649"
"43123","Reus","6","6","1902","1152"
"43123","Reus","6","7","924","505"
"43123","Reus","6","8","929","493"
"43123","Reus","6","9","1160","429"
"43123","Reus","6","11","1307","843"
"43123","Reus","6","12","972","537"
"43123","Reus","6","13","667","358"
"43123","Reus","7","1","1333","216"
"43123","Reus","7","2","1345","522"
"43123","Reus","7","3","1728","689"
"43123","Reus","7","5","1362","635"
"43123","Reus","8","1","761","218"
"43123","Reus","8","2","1003","312"
"43123","Reus","8","3","1073","593"
"43123","Reus","8","4","920","425"
"43123","Reus","8","5","1003","498"
"43123","Reus","8","6","1460","757"
"43123","Reus","8","7","2246","1110"
"43123","Reus","9","1","1178","708"
"43123","Reus","9","2","640","230"
"43123","Reus","10","1","1673","849"
"43124","Riba, la","1","1","461","264"
"43125","Riba-roja d'Ebre","1","1","876","532"
"43126","Riera de Gaià, la","1","1","1222","729"
"43127","Riudecanyes","1","1","823","516"
"43128","Riudecols","1","1","915","501"
"43129","Riudoms","1","1","924","488"
"43129","Riudoms","2","1","568","324"
"43129","Riudoms","2","2","1806","974"
"43129","Riudoms","2","3","1378","769"
"43130","Rocafort de Queralt","1","1","177","123"
"43131","Roda de Berà","1","1","2183","906"
"43131","Roda de Berà","1","2","1476","643"
"43131","Roda de Berà","1","3","1440","661"
"43132","Rodonyà","1","1","386","245"
"43133","Roquetes","1","1","936","425"
"43133","Roquetes","1","2","1255","561"
"43133","Roquetes","2","1","1699","783"
"43133","Roquetes","2","2","1760","811"
"43134","Rourell, el","1","1","293","179"
"43135","Salomó","1","1","333","224"
"43136","Sant Carles de la Ràpita","1","1","2020","940"
"43136","Sant Carles de la Ràpita","1","2","1176","564"
"43136","Sant Carles de la Ràpita","1","3","841","396"
"43136","Sant Carles de la Ràpita","1","4","1474","666"
"43136","Sant Carles de la Ràpita","1","5","995","394"
"43136","Sant Carles de la Ràpita","2","1","557","283"
"43136","Sant Carles de la Ràpita","2","2","512","259"
"43136","Sant Carles de la Ràpita","2","3","983","405"
"43136","Sant Carles de la Ràpita","2","4","810","418"
"43136","Sant Carles de la Ràpita","2","5","1226","669"
"43137","Sant Jaume dels Domenys","1","1","1930","1003"
"43138","Santa Bàrbara","1","1","1397","644"
"43138","Santa Bàrbara","2","1","1247","529"
"43139","Santa Coloma de Queralt","1","1","1199","683"
"43139","Santa Coloma de Queralt","2","1","814","478"
"43140","Santa Oliva","1","1","1095","582"
"43140","Santa Oliva","1","2","1391","571"
"43141","Pontils","1","1","113","72"
"43142","Sarral","1","1","1077","599"
"43143","Savallà del Comtat","1","1","51","36"
"43144","Secuita, la","1","1","1248","742"
"43145","Selva del Camp, la","1","1","1946","1125"
"43145","Selva del Camp, la","2","1","1274","766"
"43145","Selva del Camp, la","2","2","1060","687"
"43146","Senan","1","1","37","30"
"43147","Solivella","1","1","529","375"
"43148","Tarragona","1","1","974","493"
"43148","Tarragona","2","1","789","395"
"43148","Tarragona","3","1","723","396"
"43148","Tarragona","3","2","1358","951"
"43148","Tarragona","3","3","1671","1168"
"43148","Tarragona","4","1","1111","648"
"43148","Tarragona","4","2","595","328"
"43148","Tarragona","4","3","586","268"
"43148","Tarragona","4","4","844","451"
"43148","Tarragona","4","5","768","467"
"43148","Tarragona","4","6","1004","645"
"43148","Tarragona","4","7","636","394"
"43148","Tarragona","4","8","1102","608"
"43148","Tarragona","4","9","1328","919"
"43148","Tarragona","4","10","845","420"
"43148","Tarragona","4","12","494","280"
"43148","Tarragona","4","14","1205","662"
"43148","Tarragona","4","15","696","435"
"43148","Tarragona","4","16","1332","869"
"43148","Tarragona","5","1","746","465"
"43148","Tarragona","5","2","788","467"
"43148","Tarragona","5","3","1298","760"
"43148","Tarragona","5","4","907","510"
"43148","Tarragona","5","5","1205","608"
"43148","Tarragona","5","6","795","350"
"43148","Tarragona","5","7","701","379"
"43148","Tarragona","5","8","1127","634"
"43148","Tarragona","6","1","1230","776"
"43148","Tarragona","6","2","1894","1103"
"43148","Tarragona","6","3","1552","706"
"43148","Tarragona","6","4","650","325"
"43148","Tarragona","6","5","889","428"
"43148","Tarragona","6","6","575","210"
"43148","Tarragona","6","8","1236","732"
"43148","Tarragona","6","9","1512","801"
"43148","Tarragona","6","10","1114","639"
"43148","Tarragona","6","11","1043","573"
"43148","Tarragona","6","12","1375","900"
"43148","Tarragona","6","13","666","345"
"43148","Tarragona","6","15","875","367"
"43148","Tarragona","6","16","1920","1147"
"43148","Tarragona","7","1","1246","659"
"43148","Tarragona","7","2","1919","1045"
"43148","Tarragona","7","3","1410","573"
"43148","Tarragona","7","4","1955","1058"
"43148","Tarragona","7","5","602","179"
"43148","Tarragona","7","6","796","314"
"43148","Tarragona","7","7","1358","759"
"43148","Tarragona","7","8","2076","1369"
"43148","Tarragona","7","10","955","365"
"43148","Tarragona","7","11","1374","639"
"43148","Tarragona","7","12","1131","480"
"43148","Tarragona","7","13","1927","1208"
"43148","Tarragona","7","14","787","539"
"43148","Tarragona","7","15","1021","499"
"43148","Tarragona","7","16","1940","1159"
"43148","Tarragona","7","17","1438","891"
"43148","Tarragona","7","18","1365","743"
"43148","Tarragona","7","19","1747","827"
"43148","Tarragona","7","20","1076","697"
"43148","Tarragona","7","21","1462","764"
"43148","Tarragona","7","22","1093","561"
"43148","Tarragona","7","23","1124","773"
"43148","Tarragona","8","1","1118","433"
"43148","Tarragona","8","2","840","339"
"43148","Tarragona","8","3","1225","515"
"43148","Tarragona","8","4","770","284"
"43148","Tarragona","8","5","893","377"
"43148","Tarragona","8","6","1328","578"
"43148","Tarragona","8","7","1127","491"
"43148","Tarragona","8","8","878","344"
"43148","Tarragona","8","9","1910","923"
"43148","Tarragona","8","10","748","193"
"43148","Tarragona","8","11","914","453"
"43148","Tarragona","8","12","522","103"
"43148","Tarragona","8","13","725","303"
"43148","Tarragona","8","14","532","201"
"43148","Tarragona","9","1","1085","414"
"43148","Tarragona","9","2","694","237"
"43148","Tarragona","9","3","664","224"
"43148","Tarragona","9","4","893","345"
"43148","Tarragona","9","8","570","187"
"43148","Tarragona","9","9","654","272"
"43148","Tarragona","9","10","975","366"
"43149","Tivenys","1","1","681","423"
"43150","Tivissa","1","1","1219","834"
"43151","Torre de Fontaubella, la","1","1","106","83"
"43152","Torre de l'Espanyol, la","1","1","427","293"
"43153","Torredembarra","1","1","1627","736"
"43153","Torredembarra","1","2","1052","517"
"43153","Torredembarra","1","3","1343","718"
"43153","Torredembarra","1","4","1634","913"
"43153","Torredembarra","1","5","1418","653"
"43153","Torredembarra","1","6","1933","773"
"43153","Torredembarra","1","7","1437","664"
"43153","Torredembarra","1","8","1081","485"
"43154","Torroja del Priorat","1","1","121","99"
"43155","Tortosa","1","1","655","285"
"43155","Tortosa","1","2","510","284"
"43155","Tortosa","1","3","848","473"
"43155","Tortosa","1","4","1322","722"
"43155","Tortosa","1","5","567","166"
"43155","Tortosa","1","6","798","383"
"43155","Tortosa","1","7","1946","1063"
"43155","Tortosa","2","2","1518","891"
"43155","Tortosa","2","3","1157","553"
"43155","Tortosa","2","4","609","267"
"43155","Tortosa","2","5","921","498"
"43155","Tortosa","3","1","1320","548"
"43155","Tortosa","3","2","880","463"
"43155","Tortosa","3","4","1284","659"
"43155","Tortosa","4","1","1106","564"
"43155","Tortosa","4","2","880","413"
"43155","Tortosa","4","3","1023","394"
"43155","Tortosa","4","4","592","213"
"43155","Tortosa","4","5","1149","560"
"43155","Tortosa","4","6","1021","486"
"43155","Tortosa","4","7","801","353"
"43155","Tortosa","4","8","609","326"
"43155","Tortosa","4","9","1062","477"
"43156","Ulldecona","1","1","1271","682"
"43156","Ulldecona","1","2","1630","839"
"43156","Ulldecona","2","1","1092","473"
"43157","Ulldemolins","1","1","349","270"
"43158","Vallclara","1","1","74","56"
"43159","Vallfogona de Riucorb","1","1","76","59"
"43160","Vallmoll","1","1","1331","759"
"43161","Valls","1","1","503","230"
"43161","Valls","2","1","512","178"
"43161","Valls","3","1","1249","582"
"43161","Valls","4","1","891","492"
"43161","Valls","4","2","1240","579"
"43161","Valls","4","3","1266","593"
"43161","Valls","5","1","1296","661"
"43161","Valls","5","2","1806","912"
"43161","Valls","5","3","883","342"
"43161","Valls","6","1","1556","798"
"43161","Valls","6","2","1662","926"
"43161","Valls","6","3","1213","727"
"43161","Valls","6","4","791","380"
"43161","Valls","6","5","1268","706"
"43161","Valls","6","6","960","486"
"43162","Vandellòs i l'Hospitalet de l'Infant","1","1","752","522"
"43162","Vandellòs i l'Hospitalet de l'Infant","1","2","995","543"
"43162","Vandellòs i l'Hospitalet de l'Infant","1","3","1785","919"
"43162","Vandellòs i l'Hospitalet de l'Infant","1","4","944","501"
"43163","Vendrell, el","1","1","982","448"
"43163","Vendrell, el","1","2","968","454"
"43163","Vendrell, el","1","3","1277","617"
"43163","Vendrell, el","2","1","844","354"
"43163","Vendrell, el","2","2","1362","480"
"43163","Vendrell, el","2","3","1692","661"
"43163","Vendrell, el","2","4","1648","579"
"43163","Vendrell, el","2","5","1929","750"
"43163","Vendrell, el","3","1","1077","555"
"43163","Vendrell, el","3","2","1611","565"
"43163","Vendrell, el","3","3","1460","683"
"43163","Vendrell, el","3","4","1222","526"
"43163","Vendrell, el","3","5","920","446"
"43163","Vendrell, el","3","6","1477","739"
"43163","Vendrell, el","3","7","964","462"
"43163","Vendrell, el","3","8","1630","674"
"43163","Vendrell, el","3","9","1415","713"
"43163","Vendrell, el","3","10","678","362"
"43163","Vendrell, el","3","11","1016","471"
"43163","Vendrell, el","3","12","1532","695"
"43163","Vendrell, el","3","13","861","394"
"43164","Vespella de Gaià","1","1","319","180"
"43165","Vilabella","1","1","557","399"
"43166","Vilallonga del Camp","1","1","1628","850"
"43167","Vilanova d'Escornalbou","1","1","417","282"
"43168","Vilanova de Prades","1","1","82","53"
"43169","Vilaplana","1","1","434","355"
"43170","Vila-rodona","1","1","899","574"
"43171","Vila-seca","1","1","1737","916"
"43171","Vila-seca","1","2","1679","911"
"43171","Vila-seca","1","3","861","375"
"43171","Vila-seca","1","4","578","339"
"43171","Vila-seca","1","5","1009","494"
"43171","Vila-seca","1","6","1112","610"
"43171","Vila-seca","1","7","1516","677"
"43171","Vila-seca","1","8","1899","753"
"43171","Vila-seca","1","9","1155","631"
"43171","Vila-seca","1","10","1097","533"
"43171","Vila-seca","1","11","1824","981"
"43171","Vila-seca","1","12","558","216"
"43172","Vilaverd","1","1","341","177"
"43173","Vilella Alta, la","1","1","97","69"
"43174","Vilella Baixa, la","1","1","147","118"
"43175","Vilalba dels Arcs","1","1","531","318"
"43176","Vimbodí i Poblet","1","1","735","472"
"43177","Vinebre","1","1","287","219"
"43178","Vinyols i els Arcs","1","1","1495","883"
"43901","Deltebre","1","1","1588","657"
"43901","Deltebre","1","2","1814","769"
"43901","Deltebre","1","3","948","408"
"43901","Deltebre","1","4","1451","579"
"43901","Deltebre","1","5","1338","538"
"43901","Deltebre","1","6","1674","730"
"43902","Sant Jaume d'Enveja","1","1","1168","547"
"43902","Sant Jaume d'Enveja","1","2","1601","747"
"43903","Camarles","1","1","1621","772"
"43903","Camarles","1","2","706","265"
"43904","Aldea, l'","1","1","1634","673"
"43904","Aldea, l'","1","2","1217","515"
"43905","Salou","1","1","1961","932"
"43905","Salou","1","2","1441","529"
"43905","Salou","1","3","723","323"
"43905","Salou","1","4","919","388"
"43905","Salou","1","5","824","364"
"43905","Salou","1","6","1839","737"
"43905","Salou","1","7","1782","808"
"43905","Salou","1","8","1201","551"
"43905","Salou","1","9","824","442"
"43905","Salou","1","10","1392","732"
"43905","Salou","1","11","1481","782"
"43905","Salou","1","12","1026","489"
"43906","Ampolla, l'","1","1","1200","683"
"43906","Ampolla, l'","1","2","981","553"
"43907","Canonja, la","1","1","1180","565"
"43907","Canonja, la","1","2","1138","528"
"43907","Canonja, la","1","3","928","473"
"43907","Canonja, la","1","4","1179","516"
"43998","Residents Absents","1","1","19411","966"
