mun_code,mun_name,secciones,population,adults,electorate,voters,sin_derecho,turnout,pct_ad_vota,pct_ad_sinderecho,indep_share19,indep_share23,t2015_12,t2016_06,t2019_04,t2019_11,t2023_07
08001,Abrera,8,12930.0,10473.285,9577.0,6557.0,896.285,0.6847,0.6261,0.0856,0.2408,0.1316,0.7717,0.7091,0.8131,0.7541,0.6847
08002,Aguilar de Segarra,1,291.0,229.89,225.0,169.0,4.89,0.7511,0.7351,0.0213,0.8198,0.5976,0.703,0.6468,0.8364,0.7926,0.7511
08003,Alella,5,9889.0,7996.952,7261.0,4965.0,735.952,0.6838,0.6209,0.092,0.5524,0.3795,0.7221,0.6831,0.802,0.7521,0.6838
08004,Alpens,1,270.0,234.09,218.0,153.0,16.09,0.7018,0.6536,0.0687,0.9096,0.6797,0.7768,0.7399,0.9282,0.851,0.7018
08005,"Ametlla del Vallès, L'",5,9347.0,7517.151,7043.0,4759.0,474.151,0.6757,0.6331,0.0631,0.5954,0.3974,0.7231,0.6748,0.8028,0.7518,0.6757
08006,Arenys de Mar,9,16112.0,13540.827,12069.0,7812.0,1497.034,0.6473,0.5769,0.1106,0.5816,0.3784,0.6816,0.6286,0.7676,0.7113,0.6473
08007,Arenys de Munt,5,9405.0,7767.778,7157.0,4661.0,610.778,0.6513,0.6,0.0786,0.6844,0.4744,0.6967,0.6603,0.804,0.7504,0.6513
08008,Argençola,1,241.0,192.077,175.0,116.0,17.077,0.6629,0.6039,0.0889,0.7868,0.569,0.631,0.5789,0.7765,0.7771,0.6629
08009,Argentona,9,12707.0,10384.315,9825.0,6574.0,739.306,0.6691,0.6331,0.0712,0.5376,0.3602,0.7238,0.6761,0.8069,0.7554,0.6691
08010,Artés,4,5987.0,4909.115,4353.0,2749.0,556.115,0.6315,0.56,0.1133,0.6581,0.4722,0.6854,0.6312,0.7908,0.736,0.6315
08011,Avià,1,2242.0,1865.344,1751.0,1096.0,114.344,0.6259,0.5876,0.0613,0.8353,0.625,0.6989,0.619,0.8103,0.7821,0.6259
08012,Avinyó,1,2290.0,1907.57,1717.0,1124.0,190.57,0.6546,0.5892,0.0999,0.7793,0.5836,0.7011,0.6429,0.7786,0.7665,0.6546
08013,Avinyonet del Penedès,1,1731.0,1464.426,1344.0,910.0,120.426,0.6771,0.6214,0.0822,0.6344,0.4319,0.7162,0.6552,0.8125,0.763,0.6771
08014,Aiguafreda,1,2549.0,2184.493,2065.0,1404.0,119.493,0.6799,0.6427,0.0547,0.6684,0.4544,0.7363,0.6962,0.789,0.7581,0.6799
08015,Badalona,149,223690.0,183959.924,155793.0,99230.0,28935.625,0.6369,0.5394,0.1573,0.2786,0.1664,0.7004,0.6394,0.7547,0.6972,0.6369
08016,Bagà,1,2170.0,1898.75,1809.0,1220.0,89.75,0.6744,0.6425,0.0473,0.6419,0.4475,0.6745,0.6204,0.8024,0.7604,0.6744
08017,Balenyà,3,3956.0,3280.633,2919.0,1880.0,361.633,0.6441,0.5731,0.1102,0.6306,0.4191,0.6851,0.6159,0.7754,0.724,0.6441
08018,Balsareny,2,3286.0,2820.746,2614.0,1642.0,206.746,0.6282,0.5821,0.0733,0.5212,0.3965,0.691,0.6411,0.7832,0.7331,0.6282
08019,Barcelona,1068,1613579.0,1385633.008,1084347.0,730726.0,303747.826,0.6739,0.5274,0.2192,0.4013,0.2625,0.7227,0.676,0.7834,0.7342,0.6739
08020,Begues,3,7361.0,5873.339,5489.0,3976.0,384.339,0.7244,0.677,0.0654,0.5123,0.3446,0.7592,0.7152,0.8386,0.7852,0.7244
08021,Bellprat,1,69.0,63.963,66.0,42.0,0.0,0.6364,0.6566,0.0,0.6818,0.7143,0.7536,0.7,0.7705,0.7333,0.6364
08022,Berga,13,16950.0,14243.477,12220.0,7076.0,2023.477,0.5791,0.4968,0.1421,0.7113,0.5189,0.6371,0.5904,0.7438,0.7037,0.5791
08023,Bigues i Riells del Fai,5,9979.0,8145.046,7680.0,4975.0,465.046,0.6478,0.6108,0.0571,0.4917,0.3222,0.6953,0.646,0.7721,0.7152,0.6478
08024,Borredà,1,408.0,370.872,345.0,222.0,25.872,0.6435,0.5986,0.0698,0.773,0.5901,0.7087,0.6295,0.8431,0.7899,0.6435
08025,"Bruc, El",1,2280.0,1853.64,1733.0,1180.0,120.64,0.6809,0.6366,0.0651,0.5282,0.3398,0.7315,0.6584,0.7954,0.7438,0.6809
08026,"Brull, El",1,279.0,224.874,214.0,145.0,10.874,0.6776,0.6448,0.0484,0.8649,0.6276,0.8289,0.7128,0.8342,0.759,0.6776
08027,"Cabanyes, Les",1,991.0,774.962,763.0,534.0,11.962,0.6999,0.6891,0.0154,0.5993,0.485,0.7638,0.7074,0.8222,0.8066,0.6999
08028,Cabrera d'Anoia,1,1712.0,1426.096,1297.0,791.0,129.096,0.6099,0.5547,0.0905,0.3293,0.2149,0.7022,0.6328,0.7197,0.6613,0.6099
08029,Cabrera de Mar,2,4978.0,4089.802,3759.0,2758.0,330.802,0.7337,0.6744,0.0809,0.5973,0.4336,0.7693,0.7103,0.8503,0.7998,0.7337
08030,Cabrils,3,7716.0,6275.127,5468.0,3759.0,807.127,0.6875,0.599,0.1286,0.6227,0.4259,0.7315,0.6798,0.8289,0.7767,0.6875
08031,Calaf,2,3595.0,2871.656,2293.0,1487.0,578.656,0.6485,0.5178,0.2015,0.6244,0.4028,0.714,0.6684,0.8074,0.7525,0.6485
08032,Caldes d'Estrac,1,3136.0,2634.24,2244.0,1510.0,390.24,0.6729,0.5732,0.1481,0.5435,0.3464,0.7146,0.6658,0.77,0.701,0.6729
08033,Caldes de Montbui,10,18027.0,14873.201,13630.0,9000.0,1243.201,0.6603,0.6051,0.0836,0.5191,0.3542,0.7214,0.6684,0.7929,0.7455,0.6603
08034,Calders,1,1114.0,916.822,858.0,609.0,58.822,0.7098,0.6643,0.0642,0.7966,0.5961,0.7076,0.7051,0.8265,0.7854,0.7098
08035,Calella,9,19545.0,16296.144,13230.0,8294.0,3066.144,0.6269,0.509,0.1882,0.5102,0.3488,0.6814,0.6278,0.7438,0.6887,0.6269
08036,Calonge de Segarra,1,174.0,151.032,159.0,112.0,0.0,0.7044,0.7416,0.0,0.8279,0.7054,0.7107,0.6442,0.8221,0.7485,0.7044
08037,Calldetenes,1,2647.0,2159.952,1983.0,1278.0,176.952,0.6445,0.5917,0.0819,0.8203,0.6362,0.7349,0.6663,0.8383,0.7946,0.6445
08038,Callús,1,2118.0,1702.872,1563.0,998.0,139.872,0.6385,0.5861,0.0821,0.6758,0.481,0.6633,0.6449,0.8052,0.7326,0.6385
08039,Campins,1,596.0,494.084,454.0,336.0,40.084,0.7401,0.68,0.0811,0.677,0.4137,0.7316,0.7348,0.8308,0.7797,0.7401
08040,Canet de Mar,10,14795.0,12335.203,11336.0,7326.0,1016.443,0.6463,0.5939,0.0824,0.5358,0.3471,0.6934,0.6391,0.7695,0.7127,0.6463
08041,Canovelles,8,17004.0,13556.499,10827.0,6445.0,2729.499,0.5953,0.4754,0.2013,0.2183,0.1427,0.7069,0.6425,0.73,0.6846,0.5953
08042,Cànoves i Samalús,2,3271.0,2672.377,2562.0,1676.0,110.377,0.6542,0.6272,0.0413,0.4278,0.2679,0.747,0.7015,0.8086,0.7414,0.6542
08043,Canyelles,3,5360.0,4418.476,3841.0,2425.0,577.476,0.6313,0.5488,0.1307,0.3475,0.2252,0.6947,0.6423,0.7635,0.7115,0.6313
08044,Capellades,3,5526.0,4597.268,4196.0,2743.0,401.268,0.6537,0.5967,0.0873,0.5242,0.3606,0.7125,0.6614,0.772,0.7197,0.6537
08045,Capolat,1,92.0,71.024,69.0,43.0,2.024,0.6232,0.6054,0.0285,0.8864,0.6744,0.5833,0.5068,0.7324,0.6769,0.6232
08046,Cardedeu,10,18965.0,15256.61,14207.0,9880.0,1076.95,0.6954,0.6476,0.0706,0.5443,0.3604,0.736,0.6813,0.8153,0.7762,0.6954
08047,Cardona,4,4539.0,3874.258,3619.0,2295.0,262.034,0.6342,0.5924,0.0676,0.5454,0.3407,0.6637,0.5878,0.7768,0.6931,0.6342
08048,Carme,1,819.0,696.969,599.0,387.0,97.969,0.6461,0.5553,0.1406,0.7705,0.5581,0.7307,0.7199,0.7768,0.7362,0.6461
08049,Casserres,1,1664.0,1394.432,1302.0,763.0,92.432,0.586,0.5472,0.0663,0.811,0.6252,0.6677,0.611,0.7432,0.6952,0.586
08050,Castellar del Riu,1,163.0,131.052,135.0,88.0,0.0,0.6519,0.6715,0.0,0.8559,0.7841,0.7589,0.7021,0.8456,0.8489,0.6519
08051,Castellar del Vallès,14,25022.0,20494.195,19648.0,13546.0,1093.952,0.6894,0.661,0.0534,0.461,0.2977,0.7344,0.6764,0.8109,0.7599,0.6894
08052,Castellar de n'Hug,1,164.0,154.98,151.0,95.0,3.98,0.6291,0.613,0.0257,0.8039,0.5368,0.6763,0.6241,0.7986,0.7286,0.6291
08053,Castellbell i el Vilar,2,4057.0,3360.123,3110.0,1920.0,250.123,0.6174,0.5714,0.0744,0.4765,0.3104,0.6378,0.5757,0.7347,0.6695,0.6174
08054,Castellbisbal,6,12887.0,10367.19,9584.0,6748.0,852.244,0.7041,0.6509,0.0822,0.3756,0.2389,0.7486,0.6859,0.8157,0.759,0.7041
08055,Castellcir,1,761.0,610.322,587.0,393.0,23.322,0.6695,0.6439,0.0382,0.7113,0.4758,0.7148,0.6378,0.8189,0.786,0.6695
08056,Castelldefels,37,68376.0,56129.644,43412.0,28987.0,12717.644,0.6677,0.5164,0.2266,0.27,0.1593,0.7162,0.6675,0.7774,0.7197,0.6677
08057,Castell de l'Areny,1,69.0,64.998,63.0,43.0,1.998,0.6825,0.6616,0.0307,0.8298,0.5349,0.7119,0.75,0.8197,0.7705,0.6825
08058,Castellet i la Gornal,1,2620.0,2166.74,1974.0,1232.0,192.74,0.6241,0.5686,0.089,0.4289,0.2573,0.6946,0.637,0.7594,0.708,0.6241
08059,Castellfollit del Boix,1,460.0,381.8,377.0,239.0,4.8,0.634,0.626,0.0126,0.7843,0.5858,0.655,0.562,0.8488,0.75,0.634
08060,Castellfollit de Riubregós,1,151.0,130.011,134.0,89.0,0.0,0.6642,0.6846,0.0,0.7545,0.5618,0.6993,0.6042,0.8222,0.7914,0.6642
08061,Castellgalí,1,2300.0,1869.9,1766.0,1148.0,103.9,0.6501,0.6139,0.0556,0.422,0.2561,0.7037,0.6587,0.7774,0.7088,0.6501
08062,Castellnou de Bages,1,1401.0,1102.587,1066.0,699.0,36.587,0.6557,0.634,0.0332,0.617,0.4392,0.7108,0.6475,0.8257,0.7711,0.6557
08063,Castellolí,1,648.0,522.288,498.0,382.0,24.288,0.7671,0.7314,0.0465,0.7795,0.5785,0.8103,0.7439,0.8675,0.8316,0.7671
08064,Castellterçol,2,2682.0,2241.219,2057.0,1284.0,184.219,0.6242,0.5729,0.0822,0.6921,0.4836,0.714,0.6741,0.7896,0.7357,0.6242
08065,Castellví de la Marca,1,1693.0,1413.655,1250.0,853.0,163.655,0.6824,0.6034,0.1158,0.6935,0.4853,0.7099,0.6777,0.8195,0.7777,0.6824
08066,Castellví de Rosanes,1,1984.0,1614.976,1591.0,1116.0,23.976,0.7014,0.691,0.0148,0.44,0.302,0.7544,0.6784,0.81,0.7565,0.7014
08067,Centelles,4,7734.0,6383.299,5954.0,3864.0,429.299,0.649,0.6053,0.0673,0.6692,0.4332,0.6808,0.6301,0.7917,0.7482,0.649
08068,Cervelló,5,9436.0,7660.684,7084.0,4843.0,576.684,0.6837,0.6322,0.0753,0.4175,0.268,0.7081,0.6509,0.7933,0.7379,0.6837
08069,Collbató,3,4816.0,3896.717,3712.0,2581.0,184.717,0.6953,0.6624,0.0474,0.5295,0.3313,0.7364,0.6819,0.8204,0.7689,0.6953
08070,Collsuspina,1,390.0,303.81,297.0,210.0,6.81,0.7071,0.6912,0.0224,0.8047,0.6429,0.7341,0.7293,0.8722,0.7993,0.7071
08071,Copons,1,352.0,279.84,268.0,204.0,11.84,0.7612,0.729,0.0423,0.7368,0.5147,0.6971,0.6792,0.8299,0.8394,0.7612
08072,Corbera de Llobregat,11,15462.0,12604.78,11326.0,7399.0,1311.491,0.6533,0.587,0.104,0.4676,0.2864,0.6794,0.6299,0.7689,0.7087,0.6533
08073,Cornellà de Llobregat,66,90587.0,75573.269,62947.0,42177.0,12643.859,0.67,0.5581,0.1673,0.189,0.1147,0.7397,0.6839,0.7794,0.7261,0.67
08074,Cubelles,10,17129.0,14125.484,12189.0,7910.0,1936.484,0.6489,0.56,0.1371,0.3228,0.1853,0.6904,0.6341,0.7484,0.6879,0.6489
08075,Dosrius,3,6059.0,4852.503,4514.0,2956.0,338.503,0.6549,0.6092,0.0698,0.4663,0.2872,0.6991,0.6384,0.7704,0.7121,0.6549
08076,Esparreguera,11,22343.0,18440.351,16939.0,11007.0,1575.599,0.6498,0.5969,0.0854,0.3792,0.2379,0.7143,0.6588,0.7719,0.7254,0.6498
08077,Esplugues de Llobregat,28,47003.0,39219.422,33765.0,23156.0,5454.422,0.6858,0.5904,0.1391,0.2475,0.159,0.7555,0.6975,0.7987,0.7465,0.6858
08078,"Espunyola, L'",1,263.0,219.868,219.0,139.0,0.868,0.6347,0.6322,0.0039,0.8636,0.6835,0.625,0.5114,0.8037,0.713,0.6347
08079,"Estany, L'",1,401.0,346.063,331.0,234.0,15.063,0.7069,0.6762,0.0435,0.8077,0.6795,0.7493,0.7464,0.8503,0.7808,0.7069
08080,Fígols,1,42.0,38.01,39.0,27.0,0.0,0.6923,0.7103,0.0,0.6296,0.4815,0.7368,0.7647,0.7692,0.675,0.6923
08081,Fogars de Montclús,1,492.0,395.076,369.0,225.0,26.076,0.6098,0.5695,0.066,0.8175,0.6133,0.7391,0.6549,0.847,0.7851,0.6098
08082,Fogars de la Selva,1,1649.0,1406.597,1331.0,802.0,75.597,0.6026,0.5702,0.0537,0.3304,0.2157,0.6852,0.6242,0.7594,0.6838,0.6026
08083,Folgueroles,1,2262.0,1832.22,1756.0,1243.0,76.22,0.7079,0.6784,0.0416,0.8597,0.7056,0.7688,0.6842,0.884,0.8571,0.7079
08084,Fonollosa,1,1584.0,1324.224,1252.0,837.0,72.224,0.6685,0.6321,0.0545,0.6574,0.4707,0.7004,0.6769,0.8063,0.7696,0.6685
08085,Font-rubí,1,1403.0,1182.729,1018.0,708.0,164.729,0.6955,0.5986,0.1393,0.7516,0.5777,0.7228,0.662,0.832,0.7799,0.6955
08086,"Franqueses del Vallès, Les",11,20333.0,16326.311,14551.0,9261.0,1775.311,0.6365,0.5672,0.1087,0.3845,0.2392,0.6973,0.6341,0.7666,0.7053,0.6365
08087,Gallifa,1,174.0,155.034,143.0,102.0,12.034,0.7133,0.6579,0.0776,0.7667,0.5588,0.8239,0.7961,0.906,0.8333,0.7133
08088,"Garriga, La",10,16989.0,13815.958,12668.0,8672.0,1147.958,0.6846,0.6277,0.0831,0.6055,0.4199,0.7334,0.6848,0.812,0.7545,0.6846
08089,Gavà,29,47735.0,39130.167,34229.0,22654.0,4901.167,0.6618,0.5789,0.1253,0.2596,0.1577,0.7221,0.6567,0.7736,0.718,0.6618
08090,Gaià,1,178.0,145.07,137.0,97.0,8.07,0.708,0.6686,0.0556,0.8276,0.6804,0.7984,0.7891,0.8248,0.8169,0.708
08091,Gelida,3,8007.0,6462.685,5733.0,3786.0,729.685,0.6604,0.5858,0.1129,0.4659,0.2784,0.7266,0.6886,0.7946,0.7458,0.6604
08092,Gironella,3,5030.0,4145.493,3678.0,2413.0,467.493,0.6561,0.5821,0.1128,0.7135,0.5052,0.6956,0.6341,0.7841,0.7428,0.6561
08093,Gisclareny,1,30.0,27.99,25.0,19.0,2.99,0.76,0.6788,0.1068,0.9545,0.5789,0.7308,0.7778,0.8333,0.88,0.76
08094,"Granada, La",1,2263.0,1821.715,1666.0,1211.0,155.715,0.7269,0.6648,0.0855,0.6383,0.4699,0.7384,0.7133,0.826,0.7922,0.7269
08095,Granera,1,83.0,80.012,84.0,59.0,0.0,0.7024,0.7374,0.0,0.8367,0.5932,0.7042,0.6575,0.791,0.7424,0.7024
08096,Granollers,35,62674.0,52065.332,44405.0,29313.0,7660.332,0.6601,0.563,0.1471,0.4092,0.2658,0.7243,0.6756,0.7822,0.7312,0.6601
08097,Gualba,1,1609.0,1279.155,1222.0,834.0,57.155,0.6825,0.652,0.0447,0.6675,0.4101,0.7167,0.7003,0.825,0.7661,0.6825
08098,Sant Salvador de Guardiola,2,3363.0,2755.086,2667.0,1743.0,88.086,0.6535,0.6326,0.032,0.5126,0.3505,0.6988,0.6485,0.7954,0.7305,0.6535
08099,Guardiola de Berguedà,1,951.0,833.076,745.0,487.0,88.076,0.6537,0.5846,0.1057,0.6862,0.4353,0.6862,0.6502,0.7503,0.7025,0.6537
08100,Gurb,2,2645.0,2129.136,2132.0,1494.0,12.92,0.7008,0.7017,0.0061,0.8231,0.6278,0.751,0.6972,0.8566,0.8195,0.7008
08101,"Hospitalet de Llobregat, L'",195,278115.0,233527.399,175261.0,108831.0,58266.399,0.621,0.466,0.2495,0.2066,0.1195,0.7086,0.6507,0.7428,0.6933,0.621
08102,Igualada,25,41371.0,33853.287,29320.0,18733.0,4533.287,0.6389,0.5534,0.1339,0.5755,0.4041,0.7041,0.6526,0.7786,0.7294,0.6389
08103,Jorba,1,827.0,688.891,667.0,438.0,21.891,0.6567,0.6358,0.0318,0.6744,0.4475,0.683,0.632,0.7922,0.7301,0.6567
08104,"Llacuna, La",1,984.0,834.432,702.0,473.0,132.432,0.6738,0.5669,0.1587,0.7681,0.5624,0.6525,0.6362,0.7902,0.7549,0.6738
08105,"Llagosta, La",9,12964.0,10765.563,9513.0,6219.0,1252.563,0.6537,0.5777,0.1163,0.1576,0.0931,0.7389,0.664,0.7771,0.7131,0.6537
08106,Llinars del Vallès,6,10521.0,8700.304,7955.0,5279.0,779.888,0.6636,0.6068,0.0896,0.4939,0.3254,0.7234,0.6692,0.7787,0.7256,0.6636
08107,Lliçà d'Amunt,10,16182.0,13321.496,12753.0,8365.0,650.082,0.6559,0.6279,0.0488,0.3288,0.2029,0.7102,0.6529,0.7818,0.7191,0.6559
08108,Lliçà de Vall,4,6803.0,5615.165,5354.0,3705.0,261.165,0.692,0.6598,0.0465,0.375,0.264,0.7493,0.698,0.8097,0.7489,0.692
08109,Lluçà,1,289.0,236.98,231.0,155.0,5.98,0.671,0.6541,0.0252,0.8807,0.7032,0.8131,0.75,0.8846,0.8502,0.671
08110,Malgrat de Mar,9,18869.0,15849.812,14031.0,8889.0,1818.812,0.6335,0.5608,0.1148,0.4145,0.2817,0.6878,0.6351,0.7438,0.6848,0.6335
08111,Malla,1,274.0,223.036,199.0,148.0,24.036,0.7437,0.6636,0.1078,0.8359,0.6622,0.8565,0.8486,0.9302,0.9028,0.7437
08112,Manlleu,12,21131.0,16876.167,12856.0,7737.0,4020.167,0.6018,0.4585,0.2382,0.611,0.426,0.6717,0.6034,0.7593,0.717,0.6018
08113,Manresa,52,78985.0,64436.239,52038.0,32071.0,12398.239,0.6163,0.4977,0.1924,0.57,0.3878,0.6706,0.6217,0.7569,0.701,0.6163
08114,Martorell,15,28094.0,22857.413,19168.0,12568.0,3707.049,0.6557,0.5498,0.1622,0.3286,0.2023,0.7197,0.6616,0.7642,0.7176,0.6557
08115,Martorelles,3,4944.0,4055.754,3787.0,2556.0,268.754,0.6749,0.6302,0.0663,0.3839,0.2586,0.7427,0.6815,0.7827,0.7258,0.6749
08116,"Masies de Roda, Les",1,749.0,609.686,563.0,399.0,46.686,0.7087,0.6544,0.0766,0.7862,0.594,0.7234,0.6696,0.8226,0.8061,0.7087
08117,"Masies de Voltregà, Les",2,3292.0,2738.344,2559.0,1657.0,179.344,0.6475,0.6051,0.0655,0.6868,0.4991,0.7097,0.6539,0.8286,0.7851,0.6475
08118,"Masnou, El",14,24101.0,20145.598,17903.0,12438.0,2242.598,0.6947,0.6174,0.1113,0.5207,0.3301,0.7352,0.6943,0.8038,0.7627,0.6947
08119,Masquefa,6,10002.0,8152.893,7469.0,4858.0,701.301,0.6504,0.5959,0.086,0.3524,0.2297,0.7307,0.6722,0.7827,0.7389,0.6504
08120,Matadepera,4,9719.0,7695.427,7479.0,5166.0,277.955,0.6907,0.6713,0.0361,0.7042,0.5356,0.7441,0.6888,0.836,0.7924,0.6907
08121,Mataró,75,128649.0,105374.777,88576.0,58445.0,16874.036,0.6598,0.5546,0.1601,0.3699,0.238,0.7118,0.6606,0.7748,0.7194,0.6598
08122,Mediona,1,2594.0,2098.546,1928.0,1161.0,170.546,0.6022,0.5532,0.0813,0.5632,0.3368,0.6637,0.636,0.7343,0.6803,0.6022
08123,Molins de Rei,12,26714.0,21795.825,20119.0,14521.0,1698.249,0.7218,0.6662,0.0779,0.4778,0.3115,0.7624,0.7083,0.8311,0.7858,0.7218
08124,Mollet del Vallès,31,51422.0,42831.774,37490.0,24736.0,5429.798,0.6598,0.5775,0.1268,0.2767,0.1643,0.7338,0.6734,0.7829,0.7304,0.6598
08125,Montcada i Reixac,22,36784.0,29725.981,25967.0,17042.0,3922.749,0.6563,0.5733,0.132,0.2718,0.1612,0.7221,0.6541,0.7737,0.7166,0.6563
08126,Montgat,4,12523.0,10199.595,9003.0,6073.0,1196.595,0.6746,0.5954,0.1173,0.4079,0.2496,0.7411,0.6775,0.8037,0.7493,0.6746
08127,Monistrol de Montserrat,2,3148.0,2571.657,2268.0,1408.0,303.657,0.6208,0.5475,0.1181,0.5084,0.3438,0.647,0.6063,0.7562,0.6868,0.6208
08128,Monistrol de Calders,1,762.0,656.844,635.0,384.0,21.844,0.6047,0.5846,0.0333,0.7453,0.5781,0.6702,0.6661,0.7868,0.7392,0.6047
08129,Muntanyola,1,712.0,580.28,566.0,344.0,14.28,0.6078,0.5928,0.0246,0.7744,0.5727,0.7061,0.6905,0.8388,0.821,0.6078
08130,Montclar,1,132.0,104.94,103.0,61.0,1.94,0.5922,0.5813,0.0185,0.8395,0.7541,0.6875,0.5895,0.8241,0.7364,0.5922
08131,Montesquiu,1,1084.0,876.956,796.0,534.0,80.956,0.6709,0.6089,0.0923,0.7681,0.4944,0.7439,0.669,0.7895,0.7409,0.6709
08132,Montmajor,1,474.0,393.894,364.0,232.0,29.894,0.6374,0.589,0.0759,0.7736,0.6121,0.6834,0.5561,0.7784,0.7444,0.6374
08133,Montmaneu,1,185.0,160.025,144.0,109.0,16.025,0.7569,0.6811,0.1001,0.7188,0.5505,0.5938,0.5625,0.7656,0.7805,0.7569
08134,Figaró-Montmany,1,1142.0,966.132,907.0,607.0,59.132,0.6692,0.6283,0.0612,0.61,0.4201,0.6974,0.6679,0.7708,0.7288,0.6692
08135,Montmeló,5,8861.0,7469.611,6845.0,4892.0,624.611,0.7147,0.6549,0.0836,0.2622,0.1582,0.7768,0.7208,0.8083,0.7662,0.7147
08136,Montornès del Vallès,10,16991.0,13699.843,11950.0,8022.0,1749.843,0.6713,0.5856,0.1277,0.218,0.1309,0.738,0.6728,0.7886,0.7293,0.6713
08137,Montseny,1,379.0,316.086,300.0,184.0,16.086,0.6133,0.5821,0.0509,0.7692,0.5598,0.7774,0.7176,0.8467,0.7647,0.6133
08138,Moià,3,6643.0,5524.79,4782.0,3032.0,742.79,0.634,0.5488,0.1344,0.6872,0.4918,0.6697,0.621,0.775,0.7366,0.634
08139,Mura,1,232.0,200.912,193.0,132.0,7.912,0.6839,0.657,0.0394,0.7838,0.5909,0.7778,0.7543,0.8814,0.8605,0.6839
08140,Navarcles,3,6085.0,5120.844,4850.0,3121.0,270.844,0.6435,0.6095,0.0529,0.5628,0.3755,0.7012,0.6531,0.7861,0.7353,0.6435
08141,Navàs,5,6163.0,5115.087,4602.0,3014.0,513.087,0.6549,0.5892,0.1003,0.6572,0.4947,0.6913,0.6472,0.7896,0.7359,0.6549
08142,"Nou de Berguedà, La",1,163.0,145.07,140.0,101.0,5.07,0.7214,0.6962,0.0349,0.7521,0.5743,0.7955,0.7744,0.9065,0.8603,0.7214
08143,Òdena,2,3644.0,2947.696,2814.0,1791.0,133.696,0.6365,0.6076,0.0454,0.4691,0.316,0.7044,0.6406,0.7801,0.7294,0.6365
08144,Olvan,1,910.0,786.24,739.0,474.0,47.24,0.6414,0.6029,0.0601,0.7568,0.5738,0.6895,0.6234,0.7924,0.7632,0.6414
08145,Olèrdola,2,3927.0,3190.913,2899.0,1984.0,291.913,0.6844,0.6218,0.0915,0.5583,0.3886,0.7455,0.6826,0.7982,0.7596,0.6844
08146,Olesa de Bonesvalls,2,2080.0,1702.698,1603.0,1077.0,99.698,0.6719,0.6325,0.0586,0.3845,0.2368,0.7386,0.6882,0.7997,0.7442,0.6719
08147,Olesa de Montserrat,12,24500.0,19853.98,17899.0,12001.0,1954.98,0.6705,0.6045,0.0985,0.4029,0.2654,0.7307,0.6613,0.7895,0.7291,0.6705
08148,Olivella,2,4441.0,3546.408,2624.0,1648.0,922.408,0.628,0.4647,0.2601,0.342,0.1869,0.7113,0.6677,0.7725,0.7061,0.628
08149,Olost,1,1202.0,1030.114,981.0,579.0,49.114,0.5902,0.5621,0.0477,0.8219,0.5786,0.6647,0.573,0.7825,0.7163,0.5902
08150,Orís,1,349.0,298.046,285.0,187.0,13.046,0.6561,0.6274,0.0438,0.7874,0.5668,0.7326,0.7294,0.8406,0.8023,0.6561
08151,Oristà,1,559.0,477.945,476.0,300.0,1.945,0.6303,0.6277,0.0041,0.8262,0.65,0.7257,0.618,0.8438,0.78,0.6303
08152,Orpí,1,179.0,144.99,132.0,99.0,12.99,0.75,0.6828,0.0896,0.8404,0.5859,0.7368,0.7018,0.8103,0.8034,0.75
08153,Òrrius,1,806.0,656.89,618.0,443.0,38.89,0.7168,0.6744,0.0592,0.7571,0.5237,0.806,0.7175,0.8229,0.7976,0.7168
08154,Pacs del Penedès,1,921.0,747.852,695.0,501.0,52.852,0.7209,0.6699,0.0707,0.6211,0.4451,0.7709,0.7098,0.8374,0.7762,0.7209
08155,Palafolls,6,9851.0,7963.945,7406.0,4895.0,557.945,0.661,0.6146,0.0701,0.3784,0.2443,0.7095,0.6468,0.7797,0.7157,0.661
08156,Palau-solità i Plegamans,9,15236.0,12550.78,11589.0,7822.0,961.78,0.675,0.6232,0.0766,0.4146,0.2939,0.7336,0.6723,0.8029,0.75,0.675
08157,Pallejà,5,11603.0,9411.734,8885.0,6278.0,639.123,0.7066,0.667,0.0679,0.3325,0.219,0.7548,0.6947,0.813,0.7597,0.7066
08158,"Papiol, El",2,4334.0,3544.97,3221.0,2193.0,323.97,0.6808,0.6186,0.0914,0.4666,0.3096,0.6976,0.6665,0.7909,0.7308,0.6808
08159,Parets del Vallès,11,18729.0,15395.554,14356.0,9602.0,1039.554,0.6688,0.6237,0.0675,0.36,0.2315,0.7352,0.6664,0.7959,0.7429,0.6688
08160,Perafita,1,438.0,366.168,331.0,208.0,35.168,0.6284,0.568,0.096,0.8291,0.7115,0.6576,0.6361,0.7975,0.7382,0.6284
08161,Piera,9,17400.0,14259.182,12807.0,7768.0,1452.182,0.6065,0.5448,0.1018,0.3812,0.2383,0.6871,0.6276,0.7329,0.6766,0.6065
08162,"Hostalets de Pierola, Els",1,3208.0,2572.816,2315.0,1523.0,257.816,0.6579,0.592,0.1002,0.4915,0.3283,0.7155,0.6839,0.7811,0.7465,0.6579
08163,Pineda de Mar,14,29137.0,24430.901,20453.0,12979.0,3977.901,0.6346,0.5313,0.1628,0.3536,0.2324,0.6894,0.6331,0.7497,0.6822,0.6346
08164,"Pla del Penedès, El",1,1352.0,1074.84,962.0,680.0,112.84,0.7069,0.6327,0.105,0.696,0.5309,0.7146,0.6769,0.8394,0.8013,0.7069
08165,"Pobla de Claramunt, La",1,2356.0,1910.716,1749.0,1153.0,161.716,0.6592,0.6034,0.0846,0.5633,0.3634,0.7127,0.6671,0.7903,0.7006,0.6592
08166,"Pobla de Lillet, La",1,1088.0,968.32,925.0,628.0,43.32,0.6789,0.6485,0.0447,0.6843,0.5334,0.68,0.6367,0.7827,0.7261,0.6789
08167,Polinyà,5,8546.0,6727.589,6182.0,4205.0,545.589,0.6802,0.625,0.0811,0.2409,0.1413,0.7591,0.6905,0.7991,0.7464,0.6802
08168,Pontons,1,518.0,452.732,385.0,247.0,67.732,0.6416,0.5456,0.1496,0.5071,0.3198,0.6267,0.6453,0.7284,0.7216,0.6416
08169,"Prat de Llobregat, El",40,64939.0,53694.51,48558.0,32522.0,5136.51,0.6698,0.6057,0.0957,0.2164,0.1289,0.7418,0.6837,0.7772,0.7278,0.6698
08170,"Prats de Rei, Els",1,527.0,446.896,458.0,260.0,0.0,0.5677,0.5818,0.0,0.7733,0.4923,0.6555,0.6133,0.7647,0.7285,0.5677
08171,Prats de Lluçanès,2,2684.0,2269.697,2034.0,1276.0,235.697,0.6273,0.5622,0.1038,0.8013,0.6176,0.6651,0.6125,0.7778,0.7429,0.6273
08172,Premià de Mar,16,28508.0,23816.625,20749.0,13887.0,3067.625,0.6693,0.5831,0.1288,0.4445,0.2837,0.723,0.6826,0.7933,0.7395,0.6693
08174,Puigdàlber,1,617.0,472.005,424.0,300.0,48.005,0.7075,0.6356,0.1017,0.6925,0.5133,0.7766,0.7219,0.8418,0.8299,0.7075
08175,Puig-reig,3,4295.0,3613.548,3390.0,2038.0,223.548,0.6012,0.564,0.0619,0.6956,0.5471,0.6654,0.6215,0.7411,0.7088,0.6012
08176,Pujalt,1,212.0,178.08,163.0,108.0,15.08,0.6626,0.6065,0.0847,0.7731,0.5741,0.7152,0.6987,0.8199,0.7532,0.6626
08177,"Quar, La",1,44.0,37.004,29.0,20.0,8.004,0.6897,0.5405,0.2163,0.7407,0.65,0.625,0.75,0.7949,0.75,0.6897
08178,Rajadell,1,594.0,495.99,459.0,325.0,36.99,0.7081,0.6553,0.0746,0.6915,0.5231,0.7372,0.7103,0.8625,0.8176,0.7081
08179,Rellinars,1,920.0,760.84,733.0,490.0,27.84,0.6685,0.644,0.0366,0.5107,0.4204,0.7375,0.6839,0.8118,0.7327,0.6685
08180,Ripollet,20,39331.0,31857.153,27680.0,18343.0,4177.153,0.6627,0.5758,0.1311,0.2268,0.126,0.7372,0.6608,0.7838,0.7288,0.6627
08181,"Roca del Vallès, La",5,10804.0,8874.681,8475.0,5637.0,399.681,0.6651,0.6352,0.045,0.4744,0.3002,0.7313,0.6565,0.7992,0.7315,0.6651
08182,"Pont de Vilomara i Rocafort, El",1,4139.0,3365.007,3091.0,1944.0,274.007,0.6289,0.5777,0.0814,0.3435,0.216,0.7274,0.64,0.7666,0.6985,0.6289
08183,Roda de Ter,4,6851.0,5560.901,4660.0,2857.0,900.901,0.6131,0.5138,0.162,0.7184,0.5124,0.6908,0.6172,0.7951,0.7448,0.6131
08184,Rubí,42,80433.0,65592.346,56310.0,36225.0,10157.811,0.6433,0.5523,0.1549,0.281,0.1664,0.7039,0.6455,0.7592,0.6997,0.6433
08185,Rubió,1,225.0,193.05,201.0,135.0,0.0,0.6716,0.6993,0.0,0.6296,0.4593,0.6804,0.6543,0.8731,0.8223,0.6716
08187,Sabadell,158,219847.0,180075.147,155301.0,103041.0,24774.147,0.6635,0.5722,0.1376,0.368,0.2327,0.7344,0.6747,0.7868,0.7351,0.6635
08188,Sagàs,1,154.0,125.048,118.0,75.0,7.048,0.6356,0.5998,0.0564,0.8427,0.76,0.6923,0.6783,0.8261,0.7739,0.6356
08189,Sant Pere Sallavinera,1,158.0,124.978,124.0,95.0,0.978,0.7661,0.7601,0.0078,0.8958,0.6737,0.754,0.7087,0.8689,0.8067,0.7661
08190,Saldes,1,300.0,273.9,274.0,180.0,0.0,0.6569,0.6572,0.0,0.7663,0.5667,0.6938,0.6562,0.8372,0.7216,0.6569
08191,Sallent,5,6911.0,5811.189,5346.0,3464.0,465.189,0.648,0.5961,0.0801,0.5475,0.4249,0.7059,0.6593,0.7924,0.7303,0.648
08192,Santpedor,4,7553.0,6060.997,5873.0,3954.0,261.301,0.6733,0.6524,0.0431,0.6537,0.4595,0.7186,0.6567,0.8109,0.7658,0.6733
08193,Sant Iscle de Vallalta,1,1463.0,1180.641,1068.0,695.0,112.641,0.6507,0.5887,0.0954,0.5913,0.3784,0.6762,0.6367,0.8049,0.748,0.6507
08194,Sant Adrià de Besòs,24,37716.0,30815.902,25513.0,14910.0,5430.467,0.5844,0.4838,0.1762,0.2167,0.1239,0.6511,0.5863,0.6891,0.6412,0.5844
08195,Sant Agustí de Lluçanès,1,108.0,88.02,86.0,65.0,2.02,0.7558,0.7385,0.0229,0.8387,0.5231,0.7805,0.7683,0.9079,0.8267,0.7558
08196,Sant Andreu de la Barca,14,26730.0,21645.852,19606.0,13031.0,2206.732,0.6646,0.602,0.1019,0.2049,0.1354,0.7326,0.662,0.79,0.7299,0.6646
08197,Sant Andreu de Llavaneres,6,11759.0,9689.584,8446.0,5704.0,1243.584,0.6753,0.5887,0.1283,0.5226,0.3254,0.701,0.6564,0.7848,0.7299,0.6753
08198,Sant Antoni de Vilamajor,4,6590.0,5315.105,4971.0,3383.0,344.105,0.6805,0.6365,0.0647,0.6061,0.41,0.7212,0.6738,0.8002,0.7461,0.6805
08199,Sant Bartomeu del Grau,1,939.0,745.566,646.0,425.0,99.566,0.6579,0.57,0.1335,0.7033,0.5176,0.7008,0.6878,0.8326,0.7855,0.6579
08200,Sant Boi de Llobregat,50,83933.0,69463.848,61922.0,41287.0,7698.773,0.6668,0.5944,0.1108,0.2341,0.1393,0.7348,0.6722,0.7826,0.727,0.6668
08201,Sant Boi de Lluçanès,1,478.0,414.904,452.0,283.0,0.0,0.6261,0.6821,0.0,0.7586,0.5936,0.6858,0.629,0.7315,0.7011,0.6261
08202,Sant Celoni,10,18539.0,15164.345,13331.0,8681.0,1833.345,0.6512,0.5725,0.1209,0.5613,0.3714,0.7064,0.6578,0.7844,0.7269,0.6512
08203,Sant Cebrià de Vallalta,2,3790.0,3071.47,2726.0,1626.0,345.47,0.5965,0.5294,0.1125,0.5572,0.3942,0.6614,0.6134,0.7621,0.6805,0.5965
08204,Sant Climent de Llobregat,2,4169.0,3368.004,3214.0,2277.0,154.004,0.7085,0.6761,0.0457,0.4597,0.2885,0.7462,0.6854,0.818,0.7625,0.7085
08205,Sant Cugat del Vallès,52,96191.0,75535.498,65491.0,47418.0,10044.498,0.724,0.6278,0.133,0.5024,0.345,0.7675,0.7245,0.8425,0.7961,0.724
08206,Sant Cugat Sesgarrigues,1,1017.0,815.634,749.0,551.0,66.634,0.7356,0.6755,0.0817,0.702,0.5082,0.777,0.7184,0.848,0.8118,0.7356
08207,Sant Esteve de Palautordera,2,3047.0,2442.061,2243.0,1593.0,199.061,0.7102,0.6523,0.0815,0.805,0.597,0.7707,0.7544,0.862,0.8228,0.7102
08208,Sant Esteve Sesrovires,5,7844.0,6439.959,6113.0,4185.0,502.034,0.6846,0.6498,0.078,0.4066,0.2659,0.7528,0.6936,0.809,0.7366,0.6846
08209,Sant Fost de Campsentelles,4,8824.0,7296.243,7246.0,4798.0,265.798,0.6622,0.6576,0.0364,0.377,0.2416,0.7153,0.6511,0.7641,0.7186,0.6622
08210,Sant Feliu de Codines,4,6553.0,5447.282,4834.0,2818.0,613.282,0.583,0.5173,0.1126,0.6271,0.4322,0.6576,0.6061,0.7537,0.6953,0.583
08211,Sant Feliu de Llobregat,31,45870.0,37954.5,34596.0,24406.0,3369.148,0.7055,0.643,0.0888,0.2981,0.187,0.7713,0.7127,0.8211,0.7702,0.7055
08212,Sant Feliu Sasserra,1,629.0,532.763,498.0,320.0,34.763,0.6426,0.6006,0.0653,0.8346,0.6469,0.7071,0.6537,0.8269,0.8004,0.6426
08213,Sant Fruitós de Bages,6,9110.0,7361.654,6862.0,4440.0,499.654,0.647,0.6031,0.0679,0.5697,0.4088,0.6842,0.6251,0.8049,0.7462,0.647
08214,Vilassar de Dalt,6,9161.0,7562.732,7107.0,4925.0,455.732,0.693,0.6512,0.0603,0.5989,0.4207,0.7335,0.6837,0.8108,0.7692,0.693
08215,Sant Hipòlit de Voltregà,3,3684.0,3055.874,2665.0,1685.0,390.874,0.6323,0.5514,0.1279,0.7129,0.5223,0.6856,0.6426,0.7895,0.7467,0.6323
08216,Sant Jaume de Frontanyà,1,26.0,23.01,23.0,12.0,0.01,0.5217,0.5215,0.0004,0.6471,0.1667,0.68,0.6,0.76,0.68,0.5217
08217,Sant Joan Despí,23,33970.0,27998.689,25804.0,18678.0,3718.514,0.7238,0.6671,0.1328,0.269,0.1683,0.7759,0.7109,0.8257,0.78,0.7238
08218,Sant Joan de Vilatorrada,5,10926.0,9007.274,8174.0,5389.0,833.274,0.6593,0.5983,0.0925,0.4455,0.2837,0.7014,0.6374,0.7921,0.7291,0.6593
08219,Vilassar de Mar,15,21050.0,17389.758,15962.0,11082.0,1427.758,0.6943,0.6373,0.0821,0.5563,0.3675,0.7462,0.6939,0.826,0.7766,0.6943
08220,Sant Julià de Vilatorta,2,3288.0,2693.864,2522.0,1762.0,171.864,0.6987,0.6541,0.0638,0.8746,0.7072,0.7561,0.7173,0.8789,0.8337,0.6987
08221,Sant Just Desvern,10,20499.0,16015.403,14123.0,10171.0,1892.403,0.7202,0.6351,0.1182,0.4679,0.3111,0.7669,0.7114,0.8324,0.7913,0.7202
08222,Sant Llorenç d'Hortons,1,2597.0,2108.764,1968.0,1391.0,140.764,0.7068,0.6596,0.0668,0.5657,0.3861,0.7732,0.7166,0.8158,0.7902,0.7068
08223,Sant Llorenç Savall,1,2530.0,2115.08,2039.0,1256.0,76.08,0.616,0.5938,0.036,0.6468,0.4554,0.6914,0.6382,0.7603,0.709,0.616
08224,Sant Martí de Centelles,1,1260.0,1039.5,926.0,586.0,113.5,0.6328,0.5637,0.1092,0.6279,0.4027,0.7328,0.6793,0.7938,0.7379,0.6328
08225,Sant Martí d'Albars,1,140.0,111.02,102.0,78.0,9.02,0.7647,0.7026,0.0812,0.8916,0.6282,0.7634,0.7174,0.8617,0.883,0.7647
08226,Sant Martí de Tous,1,1273.0,995.486,951.0,693.0,44.486,0.7287,0.6961,0.0447,0.8035,0.6364,0.777,0.7273,0.8758,0.8052,0.7287
08227,Sant Martí Sarroca,2,3347.0,2758.251,2487.0,1637.0,271.251,0.6582,0.5935,0.0983,0.6586,0.4459,0.6977,0.6483,0.7809,0.7335,0.6582
08228,Sant Martí Sesgueioles,1,360.0,312.12,300.0,192.0,12.12,0.64,0.6151,0.0388,0.7393,0.5052,0.6993,0.6611,0.8299,0.8014,0.64
08229,Sant Mateu de Bages,1,637.0,549.094,514.0,365.0,35.094,0.7101,0.6647,0.0639,0.7919,0.6384,0.7159,0.6673,0.8349,0.8023,0.7101
08230,Premià de Dalt,6,10508.0,8593.825,7803.0,5497.0,790.825,0.7045,0.6396,0.092,0.4625,0.3285,0.7345,0.6781,0.809,0.758,0.7045
08231,Sant Pere de Ribes,17,31737.0,25919.324,21733.0,13907.0,4514.424,0.6399,0.5365,0.1742,0.3503,0.2162,0.6812,0.634,0.7543,0.689,0.6399
08232,Sant Pere de Riudebitlles,1,2495.0,2035.92,1860.0,1264.0,175.92,0.6796,0.6208,0.0864,0.6652,0.4707,0.7101,0.6665,0.8085,0.7716,0.6796
08233,Sant Pere de Torelló,2,2596.0,2138.468,1887.0,1195.0,251.468,0.6333,0.5588,0.1176,0.8032,0.5841,0.6647,0.6162,0.8044,0.7628,0.6333
08234,Sant Pere de Vilamajor,3,4897.0,4019.242,3730.0,2514.0,289.242,0.674,0.6255,0.072,0.5416,0.3675,0.7314,0.665,0.8129,0.7438,0.674
08235,Sant Pol de Mar,3,5678.0,4733.64,4165.0,2852.0,568.64,0.6848,0.6025,0.1201,0.7154,0.4979,0.7092,0.675,0.8295,0.775,0.6848
08236,Sant Quintí de Mediona,1,2487.0,2002.035,1664.0,1094.0,338.035,0.6575,0.5464,0.1688,0.6681,0.5027,0.7062,0.6588,0.7733,0.7321,0.6575
08237,Sant Quirze de Besora,2,2127.0,1799.289,1634.0,1077.0,165.289,0.6591,0.5986,0.0919,0.7736,0.559,0.7095,0.6726,0.8026,0.7682,0.6591
08238,Sant Quirze del Vallès,12,19856.0,15933.509,15204.0,10927.0,783.417,0.7187,0.6858,0.0492,0.5121,0.3348,0.7806,0.7142,0.8398,0.7969,0.7187
08239,Sant Quirze Safaja,1,671.0,554.917,522.0,357.0,32.917,0.6839,0.6433,0.0593,0.5994,0.3754,0.7184,0.6711,0.8261,0.7752,0.6839
08240,Sant Sadurní d'Anoia,8,12865.0,10517.122,9605.0,6620.0,912.122,0.6892,0.6294,0.0867,0.5563,0.3909,0.7479,0.6966,0.8259,0.7763,0.6892
08241,Sant Sadurní d'Osormort,1,85.0,79.985,76.0,51.0,3.985,0.6711,0.6376,0.0498,0.7308,0.4902,0.7763,0.7123,0.8116,0.7429,0.6711
08242,Marganell,1,287.0,245.098,237.0,150.0,8.098,0.6329,0.612,0.033,0.761,0.4933,0.7963,0.6986,0.8108,0.713,0.6329
08243,Santa Cecília de Voltregà,1,179.0,148.033,149.0,100.0,0.0,0.6711,0.6755,0.0,0.92,0.72,0.7312,0.6975,0.891,0.8117,0.6711
08244,Santa Coloma de Cervelló,5,8224.0,6579.837,6396.0,4564.0,188.241,0.7136,0.6936,0.0286,0.3964,0.2443,0.7703,0.6999,0.8267,0.7759,0.7136
08245,Santa Coloma de Gramenet,88,119448.0,98512.027,76682.0,47737.0,21835.833,0.6225,0.4846,0.2217,0.1631,0.0926,0.7101,0.6469,0.7449,0.6901,0.6225
08246,Santa Eugènia de Berga,1,2300.0,1929.7,1716.0,1166.0,213.7,0.6795,0.6042,0.1107,0.8283,0.6046,0.6879,0.6523,0.8445,0.7949,0.6795
08247,Santa Eulàlia de Riuprimer,1,1486.0,1163.538,1058.0,725.0,105.538,0.6853,0.6231,0.0907,0.8486,0.6317,0.7474,0.6629,0.849,0.8136,0.6853
08248,Santa Eulàlia de Ronçana,4,7819.0,6308.293,6043.0,3908.0,265.293,0.6467,0.6195,0.0421,0.5219,0.3388,0.7123,0.6581,0.7796,0.7362,0.6467
08249,Santa Fe del Penedès,1,360.0,298.08,275.0,219.0,23.08,0.7964,0.7347,0.0774,0.7689,0.5205,0.8383,0.7932,0.9118,0.8686,0.7964
08250,Santa Margarida de Montbui,7,10493.0,8298.343,7297.0,4443.0,1001.343,0.6089,0.5354,0.1207,0.2506,0.1594,0.6966,0.6345,0.7604,0.6796,0.6089
08251,Santa Margarida i els Monjos,4,7718.0,6100.815,5272.0,3411.0,828.815,0.647,0.5591,0.1359,0.3966,0.2551,0.7052,0.6535,0.7747,0.725,0.647
08252,Barberà del Vallès,23,33284.0,27169.009,24952.0,17211.0,2357.974,0.6898,0.6335,0.0868,0.2219,0.1186,0.7587,0.6923,0.7987,0.7437,0.6898
08253,Santa Maria de Besora,1,164.0,143.008,135.0,93.0,8.008,0.6889,0.6503,0.056,0.8932,0.5591,0.6391,0.6183,0.8828,0.7803,0.6889
08254,"Esquirol, L'",1,2250.0,1899.0,1795.0,1213.0,104.0,0.6758,0.6388,0.0548,0.8653,0.6224,0.7222,0.6665,0.8471,0.8114,0.6758
08255,Santa Maria de Merlès,1,175.0,134.05,128.0,89.0,6.05,0.6953,0.6639,0.0451,0.89,0.7416,0.6429,0.5821,0.7664,0.7519,0.6953
08256,Santa Maria de Martorelles,1,848.0,693.664,695.0,514.0,0.0,0.7396,0.741,0.0,0.5166,0.3385,0.8012,0.7446,0.8263,0.7821,0.7396
08257,Santa Maria de Miralles,1,137.0,119.053,108.0,69.0,11.053,0.6389,0.5796,0.0928,0.7195,0.5507,0.7909,0.6636,0.835,0.7961,0.6389
08258,Santa Maria d'Oló,1,1060.0,891.46,866.0,588.0,25.46,0.679,0.6596,0.0286,0.8711,0.7279,0.721,0.6711,0.813,0.7804,0.679
08259,Santa Maria de Palautordera,4,9948.0,8180.011,7371.0,5039.0,809.011,0.6836,0.616,0.0989,0.591,0.4025,0.743,0.6947,0.8149,0.7683,0.6836
08260,Santa Perpètua de Mogoda,16,25652.0,20843.274,18803.0,12611.0,2044.182,0.6707,0.605,0.0981,0.2711,0.1673,0.737,0.6722,0.7865,0.7325,0.6707
08261,Santa Susanna,2,3947.0,3184.685,2634.0,1731.0,550.685,0.6572,0.5435,0.1729,0.4519,0.2802,0.7063,0.6442,0.7658,0.7177,0.6572
08262,Sant Vicenç de Castellet,5,10021.0,8210.981,7188.0,4409.0,1022.981,0.6134,0.537,0.1246,0.4693,0.301,0.6597,0.6107,0.7357,0.6694,0.6134
08263,Sant Vicenç dels Horts,20,28034.0,23153.639,21312.0,13668.0,1841.639,0.6413,0.5903,0.0795,0.2901,0.1877,0.7193,0.6537,0.7735,0.7079,0.6413
08264,Sant Vicenç de Montalt,4,6540.0,5386.748,4822.0,3358.0,845.53,0.6964,0.6234,0.157,0.5369,0.3317,0.7101,0.6772,0.7989,0.7507,0.6964
08265,Sant Vicenç de Torelló,1,2090.0,1717.98,1620.0,1109.0,97.98,0.6846,0.6455,0.057,0.8201,0.5915,0.7203,0.6619,0.8421,0.7902,0.6846
08266,Cerdanyola del Vallès,34,57057.0,48062.836,43460.0,30595.0,5009.545,0.704,0.6366,0.1042,0.3169,0.1941,0.7607,0.7017,0.8095,0.756,0.704
08267,Sentmenat,5,9439.0,7550.828,7109.0,4776.0,677.548,0.6718,0.6325,0.0897,0.4187,0.268,0.7103,0.6601,0.7986,0.7328,0.6718
08268,Cercs,1,1193.0,1030.752,979.0,647.0,51.752,0.6609,0.6277,0.0502,0.6389,0.4359,0.6944,0.6617,0.7683,0.7477,0.6609
08269,Seva,2,3788.0,3144.816,2915.0,1946.0,229.816,0.6676,0.6188,0.0731,0.7753,0.5725,0.7071,0.6689,0.8326,0.7746,0.6676
08270,Sitges,16,32049.0,27041.271,19985.0,13194.0,7056.271,0.6602,0.4879,0.2609,0.4252,0.2713,0.7037,0.6676,0.7719,0.7171,0.6602
08271,Sobremunt,1,88.0,76.032,67.0,43.0,9.032,0.6418,0.5656,0.1188,0.875,0.7442,0.6812,0.6857,0.8507,0.7273,0.6418
08272,Sora,1,219.0,178.047,163.0,104.0,15.047,0.638,0.5841,0.0845,0.8828,0.6442,0.6242,0.596,0.8061,0.7805,0.638
08273,Subirats,3,3228.0,2705.064,2549.0,1783.0,156.064,0.6995,0.6591,0.0577,0.7322,0.5384,0.7388,0.709,0.8262,0.7828,0.6995
08274,Súria,4,6030.0,5055.827,4585.0,3013.0,470.827,0.6571,0.5959,0.0931,0.4597,0.3272,0.7123,0.6491,0.7936,0.7295,0.6571
08275,Tavèrnoles,1,341.0,273.823,266.0,186.0,7.823,0.6992,0.6793,0.0286,0.8945,0.6935,0.7953,0.7247,0.8992,0.8826,0.6992
08276,Tagamanent,1,315.0,261.135,249.0,174.0,12.135,0.6988,0.6663,0.0465,0.6704,0.5057,0.7253,0.6962,0.7725,0.7427,0.6988
08277,Talamanca,1,212.0,178.08,185.0,122.0,0.0,0.6595,0.6851,0.0,0.7635,0.541,0.8148,0.6879,0.8772,0.881,0.6595
08278,Taradell,4,6773.0,5548.475,5075.0,3306.0,479.235,0.6514,0.5958,0.0864,0.8178,0.6334,0.7078,0.6614,0.8244,0.7756,0.6514
08279,Terrassa,141,225052.0,183034.938,158451.0,103444.0,24583.938,0.6528,0.5652,0.1343,0.3543,0.221,0.7225,0.6609,0.7798,0.7203,0.6528
08280,Tavertet,1,131.0,123.009,112.0,84.0,11.009,0.75,0.6829,0.0895,0.7895,0.6071,0.6634,0.6804,0.8211,0.8172,0.75
08281,Teià,3,6680.0,5454.86,4990.0,3565.0,464.86,0.7144,0.6535,0.0852,0.5966,0.4281,0.7389,0.6962,0.8283,0.7787,0.7144
08282,Tiana,5,9234.0,7453.911,7068.0,5046.0,385.911,0.7139,0.677,0.0518,0.5702,0.3698,0.7714,0.7166,0.8488,0.7923,0.7139
08283,Tona,4,8447.0,6939.83,6292.0,3820.0,647.83,0.6071,0.5504,0.0933,0.6991,0.5126,0.6739,0.6155,0.7904,0.7374,0.6071
08284,Tordera,7,18561.0,15080.801,13434.0,7867.0,1745.909,0.5856,0.5217,0.1158,0.4437,0.2887,0.6509,0.5916,0.7178,0.6544,0.5856
08285,Torelló,8,15031.0,12388.674,10392.0,6437.0,1996.674,0.6194,0.5196,0.1612,0.678,0.4925,0.6718,0.6256,0.7915,0.7373,0.6194
08286,"Torre de Claramunt, La",2,4103.0,3389.988,3178.0,2038.0,211.988,0.6413,0.6012,0.0625,0.3754,0.2424,0.6918,0.6259,0.7571,0.6969,0.6413
08287,Torrelavit,1,1474.0,1192.466,1106.0,802.0,86.466,0.7251,0.6726,0.0725,0.7433,0.5524,0.772,0.7023,0.8297,0.7994,0.7251
08288,Torrelles de Foix,1,2633.0,2156.427,1826.0,1082.0,330.427,0.5926,0.5018,0.1532,0.4479,0.28,0.6501,0.6052,0.7136,0.6504,0.5926
08289,Torrelles de Llobregat,4,6094.0,4901.391,4684.0,3163.0,246.619,0.6753,0.6453,0.0503,0.5605,0.3718,0.7356,0.6713,0.8088,0.7554,0.6753
08290,Ullastrell,1,2179.0,1688.725,1608.0,1175.0,80.725,0.7307,0.6958,0.0478,0.6459,0.4485,0.7805,0.7419,0.8403,0.8096,0.7307
08291,Vacarisses,4,7493.0,5925.929,5591.0,3585.0,334.929,0.6412,0.605,0.0565,0.4189,0.2876,0.7131,0.6559,0.7857,0.7102,0.6412
08292,Vallbona d'Anoia,1,1405.0,1156.315,1087.0,749.0,69.315,0.6891,0.6477,0.0599,0.5754,0.4419,0.735,0.681,0.7863,0.7412,0.6891
08293,Vallcebre,1,272.0,251.872,248.0,164.0,3.872,0.6613,0.6511,0.0154,0.8136,0.6159,0.7168,0.7671,0.8202,0.7797,0.6613
08294,Vallgorguina,2,3192.0,2542.504,2332.0,1520.0,210.504,0.6518,0.5978,0.0828,0.6216,0.4612,0.6885,0.6546,0.7969,0.7387,0.6518
08295,Vallirana,10,15751.0,12826.691,11933.0,7769.0,906.816,0.6511,0.6057,0.0707,0.3251,0.2041,0.7052,0.6414,0.7659,0.7167,0.6511
08296,Vallromanes,1,2749.0,2210.196,1997.0,1410.0,213.196,0.7061,0.638,0.0965,0.5588,0.3801,0.7599,0.6961,0.8247,0.7555,0.7061
08297,Veciana,1,175.0,137.025,131.0,93.0,6.025,0.7099,0.6787,0.044,0.7273,0.5806,0.7246,0.6343,0.8222,0.7174,0.7099
08298,Vic,24,48643.0,39055.759,27521.0,16833.0,11551.067,0.6116,0.431,0.2958,0.6978,0.5162,0.6759,0.6299,0.7746,0.724,0.6116
08299,Vilada,1,443.0,388.954,376.0,260.0,12.954,0.6915,0.6685,0.0333,0.8007,0.6077,0.6481,0.624,0.8435,0.7921,0.6915
08300,Viladecavalls,5,7696.0,6264.5,6190.0,4359.0,107.062,0.7042,0.6958,0.0171,0.4172,0.2801,0.7617,0.7015,0.8337,0.7776,0.7042
08301,Viladecans,47,66935.0,54759.091,49596.0,33539.0,5802.797,0.6762,0.6125,0.106,0.1875,0.1182,0.7414,0.6737,0.785,0.7348,0.6762
08302,Vilanova del Camí,7,12794.0,10328.536,9516.0,6070.0,942.028,0.6379,0.5877,0.0912,0.2409,0.1374,0.7135,0.645,0.7469,0.6927,0.6379
08303,Vilanova de Sau,1,317.0,278.96,263.0,171.0,15.96,0.6502,0.613,0.0572,0.8019,0.5146,0.741,0.7044,0.8398,0.8054,0.6502
08304,Vilobí del Penedès,1,1124.0,903.696,850.0,605.0,53.696,0.7118,0.6695,0.0594,0.7481,0.5372,0.7101,0.6921,0.8407,0.7968,0.7118
08305,Vilafranca del Penedès,22,41086.0,33244.207,28235.0,18513.0,5009.207,0.6557,0.5569,0.1507,0.5492,0.3807,0.7035,0.6569,0.7865,0.7355,0.6557
08306,Vilalba Sasserra,1,762.0,615.696,550.0,344.0,65.696,0.6255,0.5587,0.1067,0.5571,0.3895,0.6963,0.5909,0.74,0.6879,0.6255
08307,Vilanova i la Geltrú,40,67361.0,56350.961,50448.0,33759.0,6863.985,0.6692,0.5991,0.1218,0.4261,0.2559,0.7101,0.6628,0.7752,0.7166,0.6692
08308,Viver i Serrateix,1,173.0,138.054,134.0,92.0,4.054,0.6866,0.6664,0.0294,0.844,0.7609,0.7557,0.6641,0.8613,0.7842,0.6866
08901,Rupit i Pruit,1,281.0,254.867,237.0,179.0,17.867,0.7553,0.7023,0.0701,0.835,0.6816,0.7371,0.652,0.8458,0.8333,0.7553
08902,Vilanova del Vallès,3,5594.0,4434.11,4201.0,2890.0,246.425,0.6879,0.6518,0.0556,0.4704,0.2803,0.7343,0.6833,0.8067,0.7546,0.6879
08903,Sant Julià de Cerdanyola,1,231.0,200.97,208.0,174.0,0.0,0.8365,0.8658,0.0,0.895,0.6954,0.784,0.7757,0.8985,0.9005,0.8365
08904,Badia del Vallès,12,13035.0,10872.459,10206.0,6219.0,666.459,0.6093,0.572,0.0613,0.1232,0.068,0.7076,0.6276,0.7355,0.6721,0.6093
08905,"Palma de Cervelló, La",2,3020.0,2529.374,2340.0,1677.0,222.079,0.7167,0.663,0.0878,0.5433,0.3936,0.7761,0.7199,0.8419,0.8038,0.7167
17001,Agullana,1,910.0,747.11,636.0,431.0,111.11,0.6777,0.5769,0.1487,0.743,0.4756,0.7128,0.6882,0.7914,0.7443,0.6777
17002,Aiguaviva,1,775.0,616.9,583.0,397.0,33.9,0.681,0.6435,0.055,0.761,0.5844,0.7716,0.7212,0.8706,0.8253,0.681
17003,Albanyà,1,167.0,127.922,109.0,67.0,18.922,0.6147,0.5238,0.1479,0.8588,0.7313,0.6961,0.6442,0.7353,0.8252,0.6147
17004,Albons,1,815.0,681.34,584.0,397.0,97.34,0.6798,0.5827,0.1429,0.7689,0.5894,0.7275,0.6543,0.8349,0.7769,0.6798
17005,"Far d'Empordà, El",1,604.0,486.22,468.0,296.0,18.22,0.6325,0.6088,0.0375,0.677,0.4696,0.6559,0.6223,0.7304,0.7046,0.6325
17006,Alp,1,1727.0,1478.312,1321.0,819.0,157.312,0.62,0.554,0.1064,0.6949,0.5018,0.6454,0.6087,0.742,0.7012,0.62
17007,Amer,1,2421.0,2002.167,1765.0,1130.0,237.167,0.6402,0.5644,0.1185,0.8208,0.6381,0.7139,0.688,0.8162,0.7754,0.6402
17008,Anglès,3,5899.0,4773.179,3686.0,2136.0,1087.179,0.5795,0.4475,0.2278,0.7303,0.529,0.6664,0.6019,0.7686,0.7198,0.5795
17009,Arbúcies,3,6504.0,5284.737,4139.0,2664.0,1145.737,0.6436,0.5041,0.2168,0.7782,0.5312,0.6853,0.6436,0.8055,0.7525,0.6436
17010,Argelaguer,1,437.0,378.879,345.0,226.0,33.879,0.6551,0.5965,0.0894,0.8214,0.6549,0.7485,0.6667,0.8073,0.759,0.6551
17011,"Armentera, L'",1,1045.0,846.45,697.0,507.0,149.45,0.7274,0.599,0.1766,0.7992,0.5779,0.7167,0.697,0.8356,0.8031,0.7274
17012,Avinyonet de Puigventós,1,1663.0,1323.748,1260.0,819.0,63.748,0.65,0.6187,0.0482,0.5692,0.3651,0.6681,0.614,0.7822,0.7191,0.65
17013,Begur,3,4202.0,3636.157,2920.0,1941.0,716.157,0.6647,0.5338,0.197,0.5168,0.3442,0.6964,0.6387,0.7859,0.723,0.6647
17014,"Vajol, La",1,98.0,88.984,68.0,52.0,20.984,0.7647,0.5844,0.2358,0.6471,0.4423,0.7705,0.75,0.8095,0.7727,0.7647
17015,Banyoles,12,20511.0,16426.864,13260.0,8530.0,3166.864,0.6433,0.5193,0.1928,0.7464,0.5662,0.6826,0.6243,0.7905,0.7492,0.6433
17016,Bàscara,1,1044.0,876.96,759.0,499.0,117.96,0.6574,0.569,0.1345,0.7456,0.5671,0.7169,0.684,0.8122,0.7734,0.6574
17018,Bellcaire d'Empordà,1,737.0,611.71,522.0,337.0,89.71,0.6456,0.5509,0.1467,0.748,0.5401,0.7275,0.6812,0.8198,0.7632,0.6456
17019,Besalú,1,2577.0,2095.101,1793.0,1226.0,302.101,0.6838,0.5852,0.1442,0.7712,0.5669,0.7189,0.6766,0.8251,0.7882,0.6838
17020,Bescanó,3,5111.0,4073.874,3854.0,2494.0,219.874,0.6471,0.6122,0.054,0.7573,0.5577,0.705,0.6495,0.8229,0.7754,0.6471
17021,Beuda,1,179.0,146.959,142.0,88.0,4.959,0.6197,0.5988,0.0337,0.7528,0.4773,0.637,0.6565,0.8033,0.7479,0.6197
17022,"Bisbal d'Empordà, La",6,11487.0,9144.644,7241.0,4472.0,1903.644,0.6176,0.489,0.2082,0.6561,0.4293,0.6679,0.6088,0.7687,0.7014,0.6176
17023,Blanes,22,41409.0,34782.857,28358.0,17998.0,6424.857,0.6347,0.5174,0.1847,0.3532,0.2188,0.689,0.6311,0.7479,0.6838,0.6347
17024,Bolvir,1,497.0,410.025,384.0,288.0,26.025,0.75,0.7024,0.0635,0.6404,0.4236,0.6308,0.5709,0.8,0.7224,0.75
17025,Bordils,1,1789.0,1461.613,1240.0,863.0,221.613,0.696,0.5904,0.1516,0.7699,0.591,0.742,0.6993,0.8308,0.7978,0.696
17026,Borrassà,1,774.0,602.946,567.0,393.0,35.946,0.6931,0.6518,0.0596,0.772,0.5954,0.7108,0.6801,0.8287,0.7668,0.6931
17027,Breda,2,3906.0,3292.43,2993.0,1949.0,299.43,0.6512,0.592,0.0909,0.7343,0.5239,0.7052,0.6721,0.8287,0.7826,0.6512
17028,Brunyola i Sant Martí Sapresa,1,393.0,341.124,306.0,209.0,35.124,0.683,0.6127,0.103,0.838,0.622,0.703,0.6997,0.8013,0.7273,0.683
17029,Boadella i les Escaules,1,260.0,224.9,200.0,139.0,24.9,0.695,0.6181,0.1107,0.6883,0.5683,0.6453,0.6135,0.804,0.744,0.695
17030,Cabanes,1,961.0,810.123,658.0,427.0,152.123,0.6489,0.5271,0.1878,0.6109,0.4192,0.6667,0.624,0.7369,0.7034,0.6489
17031,Cabanelles,1,280.0,225.12,175.0,105.0,50.12,0.6,0.4664,0.2226,0.735,0.4381,0.6337,0.5774,0.7143,0.6573,0.6
17032,Cadaqués,1,2872.0,2504.384,1901.0,1120.0,603.384,0.5892,0.4472,0.2409,0.6313,0.475,0.6048,0.5619,0.709,0.6527,0.5892
17033,Caldes de Malavella,4,8312.0,6698.046,6058.0,3611.0,640.046,0.5961,0.5391,0.0956,0.5429,0.368,0.663,0.615,0.744,0.6869,0.5961
17034,Calonge i Sant Antoni,5,12156.0,10193.745,7773.0,4816.0,2420.745,0.6196,0.4724,0.2375,0.5572,0.3661,0.6559,0.6011,0.7407,0.6695,0.6196
17035,Camós,1,713.0,603.911,577.0,420.0,26.911,0.7279,0.6955,0.0446,0.8456,0.5595,0.7353,0.6953,0.8364,0.8217,0.7279
17036,Campdevànol,3,3237.0,2762.09,2597.0,1679.0,165.09,0.6465,0.6079,0.0598,0.6656,0.4145,0.6787,0.6367,0.7855,0.7366,0.6465
17037,Campelles,1,165.0,145.035,129.0,93.0,16.035,0.7209,0.6412,0.1106,0.8372,0.5269,0.625,0.6635,0.8596,0.7679,0.7209
17038,Campllong,1,544.0,429.216,404.0,279.0,25.216,0.6906,0.65,0.0587,0.7657,0.6487,0.6911,0.6393,0.8211,0.8037,0.6906
17039,Camprodon,2,2493.0,2155.11,1832.0,1200.0,323.11,0.655,0.5568,0.1499,0.7228,0.4475,0.6967,0.6589,0.796,0.7567,0.655
17040,Canet d'Adri,1,744.0,602.64,569.0,360.0,33.64,0.6327,0.5974,0.0558,0.8091,0.5778,0.7286,0.6462,0.8439,0.7985,0.6327
17041,Cantallops,1,346.0,286.834,225.0,149.0,61.834,0.6622,0.5195,0.2156,0.7333,0.5369,0.6791,0.5963,0.7615,0.6912,0.6622
17042,Capmany,1,679.0,588.014,451.0,292.0,137.014,0.6475,0.4966,0.233,0.6923,0.4726,0.6957,0.6492,0.7672,0.7293,0.6475
17043,Queralbs,1,206.0,184.988,171.0,132.0,13.988,0.7719,0.7136,0.0756,0.8195,0.6439,0.7532,0.7578,0.8084,0.8061,0.7719
17044,Cassà de la Selva,5,10905.0,8742.602,7235.0,4712.0,1507.602,0.6513,0.539,0.1724,0.7007,0.5119,0.7,0.6516,0.7957,0.756,0.6513
17046,Castellfollit de la Roca,1,947.0,815.367,714.0,471.0,101.367,0.6597,0.5777,0.1243,0.7672,0.5945,0.694,0.6402,0.8085,0.7574,0.6597
17047,Castelló d'Empúries,4,11972.0,9896.737,5254.0,2904.0,4642.737,0.5527,0.2934,0.4691,0.4846,0.3368,0.6196,0.5779,0.6938,0.6154,0.5527
17048,"Castell d'Aro, Platja d'Aro i s'Agaró",6,12690.0,10548.318,6907.0,4216.0,3641.318,0.6104,0.3997,0.3452,0.4626,0.2979,0.6495,0.6138,0.7303,0.6488,0.6104
17049,Celrà,3,5542.0,4268.323,3352.0,2301.0,916.323,0.6865,0.5391,0.2147,0.6973,0.4985,0.7203,0.6712,0.8221,0.7785,0.6865
17050,Cervià de Ter,1,986.0,796.688,708.0,502.0,88.688,0.709,0.6301,0.1113,0.787,0.6614,0.7689,0.6948,0.868,0.8343,0.709
17051,Cistella,1,294.0,254.898,229.0,162.0,25.898,0.7074,0.6355,0.1016,0.8075,0.5432,0.7169,0.6651,0.8406,0.797,0.7074
17052,Siurana,1,165.0,135.96,130.0,87.0,5.96,0.6692,0.6399,0.0438,0.8065,0.7356,0.6694,0.624,0.7761,0.6889,0.6692
17054,Colera,1,490.0,448.84,392.0,276.0,56.84,0.7041,0.6149,0.1266,0.62,0.4493,0.664,0.6378,0.781,0.731,0.7041
17055,Colomers,1,205.0,183.065,164.0,142.0,19.065,0.8659,0.7757,0.1041,0.7984,0.6197,0.8224,0.7333,0.8811,0.8732,0.8659
17056,Cornellà del Terri,1,2344.0,1905.672,1762.0,1175.0,143.672,0.6669,0.6166,0.0754,0.7861,0.5915,0.7034,0.6531,0.8143,0.7747,0.6669
17057,Corçà,1,1271.0,1043.491,985.0,684.0,58.491,0.6944,0.6555,0.0561,0.7753,0.5351,0.7375,0.6622,0.8533,0.7955,0.6944
17058,Crespià,1,251.0,211.091,178.0,131.0,33.091,0.736,0.6206,0.1568,0.7812,0.4962,0.7333,0.5706,0.8176,0.7273,0.736
17060,Darnius,1,549.0,477.081,393.0,270.0,84.081,0.687,0.5659,0.1762,0.64,0.4074,0.6533,0.6321,0.7623,0.7335,0.687
17061,Das,1,270.0,227.07,208.0,143.0,19.07,0.6875,0.6298,0.084,0.7305,0.5455,0.7346,0.6667,0.8087,0.7833,0.6875
17062,"Escala, L'",5,10580.0,8953.72,6225.0,3635.0,2728.72,0.5839,0.406,0.3048,0.5826,0.3843,0.6189,0.5812,0.729,0.6729,0.5839
17063,Espinelves,1,254.0,210.058,197.0,143.0,13.058,0.7259,0.6808,0.0622,0.8693,0.7273,0.6928,0.6852,0.9075,0.8547,0.7259
17064,Espolla,1,412.0,360.912,314.0,228.0,46.912,0.7261,0.6317,0.13,0.6988,0.4868,0.6738,0.6646,0.8067,0.7685,0.7261
17065,Esponellà,1,424.0,343.016,340.0,231.0,3.016,0.6794,0.6734,0.0088,0.8371,0.697,0.7463,0.6949,0.784,0.8224,0.6794
17066,Figueres,25,48374.0,38529.979,27430.0,15209.0,11099.979,0.5545,0.3947,0.2881,0.459,0.285,0.613,0.5731,0.6724,0.612,0.5545
17067,Flaçà,1,1145.0,937.755,715.0,483.0,222.755,0.6755,0.5151,0.2375,0.7895,0.5983,0.7174,0.671,0.8336,0.7827,0.6755
17068,Foixà,1,291.0,259.863,242.0,175.0,17.863,0.7231,0.6734,0.0687,0.7644,0.5486,0.7061,0.6449,0.7886,0.7549,0.7231
17069,Fontanals de Cerdanya,1,518.0,439.782,421.0,302.0,18.782,0.7173,0.6867,0.0427,0.7037,0.4371,0.7143,0.6845,0.7857,0.7521,0.7173
17070,Fontanilles,1,168.0,145.992,124.0,86.0,21.992,0.6935,0.5891,0.1506,0.8276,0.6163,0.7523,0.6847,0.8545,0.7909,0.6935
17071,Fontcoberta,1,1501.0,1205.303,1107.0,809.0,98.303,0.7308,0.6712,0.0816,0.8356,0.6131,0.7162,0.6861,0.867,0.8316,0.7308
17073,Fornells de la Selva,2,2780.0,2190.452,2021.0,1463.0,169.452,0.7239,0.6679,0.0774,0.7526,0.5707,0.7819,0.7277,0.8742,0.8504,0.7239
17074,Fortià,1,785.0,646.055,556.0,373.0,90.055,0.6709,0.5774,0.1394,0.6253,0.4611,0.6805,0.6608,0.8195,0.7519,0.6709
17075,Garrigàs,1,455.0,380.835,345.0,263.0,35.835,0.7623,0.6906,0.0941,0.7782,0.5513,0.7006,0.6212,0.8443,0.7559,0.7623
17076,Garrigoles,1,186.0,149.916,134.0,106.0,15.916,0.791,0.7071,0.1062,0.7263,0.4717,0.7317,0.6935,0.8279,0.7983,0.791
17077,Garriguella,1,967.0,775.534,633.0,430.0,142.534,0.6793,0.5545,0.1838,0.6329,0.4488,0.6955,0.6734,0.7654,0.6991,0.6793
17078,Ger,1,494.0,411.008,385.0,259.0,26.008,0.6727,0.6302,0.0633,0.8531,0.6255,0.6818,0.6637,0.75,0.7313,0.6727
17079,Girona,62,103458.0,84682.325,67444.0,42184.0,17238.325,0.6255,0.4981,0.2036,0.5778,0.3965,0.6894,0.6375,0.7781,0.7281,0.6255
17080,Gombrèn,1,197.0,168.041,159.0,109.0,9.041,0.6855,0.6487,0.0538,0.7345,0.5505,0.695,0.6957,0.8611,0.7847,0.6855
17081,Gualta,1,350.0,297.15,252.0,179.0,45.15,0.7103,0.6024,0.1519,0.8226,0.5587,0.6762,0.6626,0.7742,0.7381,0.7103
17082,Guils de Cerdanya,1,557.0,474.007,483.0,301.0,0.0,0.6232,0.635,0.0,0.6948,0.505,0.6659,0.6115,0.7821,0.708,0.6232
17083,Hostalric,3,4432.0,3590.04,3098.0,1975.0,492.04,0.6375,0.5501,0.1371,0.5277,0.3782,0.7015,0.6446,0.7839,0.7284,0.6375
17084,Isòvol,1,330.0,270.93,266.0,188.0,4.93,0.7068,0.6939,0.0182,0.7485,0.6011,0.678,0.6134,0.7835,0.7149,0.7068
17085,Jafre,1,387.0,335.916,295.0,218.0,40.916,0.739,0.649,0.1218,0.8159,0.6147,0.7611,0.7143,0.8522,0.8157,0.739
17086,"Jonquera, La",2,3327.0,2666.842,1743.0,1016.0,923.842,0.5829,0.381,0.3464,0.4113,0.249,0.6772,0.6177,0.7009,0.6309,0.5829
17087,Juià,1,290.0,238.09,236.0,175.0,2.09,0.7415,0.735,0.0088,0.7709,0.64,0.7613,0.6756,0.7973,0.8174,0.7415
17088,Lladó,1,828.0,656.604,614.0,424.0,42.604,0.6906,0.6457,0.0649,0.7666,0.5094,0.6953,0.6904,0.8097,0.7796,0.6906
17089,Llagostera,4,9371.0,7511.583,6195.0,3692.0,1316.583,0.596,0.4915,0.1753,0.6373,0.4363,0.6612,0.6042,0.7394,0.6911,0.596
17090,Llambilles,1,713.0,586.086,575.0,419.0,11.086,0.7287,0.7149,0.0189,0.7909,0.6348,0.7565,0.6789,0.8621,0.8163,0.7287
17091,Llanars,1,504.0,437.976,394.0,247.0,43.976,0.6269,0.564,0.1004,0.8277,0.5668,0.6861,0.6339,0.7789,0.757,0.6269
17092,Llançà,3,5048.0,4338.247,3584.0,2349.0,754.247,0.6554,0.5415,0.1739,0.5746,0.4078,0.6765,0.6429,0.7672,0.6973,0.6554
17093,Llers,1,1248.0,1059.552,933.0,621.0,126.552,0.6656,0.5861,0.1194,0.7111,0.4895,0.6607,0.6319,0.7766,0.6977,0.6656
17094,Llívia,1,1561.0,1322.167,1123.0,699.0,199.167,0.6224,0.5287,0.1506,0.6856,0.485,0.6158,0.5685,0.7228,0.7155,0.6224
17095,Lloret de Mar,15,40514.0,33275.765,20724.0,11928.0,12551.765,0.5756,0.3585,0.3772,0.3359,0.2127,0.6455,0.59,0.702,0.6305,0.5756
17096,"Llosses, Les",1,199.0,168.951,156.0,91.0,12.951,0.5833,0.5386,0.0767,0.8362,0.6044,0.6461,0.5922,0.689,0.7296,0.5833
17097,Madremanya,1,288.0,230.976,204.0,154.0,26.976,0.7549,0.6667,0.1168,0.8471,0.6234,0.7487,0.7551,0.8643,0.85,0.7549
17098,Maià de Montcal,1,448.0,383.04,316.0,201.0,67.04,0.6361,0.5247,0.175,0.6595,0.5224,0.7203,0.6379,0.8086,0.7532,0.6361
17099,Meranges,1,111.0,98.013,91.0,64.0,7.013,0.7033,0.653,0.0716,0.6909,0.4688,0.75,0.7037,0.7564,0.7051,0.7033
17100,Masarac i Vilarnadal,1,279.0,234.918,204.0,133.0,30.918,0.652,0.5662,0.1316,0.8231,0.6015,0.7136,0.6856,0.8051,0.7617,0.652
17101,Massanes,1,843.0,661.755,603.0,370.0,58.755,0.6136,0.5591,0.0888,0.5835,0.3622,0.6703,0.6208,0.7384,0.6873,0.6136
17102,Maçanet de Cabrenys,1,775.0,678.125,571.0,385.0,107.125,0.6743,0.5677,0.158,0.8065,0.4779,0.6892,0.7005,0.8011,0.7158,0.6743
17103,Maçanet de la Selva,4,7899.0,6499.805,5558.0,3222.0,941.805,0.5797,0.4957,0.1449,0.4287,0.297,0.6374,0.5807,0.7032,0.632,0.5797
17105,Mieres,1,348.0,299.976,266.0,151.0,33.976,0.5677,0.5034,0.1133,0.7701,0.3907,0.6667,0.5951,0.7854,0.754,0.5677
17106,Mollet de Peralada,1,215.0,182.965,155.0,108.0,27.965,0.6968,0.5903,0.1528,0.7632,0.4722,0.777,0.7357,0.8671,0.8028,0.6968
17107,Molló,1,373.0,317.05,296.0,194.0,21.05,0.6554,0.6119,0.0664,0.8116,0.5979,0.7052,0.6326,0.8216,0.7753,0.6554
17109,Montagut i Oix,1,991.0,818.566,749.0,479.0,69.566,0.6395,0.5852,0.085,0.8192,0.5741,0.6392,0.6063,0.7994,0.7699,0.6395
17110,Mont-ras,1,1691.0,1440.732,1293.0,881.0,147.732,0.6814,0.6115,0.1025,0.5111,0.3507,0.7192,0.6475,0.8006,0.7432,0.6814
17111,Navata,1,1466.0,1181.596,1009.0,703.0,172.596,0.6967,0.595,0.1461,0.7321,0.4879,0.7365,0.6705,0.8058,0.7398,0.6967
17112,Ogassa,1,218.0,192.93,192.0,138.0,0.93,0.7188,0.7153,0.0048,0.6892,0.5725,0.7344,0.6684,0.7938,0.7475,0.7188
17114,Olot,21,37120.0,30752.0,23600.0,13757.0,7152.0,0.5829,0.4474,0.2326,0.6725,0.4546,0.6582,0.607,0.7546,0.7058,0.5829
17115,Ordis,1,383.0,307.932,286.0,215.0,21.932,0.7517,0.6982,0.0712,0.774,0.5721,0.704,0.6489,0.8129,0.7536,0.7517
17116,Osor,1,422.0,375.158,350.0,230.0,25.158,0.6571,0.6131,0.0671,0.8276,0.5696,0.6983,0.6441,0.7994,0.7436,0.6571
17117,Palafrugell,11,23906.0,19349.784,14755.0,8866.0,4594.784,0.6009,0.4582,0.2375,0.4993,0.3107,0.6511,0.5901,0.7301,0.651,0.6009
17118,Palamós,11,18396.0,15576.151,13130.0,8103.0,2446.151,0.6171,0.5202,0.157,0.5378,0.3621,0.6673,0.5953,0.7371,0.6744,0.6171
17119,Palau de Santa Eulàlia,1,136.0,107.032,100.0,76.0,7.032,0.76,0.7101,0.0657,0.6415,0.5658,0.8676,0.7297,0.7945,0.7465,0.76
17120,Palau-saverdera,1,1498.0,1204.392,854.0,532.0,350.392,0.623,0.4417,0.2909,0.6589,0.4211,0.6692,0.6578,0.7366,0.6804,0.623
17121,Palau-sator,1,305.0,259.86,231.0,143.0,28.86,0.619,0.5503,0.1111,0.8133,0.6573,0.7104,0.625,0.8035,0.7378,0.619
17123,Palol de Revardit,1,467.0,379.204,354.0,253.0,25.204,0.7147,0.6672,0.0665,0.8357,0.6522,0.7703,0.7514,0.8812,0.8338,0.7147
17124,Pals,1,2583.0,2192.967,1683.0,1077.0,509.967,0.6399,0.4911,0.2325,0.6905,0.4995,0.6691,0.6391,0.7862,0.7301,0.6399
17125,Pardines,1,161.0,133.952,137.0,83.0,0.0,0.6058,0.6196,0.0,0.89,0.6867,0.6822,0.6154,0.7481,0.7353,0.6058
17126,Parlavà,1,429.0,354.783,323.0,244.0,31.783,0.7554,0.6877,0.0896,0.8996,0.668,0.8182,0.7588,0.8774,0.8513,0.7554
17128,Pau,1,590.0,510.94,338.0,238.0,172.94,0.7041,0.4658,0.3385,0.7113,0.542,0.7417,0.6656,0.807,0.7445,0.7041
17129,Pedret i Marzà,1,188.0,147.956,132.0,90.0,15.956,0.6818,0.6083,0.1078,0.6574,0.4667,0.7226,0.7594,0.8333,0.7552,0.6818
17130,"Pera, La",1,452.0,376.064,338.0,243.0,38.064,0.7189,0.6462,0.1012,0.8741,0.6667,0.75,0.6862,0.8323,0.8308,0.7189
17132,Peralada,1,2025.0,1670.625,1458.0,1023.0,212.625,0.7016,0.6123,0.1273,0.6928,0.4829,0.704,0.681,0.8162,0.7582,0.7016
17133,"Planes d'Hostoles, Les",1,1719.0,1461.15,1309.0,810.0,152.15,0.6188,0.5544,0.1041,0.8238,0.5877,0.6995,0.6414,0.8233,0.7734,0.6188
17134,Planoles,1,306.0,264.996,242.0,164.0,22.996,0.6777,0.6189,0.0868,0.8286,0.5366,0.6966,0.7105,0.8475,0.7955,0.6777
17135,Pont de Molins,1,572.0,485.056,408.0,283.0,77.056,0.6936,0.5834,0.1589,0.5961,0.3958,0.7408,0.6989,0.7823,0.7812,0.6936
17136,Pontós,1,277.0,239.882,209.0,158.0,30.882,0.756,0.6587,0.1287,0.6733,0.4937,0.76,0.7022,0.8,0.7653,0.756
17137,Porqueres,3,4734.0,3856.02,3574.0,2471.0,282.02,0.6914,0.6408,0.0731,0.7895,0.5892,0.701,0.6672,0.8437,0.8067,0.6914
17138,Portbou,1,1082.0,969.472,810.0,602.0,159.472,0.7432,0.621,0.1645,0.4552,0.2841,0.7076,0.6864,0.7692,0.7069,0.7432
17139,"Preses, Les",1,1924.0,1564.212,1483.0,965.0,81.212,0.6507,0.6169,0.0519,0.7766,0.5565,0.7033,0.6481,0.8343,0.8017,0.6507
17140,"Port de la Selva, El",1,1058.0,911.996,687.0,488.0,224.996,0.7103,0.5351,0.2467,0.6976,0.6066,0.7389,0.7134,0.8435,0.7969,0.7103
17141,Puigcerdà,5,9733.0,8084.232,6290.0,3596.0,1794.232,0.5717,0.4448,0.2219,0.5248,0.3648,0.6284,0.5431,0.7001,0.6405,0.5717
17142,Quart,2,4073.0,3101.421,2859.0,2000.0,242.421,0.6995,0.6449,0.0782,0.6071,0.429,0.7661,0.7082,0.8418,0.7984,0.6995
17143,Rabós,1,239.0,197.892,145.0,88.0,52.892,0.6069,0.4447,0.2673,0.8269,0.5227,0.7466,0.7254,0.7986,0.7172,0.6069
17144,Regencós,1,279.0,236.871,210.0,154.0,26.871,0.7333,0.6501,0.1134,0.7284,0.4675,0.6714,0.6845,0.8143,0.7678,0.7333
17145,Ribes de Freser,2,1834.0,1613.572,1471.0,927.0,142.572,0.6302,0.5745,0.0884,0.7375,0.4854,0.6741,0.6525,0.7772,0.7376,0.6302
17146,Riells i Viabrea,2,4497.0,3751.371,3402.0,2104.0,349.371,0.6185,0.5609,0.0931,0.5016,0.3275,0.6814,0.6292,0.7688,0.7121,0.6185
17147,Ripoll,8,10725.0,8962.476,7758.0,4642.0,1204.476,0.5984,0.5179,0.1344,0.6283,0.394,0.6749,0.6194,0.7745,0.7165,0.5984
17148,Riudarenes,1,2444.0,2016.3,1671.0,1007.0,345.3,0.6026,0.4994,0.1713,0.5781,0.4141,0.6879,0.6475,0.7609,0.7232,0.6026
17149,Riudaura,1,514.0,402.976,389.0,257.0,13.976,0.6607,0.6378,0.0347,0.8609,0.6693,0.7355,0.6813,0.8626,0.8162,0.6607
17150,Riudellots de la Selva,1,2128.0,1751.344,1474.0,1049.0,277.344,0.7117,0.599,0.1584,0.7392,0.5624,0.7633,0.6867,0.8408,0.8151,0.7117
17151,Riumors,1,264.0,225.984,175.0,112.0,50.984,0.64,0.4956,0.2256,0.7634,0.5625,0.7126,0.6379,0.8108,0.7318,0.64
17152,Roses,11,20035.0,16495.087,11343.0,6640.0,5152.087,0.5854,0.4025,0.3123,0.391,0.247,0.6343,0.5875,0.6902,0.6289,0.5854
17153,Rupià,1,318.0,251.856,204.0,152.0,47.856,0.7451,0.6035,0.19,0.84,0.6447,0.7527,0.7074,0.8617,0.7937,0.7451
17154,Sales de Llierca,1,157.0,138.945,110.0,85.0,28.945,0.7727,0.6118,0.2083,0.6579,0.4941,0.6739,0.7283,0.8485,0.7525,0.7727
17155,Salt,15,33232.0,25534.033,15682.0,8604.0,9852.033,0.5487,0.337,0.3858,0.4633,0.3035,0.6322,0.578,0.6936,0.6364,0.5487
17157,Sant Andreu Salou,1,161.0,126.063,124.0,97.0,2.063,0.7823,0.7695,0.0164,0.7019,0.6289,0.8254,0.76,0.8629,0.8525,0.7823
17158,Sant Climent Sescebes,1,663.0,570.843,508.0,303.0,62.843,0.5965,0.5308,0.1101,0.5372,0.4026,0.6121,0.5798,0.7201,0.5239,0.5965
17159,Sant Feliu de Buixalleu,1,878.0,734.886,677.0,439.0,57.886,0.6484,0.5974,0.0788,0.7451,0.5125,0.7002,0.6423,0.778,0.7379,0.6484
17160,Sant Feliu de Guíxols,12,22828.0,18861.238,15094.0,9268.0,3767.238,0.614,0.4914,0.1997,0.4808,0.3134,0.6685,0.6231,0.7353,0.6704,0.614
17161,Sant Feliu de Pallerols,1,1540.0,1264.34,1104.0,767.0,160.34,0.6947,0.6066,0.1268,0.8092,0.6271,0.7444,0.7319,0.8438,0.825,0.6947
17162,Sant Ferriol,1,225.0,175.95,154.0,95.0,21.95,0.6169,0.5399,0.1248,0.7075,0.4632,0.619,0.5733,0.7308,0.6928,0.6169
17163,Sant Gregori,3,4095.0,3186.621,3062.0,2102.0,134.221,0.6865,0.6596,0.0421,0.7852,0.5894,0.7298,0.6717,0.835,0.7953,0.6865
17164,Sant Hilari Sacalm,3,5946.0,4884.172,3977.0,2319.0,907.172,0.5831,0.4748,0.1857,0.7591,0.5481,0.6394,0.5934,0.7828,0.7289,0.5831
17165,Sant Jaume de Llierca,1,839.0,688.819,633.0,394.0,55.819,0.6224,0.572,0.081,0.745,0.5431,0.6815,0.6692,0.8139,0.7783,0.6224
17166,Sant Jordi Desvalls,1,855.0,691.695,592.0,434.0,99.695,0.7331,0.6274,0.1441,0.8416,0.6382,0.7481,0.7165,0.841,0.808,0.7331
17167,Sant Joan de les Abadesses,3,3340.0,2814.135,2577.0,1737.0,237.135,0.674,0.6172,0.0843,0.7484,0.5285,0.6956,0.6537,0.8133,0.7795,0.674
17168,Sant Joan de Mollet,1,526.0,420.8,370.0,270.0,50.8,0.7297,0.6416,0.1207,0.7929,0.563,0.7299,0.6842,0.876,0.8284,0.7297
17169,Sant Julià de Ramis,3,3604.0,2871.302,2660.0,1773.0,211.302,0.6665,0.6175,0.0736,0.5944,0.4208,0.7002,0.6541,0.8198,0.7571,0.6665
17170,Vallfogona de Ripollès,1,222.0,194.916,191.0,138.0,3.916,0.7225,0.708,0.0201,0.9071,0.7536,0.686,0.731,0.8167,0.8092,0.7225
17171,Sant Llorenç de la Muga,1,258.0,221.88,184.0,147.0,37.88,0.7989,0.6625,0.1707,0.7609,0.5986,0.7546,0.7091,0.8314,0.7797,0.7989
17172,Sant Martí de Llémena,1,685.0,545.26,509.0,331.0,36.26,0.6503,0.607,0.0665,0.7411,0.5045,0.6814,0.6608,0.7702,0.7434,0.6503
17173,Sant Martí Vell,1,236.0,202.016,195.0,138.0,7.016,0.7077,0.6831,0.0347,0.7413,0.6304,0.7833,0.7333,0.8571,0.7901,0.7077
17174,Sant Miquel de Campmajor,1,250.0,205.0,178.0,107.0,27.0,0.6011,0.522,0.1317,0.8538,0.5888,0.5795,0.5562,0.8148,0.7927,0.6011
17175,Sant Miquel de Fluvià,1,829.0,664.858,572.0,341.0,92.858,0.5962,0.5129,0.1397,0.3822,0.2199,0.6321,0.5554,0.6755,0.6225,0.5962
17176,Sant Mori,1,164.0,145.96,124.0,102.0,21.96,0.8226,0.6988,0.1505,0.5586,0.4314,0.7459,0.7419,0.8943,0.8672,0.8226
17177,Sant Pau de Segúries,1,722.0,618.032,589.0,381.0,29.032,0.6469,0.6165,0.047,0.7606,0.4829,0.6377,0.6047,0.8095,0.758,0.6469
17178,Sant Pere Pescador,1,2142.0,1745.73,1082.0,664.0,663.73,0.6137,0.3804,0.3802,0.7235,0.5105,0.6491,0.6176,0.7614,0.7268,0.6137
17180,Santa Coloma de Farners,6,13791.0,11117.675,8922.0,5365.0,2195.675,0.6013,0.4826,0.1975,0.6778,0.4654,0.6541,0.5977,0.7602,0.7025,0.6013
17181,Santa Cristina d'Aro,2,5784.0,4737.008,3746.0,2434.0,991.008,0.6498,0.5138,0.2092,0.5399,0.3644,0.6722,0.6332,0.7684,0.7097,0.6498
17182,Santa Llogaia d'Àlguema,1,400.0,316.8,275.0,177.0,41.8,0.6436,0.5587,0.1319,0.2769,0.2147,0.729,0.6882,0.8088,0.7249,0.6436
17183,Sant Aniol de Finestres,1,357.0,298.095,257.0,178.0,41.095,0.6926,0.5971,0.1379,0.802,0.7303,0.6788,0.6498,0.8471,0.7787,0.6926
17184,Santa Pau,1,1552.0,1300.576,1270.0,821.0,30.576,0.6465,0.6313,0.0235,0.8041,0.5773,0.7099,0.6491,0.8449,0.8057,0.6465
17185,Sant Joan les Fonts,3,3092.0,2574.06,2250.0,1379.0,324.06,0.6129,0.5357,0.1259,0.7381,0.512,0.6747,0.6269,0.7811,0.7332,0.6129
17186,Sarrià de Ter,3,5366.0,4296.198,3952.0,2640.0,344.198,0.668,0.6145,0.0801,0.5315,0.3341,0.7271,0.6742,0.8146,0.7773,0.668
17187,"Saus, Camallera i Llampaies",1,908.0,748.192,621.0,456.0,127.192,0.7343,0.6095,0.17,0.6835,0.5088,0.7536,0.7052,0.848,0.7936,0.7343
17188,"Selva de Mar, La",1,220.0,194.92,174.0,121.0,20.92,0.6954,0.6208,0.1073,0.8134,0.5537,0.7636,0.7561,0.8225,0.7836,0.6954
17189,"Cellera de Ter, La",2,2013.0,1686.54,1551.0,1113.0,135.54,0.7176,0.6599,0.0804,0.8331,0.6119,0.7388,0.7098,0.8659,0.8292,0.7176
17190,Serinyà,1,1185.0,955.11,859.0,543.0,96.11,0.6321,0.5685,0.1006,0.7869,0.6059,0.7031,0.6256,0.8126,0.7482,0.6321
17191,Serra de Daró,1,231.0,189.882,172.0,136.0,17.882,0.7907,0.7162,0.0942,0.8429,0.5809,0.7808,0.6525,0.8735,0.8589,0.7907
17192,Setcases,1,192.0,172.032,152.0,104.0,20.032,0.6842,0.6045,0.1164,0.729,0.5192,0.7448,0.6667,0.8288,0.7483,0.6842
17193,Sils,3,6671.0,5387.364,4605.0,2831.0,782.364,0.6148,0.5255,0.1452,0.5114,0.3342,0.6658,0.606,0.7426,0.6769,0.6148
17194,Susqueda,1,95.0,85.975,79.0,55.0,6.975,0.6962,0.6397,0.0811,0.7857,0.6727,0.6923,0.6875,0.7949,0.7671,0.6962
17195,"Tallada d'Empordà, La",1,476.0,404.124,351.0,261.0,53.124,0.7436,0.6458,0.1315,0.8066,0.5287,0.7574,0.7204,0.8655,0.8107,0.7436
17196,Terrades,1,317.0,269.133,268.0,185.0,1.133,0.6903,0.6874,0.0042,0.685,0.4541,0.7056,0.6818,0.8182,0.7937,0.6903
17197,Torrent,1,174.0,145.986,125.0,91.0,20.986,0.728,0.6233,0.1438,0.7423,0.5165,0.7664,0.7727,0.8626,0.7578,0.728
17198,Torroella de Fluvià,1,770.0,639.87,465.0,300.0,174.87,0.6452,0.4688,0.2733,0.6124,0.4,0.6558,0.6294,0.7667,0.7025,0.6452
17199,Torroella de Montgrí,7,12064.0,9969.388,7260.0,4449.0,2709.388,0.6128,0.4463,0.2718,0.6469,0.4417,0.6614,0.6051,0.7661,0.7043,0.6128
17200,Tortellà,1,828.0,693.036,628.0,423.0,65.036,0.6736,0.6104,0.0938,0.7655,0.4917,0.6877,0.6917,0.8218,0.7516,0.6736
17201,Toses,1,192.0,162.048,155.0,96.0,7.048,0.6194,0.5924,0.0435,0.8155,0.5833,0.7266,0.6444,0.8392,0.7518,0.6194
17202,Tossa de Mar,3,6241.0,5308.147,3945.0,2486.0,1363.147,0.6302,0.4683,0.2568,0.5369,0.387,0.6498,0.6014,0.7543,0.684,0.6302
17203,Ultramort,1,214.0,175.052,162.0,105.0,13.052,0.6481,0.5998,0.0746,0.7937,0.419,0.7143,0.6471,0.8182,0.7636,0.6481
17204,Ullà,1,1198.0,905.688,642.0,426.0,263.688,0.6636,0.4704,0.2911,0.5967,0.4014,0.6851,0.6206,0.7735,0.7044,0.6636
17205,Ullastret,1,266.0,223.972,205.0,137.0,18.972,0.6683,0.6117,0.0847,0.8503,0.6423,0.783,0.7548,0.872,0.799,0.6683
17206,Urús,1,207.0,187.956,184.0,115.0,3.956,0.625,0.6118,0.021,0.7207,0.6522,0.6312,0.6027,0.7613,0.7025,0.625
17207,"Vall d'en Bas, La",2,3208.0,2619.038,2505.0,1691.0,114.038,0.675,0.6457,0.0435,0.8417,0.6209,0.7126,0.6695,0.832,0.7934,0.675
17208,"Vall de Bianya, La",1,1321.0,1077.936,1021.0,608.0,56.936,0.5955,0.564,0.0528,0.7953,0.5378,0.681,0.597,0.791,0.7393,0.5955
17209,Vall-llobrega,1,912.0,758.784,674.0,493.0,84.784,0.7315,0.6497,0.1117,0.6271,0.4219,0.768,0.7032,0.8439,0.7675,0.7315
17210,Ventalló,1,891.0,735.075,598.0,406.0,137.075,0.6789,0.5523,0.1865,0.7464,0.5764,0.686,0.6352,0.7741,0.7238,0.6789
17211,Verges,1,1180.0,986.48,848.0,597.0,138.48,0.704,0.6052,0.1404,0.8227,0.6667,0.77,0.7,0.8351,0.8088,0.704
17212,Vidrà,1,169.0,137.059,139.0,109.0,0.0,0.7842,0.7953,0.0,0.8559,0.6055,0.777,0.7376,0.8239,0.7655,0.7842
17213,Vidreres,4,8486.0,7034.675,5899.0,3394.0,1135.675,0.5754,0.4825,0.1614,0.5539,0.3975,0.6606,0.5972,0.7222,0.6564,0.5754
17214,Vilabertran,1,987.0,790.587,735.0,497.0,55.587,0.6762,0.6286,0.0703,0.7209,0.497,0.6671,0.6,0.8077,0.7227,0.6762
17215,Vilablareix,2,3772.0,2882.108,2646.0,1889.0,236.108,0.7139,0.6554,0.0819,0.6631,0.4839,0.7686,0.7096,0.8693,0.8115,0.7139
17216,Viladasens,1,212.0,171.932,162.0,107.0,9.932,0.6605,0.6223,0.0578,0.8689,0.5981,0.6788,0.6667,0.8194,0.7722,0.6605
17217,Viladamat,1,481.0,410.774,377.0,261.0,33.774,0.6923,0.6354,0.0822,0.8537,0.6513,0.7701,0.7486,0.8839,0.82,0.6923
17218,Vilademuls,1,851.0,678.247,589.0,417.0,89.247,0.708,0.6148,0.1316,0.8026,0.6139,0.7619,0.6942,0.8211,0.7917,0.708
17220,Viladrau,1,1175.0,970.55,858.0,584.0,112.55,0.6807,0.6017,0.116,0.8428,0.6387,0.6942,0.6759,0.836,0.8102,0.6807
17221,Vilafant,4,5668.0,4612.886,4251.0,2827.0,361.886,0.665,0.6128,0.0785,0.4825,0.3131,0.6891,0.6205,0.7852,0.7247,0.665
17222,Vilaür,1,170.0,137.02,114.0,88.0,23.02,0.7719,0.6422,0.168,0.8851,0.6477,0.7798,0.7525,0.9048,0.8365,0.7719
17223,Vilajuïga,1,1172.0,971.588,839.0,541.0,132.588,0.6448,0.5568,0.1365,0.5989,0.427,0.6543,0.6442,0.7788,0.7005,0.6448
17224,Vilallonga de Ter,1,395.0,342.86,296.0,188.0,46.86,0.6351,0.5483,0.1367,0.7876,0.6064,0.6815,0.6051,0.7715,0.7559,0.6351
17225,Vilamacolum,1,358.0,291.054,212.0,141.0,79.054,0.6651,0.4844,0.2716,0.7933,0.6241,0.6667,0.6495,0.7778,0.7317,0.6651
17226,Vilamalla,1,1220.0,996.74,924.0,603.0,72.74,0.6526,0.605,0.073,0.3632,0.2438,0.6682,0.6332,0.752,0.6821,0.6526
17227,Vilamaniscle,1,202.0,175.942,142.0,96.0,33.942,0.6761,0.5456,0.1929,0.7788,0.5938,0.7422,0.6667,0.7626,0.7075,0.6761
17228,Vilanant,1,402.0,330.042,304.0,212.0,26.042,0.6974,0.6423,0.0789,0.6881,0.5094,0.7153,0.6215,0.8035,0.7649,0.6974
17230,Vila-sacra,1,801.0,619.974,506.0,343.0,113.974,0.6779,0.5532,0.1838,0.577,0.3907,0.7408,0.6795,0.7956,0.7599,0.6779
17232,Vilopriu,1,213.0,178.92,151.0,104.0,27.92,0.6887,0.5813,0.156,0.7297,0.4808,0.6577,0.6053,0.7852,0.7603,0.6887
17233,Vilobí d'Onyar,2,3236.0,2649.534,2404.0,1638.0,245.534,0.6814,0.6182,0.0927,0.7296,0.5147,0.7355,0.6761,0.8265,0.7895,0.6814
17234,Biure,1,225.0,198.9,178.0,134.0,20.9,0.7528,0.6737,0.1051,0.5969,0.4627,0.6776,0.6319,0.8212,0.7127,0.7528
17901,"Cruïlles, Monells i Sant Sadurní de l'Heura",1,1300.0,1103.7,1004.0,656.0,99.7,0.6534,0.5944,0.0903,0.7422,0.5198,0.7037,0.6312,0.8037,0.7427,0.6534
17902,Forallac,2,1761.0,1474.87,1316.0,882.0,175.776,0.6702,0.598,0.1192,0.7308,0.5442,0.7073,0.6529,0.8239,0.7666,0.6702
17903,Sant Julià del Llor i Bonmatí,1,1376.0,1118.688,956.0,594.0,162.688,0.6213,0.531,0.1454,0.7004,0.5084,0.7213,0.6332,0.8166,0.7712,0.6213
25001,Abella de la Conca,1,148.0,136.012,124.0,68.0,12.012,0.5484,0.5,0.0883,0.7353,0.4559,0.6331,0.5069,0.7482,0.7133,0.5484
25002,Àger,1,561.0,497.046,451.0,306.0,46.046,0.6785,0.6156,0.0926,0.7593,0.549,0.6674,0.6556,0.7645,0.6968,0.6785
25003,Agramunt,4,5568.0,4527.287,3691.0,2227.0,836.287,0.6034,0.4919,0.1847,0.7066,0.4868,0.6319,0.5888,0.76,0.6933,0.6034
25004,"Alamús, Els",1,799.0,687.14,579.0,383.0,108.14,0.6615,0.5574,0.1574,0.6979,0.4961,0.7443,0.6585,0.8174,0.7509,0.6615
25005,Alàs i Cerc,1,325.0,272.025,260.0,175.0,12.025,0.6731,0.6433,0.0442,0.7461,0.4457,0.6606,0.6272,0.7372,0.7175,0.6731
25006,"Albagés, L'",1,343.0,314.874,305.0,200.0,9.874,0.6557,0.6352,0.0314,0.5983,0.405,0.6185,0.5912,0.776,0.7179,0.6557
25007,Albatàrrec,1,2149.0,1738.541,1410.0,851.0,328.541,0.6035,0.4895,0.189,0.5921,0.3737,0.7128,0.605,0.7823,0.7329,0.6035
25008,Albesa,1,1571.0,1313.356,1079.0,691.0,234.356,0.6404,0.5261,0.1784,0.7472,0.5065,0.7295,0.6361,0.7969,0.7428,0.6404
25009,"Albi, L'",1,764.0,644.052,603.0,427.0,41.052,0.7081,0.663,0.0637,0.6987,0.4801,0.7369,0.7081,0.8347,0.7517,0.7081
25010,Alcanó,1,240.0,200.88,195.0,116.0,5.88,0.5949,0.5775,0.0293,0.8623,0.6466,0.6179,0.5355,0.7959,0.7113,0.5949
25011,Alcarràs,4,10191.0,8125.209,5377.0,3046.0,2748.209,0.5665,0.3749,0.3382,0.6308,0.3861,0.6069,0.5333,0.743,0.6695,0.5665
25012,Alcoletge,2,3477.0,2745.288,2383.0,1413.0,362.288,0.593,0.5147,0.132,0.5317,0.3071,0.6551,0.5664,0.7464,0.6654,0.593
25013,Alfarràs,2,2759.0,2324.831,2031.0,1218.0,293.831,0.5997,0.5239,0.1264,0.4937,0.3514,0.6357,0.5778,0.7448,0.6813,0.5997
25014,Alfés,1,284.0,243.104,233.0,147.0,10.104,0.6309,0.6047,0.0416,0.875,0.6599,0.6969,0.6346,0.8153,0.748,0.6309
25015,Algerri,1,426.0,374.028,352.0,206.0,22.028,0.5852,0.5508,0.0589,0.735,0.5922,0.7268,0.6134,0.7821,0.6964,0.5852
25016,Alguaire,2,2992.0,2512.176,2043.0,1218.0,469.176,0.5962,0.4848,0.1868,0.7115,0.514,0.6703,0.6018,0.7633,0.674,0.5962
25017,Alins,1,275.0,245.85,238.0,161.0,7.85,0.6765,0.6549,0.0319,0.8171,0.4969,0.6695,0.7161,0.7931,0.7675,0.6765
25019,Almacelles,4,6555.0,5438.724,4543.0,2662.0,895.724,0.586,0.4895,0.1647,0.5077,0.3298,0.6574,0.5962,0.6939,0.6209,0.586
25020,Almatret,1,303.0,283.002,262.0,177.0,21.002,0.6756,0.6254,0.0742,0.7525,0.5085,0.6952,0.7128,0.8066,0.7481,0.6756
25021,Almenar,3,3321.0,2827.303,2478.0,1493.0,349.303,0.6025,0.5281,0.1235,0.6589,0.4447,0.6322,0.5715,0.7442,0.6637,0.6025
25022,Alòs de Balaguer,1,118.0,111.038,98.0,63.0,13.038,0.6429,0.5674,0.1174,0.85,0.4921,0.717,0.7596,0.8224,0.7619,0.6429
25023,Alpicat,3,6437.0,5115.652,4754.0,3136.0,361.652,0.6597,0.613,0.0707,0.5907,0.3852,0.6872,0.614,0.7997,0.7345,0.6597
25024,Alt Àneu,1,457.0,403.074,386.0,247.0,17.074,0.6399,0.6128,0.0424,0.8629,0.5911,0.6545,0.6439,0.7756,0.7045,0.6399
25025,Naut Aran,1,1873.0,1573.32,1466.0,967.0,107.32,0.6596,0.6146,0.0682,0.308,0.1934,0.7177,0.6438,0.7228,0.6669,0.6596
25027,Anglesola,1,1370.0,1119.29,964.0,610.0,155.29,0.6328,0.545,0.1387,0.7827,0.5918,0.6863,0.6486,0.783,0.7106,0.6328
25029,Arbeca,2,2085.0,1785.28,1541.0,1059.0,244.28,0.6872,0.5932,0.1368,0.7546,0.5307,0.6955,0.6296,0.7903,0.7484,0.6872
25030,"Pont de Bar, El",1,165.0,143.055,135.0,83.0,8.055,0.6148,0.5802,0.0563,0.8553,0.6024,0.6565,0.5481,0.7317,0.6496,0.6148
25031,Arres,1,51.0,49.98,62.0,39.0,0.0,0.629,0.7803,0.0,0.2812,0.0769,0.5962,0.5577,0.6842,0.5614,0.629
25032,Arsèguel,1,78.0,65.988,60.0,43.0,5.988,0.7167,0.6516,0.0907,0.7925,0.814,0.7213,0.6875,0.791,0.8154,0.7167
25033,Artesa de Lleida,1,1470.0,1256.85,1111.0,758.0,145.85,0.6823,0.6031,0.116,0.7506,0.5317,0.7025,0.6651,0.802,0.7482,0.6823
25034,Artesa de Segre,2,3505.0,2921.043,2275.0,1399.0,646.043,0.6149,0.4789,0.2212,0.7908,0.584,0.6504,0.5851,0.7574,0.7116,0.6149
25035,"Sentiu de Sió, La",1,435.0,381.93,374.0,248.0,7.93,0.6631,0.6493,0.0208,0.6887,0.4839,0.7229,0.6256,0.8361,0.706,0.6631
25036,Aspa,1,219.0,187.902,164.0,101.0,23.902,0.6159,0.5375,0.1272,0.5645,0.4356,0.6848,0.6087,0.7826,0.6889,0.6159
25037,"Avellanes i Santa Linya, Les",1,430.0,374.96,357.0,212.0,17.96,0.5938,0.5654,0.0479,0.7704,0.566,0.6364,0.6587,0.7814,0.7479,0.5938
25038,Aitona,2,2481.0,2005.159,1384.0,924.0,621.159,0.6676,0.4608,0.3098,0.6254,0.381,0.6873,0.644,0.7497,0.7152,0.6676
25039,Baix Pallars,1,344.0,305.816,285.0,198.0,20.816,0.6947,0.6474,0.0681,0.665,0.5808,0.65,0.6534,0.8276,0.7606,0.6947
25040,Balaguer,9,17436.0,14025.443,10683.0,6199.0,3342.443,0.5803,0.442,0.2383,0.5894,0.3673,0.6492,0.6037,0.734,0.6611,0.5803
25041,Barbens,1,882.0,764.694,505.0,295.0,259.694,0.5842,0.3858,0.3396,0.7253,0.4814,0.6678,0.6109,0.7557,0.7143,0.5842
25042,"Baronia de Rialb, La",1,219.0,197.976,194.0,118.0,3.976,0.6082,0.596,0.0201,0.745,0.4831,0.6875,0.5913,0.7692,0.7304,0.6082
25043,"Vall de Boí, La",1,1108.0,950.664,867.0,585.0,83.664,0.6747,0.6154,0.088,0.7637,0.5573,0.636,0.6208,0.7653,0.73,0.6747
25044,Bassella,1,210.0,183.96,168.0,129.0,15.96,0.7679,0.7012,0.0868,0.6528,0.4884,0.7196,0.6489,0.8146,0.809,0.7679
25045,Bausen,1,60.0,55.98,63.0,35.0,0.0,0.5556,0.6252,0.0,0.3462,0.5429,0.6923,0.7018,0.5741,0.4561,0.5556
25046,Belianes,1,518.0,452.214,405.0,284.0,47.214,0.7012,0.628,0.1044,0.7251,0.5106,0.6936,0.6611,0.8575,0.8073,0.7012
25047,Bellcaire d'Urgell,1,1215.0,1038.825,937.0,636.0,101.825,0.6788,0.6122,0.098,0.7638,0.6258,0.7228,0.6657,0.8066,0.7793,0.6788
25048,Bell-lloc d'Urgell,2,2335.0,1941.602,1653.0,1074.0,288.602,0.6497,0.5532,0.1486,0.6794,0.487,0.7001,0.6366,0.7806,0.7355,0.6497
25049,Bellmunt d'Urgell,1,183.0,155.916,140.0,99.0,15.916,0.7071,0.635,0.1021,0.7182,0.5455,0.6887,0.7285,0.729,0.7051,0.7071
25050,Bellpuig,3,5092.0,4215.152,3279.0,1997.0,936.152,0.609,0.4738,0.2221,0.7341,0.5533,0.6345,0.5988,0.7516,0.6941,0.609
25051,Bellver de Cerdanya,1,2266.0,1901.174,1735.0,1096.0,166.174,0.6317,0.5765,0.0874,0.7242,0.5046,0.6505,0.6097,0.7788,0.7004,0.6317
25052,Bellvís,1,2240.0,1888.32,1520.0,971.0,368.32,0.6388,0.5142,0.1951,0.7811,0.5458,0.7196,0.6605,0.815,0.7677,0.6388
25053,Benavent de Segrià,1,1557.0,1284.525,1150.0,764.0,134.525,0.6643,0.5948,0.1047,0.6899,0.4411,0.7195,0.636,0.8049,0.7445,0.6643
25055,Biosca,1,177.0,161.07,152.0,95.0,9.07,0.625,0.5898,0.0563,0.7105,0.5263,0.686,0.6213,0.7975,0.6994,0.625
25056,Bovera,1,253.0,225.929,196.0,118.0,29.929,0.602,0.5223,0.1325,0.8207,0.5169,0.6214,0.6085,0.7653,0.6938,0.602
25057,"Bòrdes, Es",1,281.0,245.032,228.0,151.0,17.032,0.6623,0.6162,0.0695,0.3377,0.1854,0.7379,0.6779,0.757,0.726,0.6623
25058,"Borges Blanques, Les",4,6326.0,5171.012,4318.0,2582.0,853.012,0.598,0.4993,0.165,0.7557,0.5558,0.6418,0.6022,0.7501,0.7038,0.598
25059,Bossòst,1,1144.0,963.248,827.0,568.0,136.248,0.6868,0.5897,0.1414,0.2234,0.1268,0.7366,0.6547,0.7638,0.6825,0.6868
25060,Cabanabona,1,65.0,60.97,54.0,31.0,6.97,0.5741,0.5084,0.1143,0.7143,0.6774,0.6429,0.6389,0.7101,0.5915,0.5741
25061,Cabó,1,91.0,79.989,75.0,45.0,4.989,0.6,0.5626,0.0624,0.8627,0.4667,0.6463,0.5542,0.7375,0.6375,0.6
25062,Camarasa,1,818.0,714.932,660.0,461.0,54.932,0.6985,0.6448,0.0768,0.7229,0.5228,0.6882,0.648,0.8317,0.7207,0.6985
25063,Canejan,1,101.0,91.001,82.0,53.0,9.001,0.6463,0.5824,0.0989,0.3654,0.283,0.6044,0.6667,0.6421,0.619,0.6463
25064,Castellar de la Ribera,1,144.0,110.016,105.0,75.0,5.016,0.7143,0.6817,0.0456,0.8462,0.6667,0.7589,0.6296,0.898,0.8125,0.7143
25067,Castelldans,1,891.0,767.151,677.0,437.0,90.151,0.6455,0.5696,0.1175,0.62,0.4416,0.6616,0.6495,0.7606,0.7123,0.6455
25068,Castellnou de Seana,1,728.0,604.24,508.0,306.0,96.24,0.6024,0.5064,0.1593,0.8106,0.5752,0.6667,0.6223,0.7571,0.6971,0.6024
25069,Castelló de Farfanya,1,543.0,452.862,396.0,248.0,56.862,0.6263,0.5476,0.1256,0.8378,0.5605,0.638,0.5477,0.7741,0.6948,0.6263
25070,Castellserà,1,992.0,861.056,773.0,524.0,88.056,0.6779,0.6086,0.1023,0.7593,0.5763,0.7148,0.6731,0.8348,0.7576,0.6779
25071,Cava,1,40.0,37.0,38.0,27.0,0.0,0.7105,0.7297,0.0,0.9355,0.6667,0.6078,0.6327,0.7619,0.7561,0.7105
25072,Cervera,5,9396.0,7598.548,6015.0,3675.0,1583.548,0.611,0.4836,0.2084,0.6169,0.4087,0.662,0.5971,0.7606,0.6902,0.611
25073,Cervià de les Garrigues,1,640.0,565.76,535.0,333.0,30.76,0.6224,0.5886,0.0544,0.8064,0.5495,0.6361,0.5636,0.7692,0.6744,0.6224
25074,Ciutadilla,1,194.0,175.958,160.0,121.0,15.958,0.7562,0.6877,0.0907,0.7161,0.6281,0.7967,0.7416,0.8722,0.8659,0.7562
25075,Clariana de Cardener,1,160.0,129.92,128.0,98.0,1.92,0.7656,0.7543,0.0148,0.7921,0.6837,0.7009,0.6154,0.7786,0.7652,0.7656
25076,"Cogul, El",1,162.0,146.934,132.0,88.0,14.934,0.6667,0.5989,0.1016,0.8462,0.5568,0.5753,0.5586,0.7015,0.6947,0.6667
25077,Coll de Nargó,1,583.0,515.955,450.0,281.0,65.955,0.6244,0.5446,0.1278,0.7468,0.5302,0.5913,0.5529,0.7523,0.7172,0.6244
25078,Corbins,1,1447.0,1189.434,1021.0,659.0,168.434,0.6454,0.554,0.1416,0.7815,0.5372,0.715,0.6293,0.8062,0.7497,0.6454
25079,Cubells,1,342.0,306.09,283.0,204.0,23.09,0.7208,0.6665,0.0754,0.8465,0.6275,0.7082,0.6622,0.8,0.7319,0.7208
25081,"Espluga Calba, L'",1,332.0,286.848,269.0,166.0,17.848,0.6171,0.5787,0.0622,0.7436,0.488,0.6698,0.6136,0.77,0.694,0.6171
25082,Espot,1,379.0,338.826,309.0,200.0,29.826,0.6472,0.5903,0.088,0.8122,0.525,0.6036,0.6526,0.7763,0.6747,0.6472
25085,Estaràs,1,162.0,138.024,134.0,100.0,4.024,0.7463,0.7245,0.0292,0.6789,0.47,0.6974,0.723,0.8369,0.773,0.7463
25086,Esterri d'Àneu,1,920.0,774.64,565.0,364.0,209.64,0.6442,0.4699,0.2706,0.8122,0.5934,0.6998,0.6628,0.7946,0.781,0.6442
25087,Esterri de Cardós,1,63.0,50.022,48.0,32.0,2.022,0.6667,0.6397,0.0404,0.8222,0.75,0.7541,0.7167,0.875,0.8333,0.6667
25088,Estamariu,1,133.0,113.981,100.0,74.0,13.981,0.74,0.6492,0.1227,0.8767,0.7703,0.7917,0.7604,0.8947,0.7604,0.74
25089,Farrera,1,128.0,114.048,105.0,63.0,9.048,0.6,0.5524,0.0793,0.7571,0.619,0.5472,0.5714,0.7423,0.7527,0.6
25092,"Floresta, La",1,164.0,145.96,129.0,90.0,16.96,0.6977,0.6166,0.1162,0.8172,0.5889,0.7045,0.7538,0.7953,0.744,0.6977
25093,Fondarella,1,807.0,660.933,600.0,396.0,60.933,0.66,0.5992,0.0922,0.6769,0.4823,0.7058,0.6297,0.7774,0.7234,0.66
25094,Foradada,1,200.0,164.0,125.0,89.0,39.0,0.712,0.5427,0.2378,0.75,0.6067,0.7986,0.7153,0.8345,0.6957,0.712
25096,"Fuliola, La",1,1238.0,1022.588,867.0,509.0,155.588,0.5871,0.4978,0.1522,0.7571,0.5029,0.6425,0.592,0.7466,0.6746,0.5871
25097,Fulleda,1,92.0,87.952,88.0,63.0,0.0,0.7159,0.7163,0.0,0.7606,0.6825,0.7126,0.7738,0.8571,0.7978,0.7159
25098,Gavet de la Conca,1,262.0,238.944,216.0,147.0,22.944,0.6806,0.6152,0.096,0.7875,0.5918,0.6443,0.5968,0.7414,0.7048,0.6806
25099,Golmés,1,1913.0,1555.269,1343.0,826.0,212.269,0.615,0.5311,0.1365,0.7819,0.5133,0.6381,0.5978,0.7599,0.7066,0.615
25100,Gósol,1,214.0,187.892,179.0,111.0,8.892,0.6201,0.5908,0.0473,0.7737,0.6036,0.6321,0.5924,0.788,0.7446,0.6201
25101,"Granadella, La",1,689.0,602.186,519.0,354.0,83.186,0.6821,0.5879,0.1381,0.835,0.6695,0.6956,0.6488,0.8361,0.7687,0.6821
25102,"Granja d'Escarp, La",1,941.0,813.965,600.0,412.0,213.965,0.6867,0.5062,0.2629,0.6095,0.4442,0.6643,0.5941,0.7821,0.7481,0.6867
25103,Granyanella,1,140.0,126.0,130.0,83.0,0.0,0.6385,0.6587,0.0,0.7614,0.5783,0.6107,0.563,0.7574,0.6567,0.6385
25104,Granyena de Segarra,1,147.0,123.921,122.0,91.0,1.921,0.7459,0.7343,0.0155,0.7045,0.4945,0.688,0.5846,0.7459,0.7333,0.7459
25105,Granyena de les Garrigues,1,164.0,142.024,113.0,89.0,29.024,0.7876,0.6267,0.2044,0.7386,0.5393,0.7308,0.736,0.8641,0.8381,0.7876
25109,Guimerà,1,249.0,223.104,199.0,141.0,24.104,0.7085,0.632,0.108,0.8065,0.5957,0.7059,0.7056,0.8364,0.7346,0.7085
25110,Guissona,3,7439.0,5779.758,2770.0,1693.0,3009.758,0.6112,0.2929,0.5207,0.6701,0.4802,0.6538,0.5886,0.7766,0.7078,0.6112
25111,Guixers,1,135.0,120.96,112.0,74.0,8.96,0.6607,0.6118,0.0741,0.8372,0.6486,0.7217,0.6154,0.7965,0.7544,0.6607
25112,Ivars de Noguera,1,319.0,281.996,262.0,180.0,19.996,0.687,0.6383,0.0709,0.722,0.4889,0.6949,0.7033,0.7985,0.7621,0.687
25113,Ivars d'Urgell,2,1580.0,1323.7,1094.0,751.0,229.7,0.6865,0.5673,0.1735,0.7331,0.5739,0.7343,0.6943,0.8172,0.7837,0.6865
25114,Ivorra,1,102.0,97.002,93.0,68.0,4.002,0.7312,0.701,0.0413,0.9398,0.8382,0.8969,0.7347,0.8316,0.8646,0.7312
25115,Isona i Conca Dellà,1,1031.0,889.753,798.0,502.0,91.753,0.6291,0.5642,0.1031,0.7604,0.5837,0.6687,0.5934,0.7965,0.7484,0.6291
25118,Juncosa,1,389.0,343.876,298.0,210.0,45.876,0.7047,0.6107,0.1334,0.7175,0.4952,0.6371,0.5723,0.737,0.684,0.7047
25119,Juneda,2,3484.0,2873.073,2221.0,1432.0,652.073,0.6448,0.4984,0.227,0.7596,0.5559,0.7003,0.6446,0.8009,0.7533,0.6448
25120,Lleida,81,141674.0,116886.43,92894.0,56421.0,24576.577,0.6074,0.4827,0.2103,0.4632,0.2658,0.666,0.605,0.7412,0.6754,0.6074
25121,Les,1,1031.0,886.66,686.0,397.0,200.66,0.5787,0.4477,0.2263,0.3026,0.1537,0.6464,0.6444,0.6866,0.6013,0.5787
25122,Linyola,2,2737.0,2235.705,1924.0,1223.0,311.705,0.6357,0.547,0.1394,0.7244,0.5397,0.6649,0.6308,0.7814,0.7299,0.6357
25123,Lladorre,1,254.0,224.028,216.0,150.0,8.028,0.6944,0.6696,0.0358,0.763,0.6333,0.6788,0.6943,0.7989,0.7143,0.6944
25124,Lladurs,1,185.0,160.025,156.0,99.0,4.025,0.6346,0.6187,0.0252,0.7059,0.5657,0.6982,0.6386,0.7261,0.6375,0.6346
25125,Llardecans,1,427.0,376.187,357.0,237.0,19.187,0.6639,0.63,0.051,0.8113,0.5612,0.658,0.5995,0.7789,0.6919,0.6639
25126,Llavorsí,1,336.0,291.984,279.0,203.0,12.984,0.7276,0.6952,0.0445,0.7536,0.5369,0.7483,0.6897,0.8204,0.7509,0.7276
25127,Lles de Cerdanya,1,288.0,254.88,245.0,141.0,9.88,0.5755,0.5532,0.0388,0.8828,0.6383,0.6368,0.6476,0.8037,0.6682,0.5755
25128,Llimiana,1,132.0,121.968,113.0,73.0,8.968,0.646,0.5985,0.0735,0.6941,0.4932,0.6268,0.5515,0.685,0.68,0.646
25129,Llobera,1,208.0,175.968,181.0,112.0,0.0,0.6188,0.6365,0.0,0.8761,0.6429,0.642,0.4743,0.7233,0.7019,0.6188
25130,Maldà,1,225.0,202.05,205.0,131.0,0.0,0.639,0.6484,0.0,0.8231,0.5725,0.5939,0.5795,0.776,0.7182,0.639
25131,Massalcoreig,1,576.0,494.784,373.0,272.0,121.784,0.7292,0.5497,0.2461,0.6619,0.5294,0.6578,0.6154,0.7985,0.7132,0.7292
25132,Massoteres,1,212.0,172.992,136.0,101.0,36.992,0.7426,0.5838,0.2138,0.6792,0.5149,0.7462,0.6471,0.8252,0.7518,0.7426
25133,Maials,1,904.0,798.232,651.0,399.0,147.232,0.6129,0.4999,0.1844,0.7588,0.5514,0.6578,0.6119,0.7697,0.7168,0.6129
25134,Menàrguens,1,793.0,702.598,590.0,394.0,112.598,0.6678,0.5608,0.1603,0.744,0.4645,0.6583,0.5923,0.8159,0.7554,0.6678
25135,Miralcamp,1,1375.0,1116.5,989.0,597.0,127.5,0.6036,0.5347,0.1142,0.7467,0.4841,0.6851,0.5837,0.773,0.677,0.6036
25136,"Molsosa, La",1,105.0,95.025,92.0,60.0,3.025,0.6522,0.6314,0.0318,0.7703,0.6333,0.7245,0.6737,0.8229,0.7789,0.6522
25137,Mollerussa,6,15499.0,12322.313,8712.0,5122.0,3610.313,0.5879,0.4157,0.293,0.6115,0.4002,0.6564,0.5991,0.7284,0.6681,0.5879
25138,Montgai,1,640.0,565.76,538.0,381.0,27.76,0.7082,0.6734,0.0491,0.7377,0.4882,0.7205,0.638,0.8044,0.7652,0.7082
25139,Montellà i Martinet,1,619.0,531.721,503.0,332.0,28.721,0.66,0.6244,0.054,0.7902,0.6386,0.6785,0.6296,0.7943,0.7296,0.66
25140,Montferrer i Castellbò,1,1163.0,958.312,842.0,481.0,116.312,0.5713,0.5019,0.1214,0.6944,0.4574,0.6047,0.552,0.7413,0.6932,0.5713
25141,Montoliu de Segarra,1,181.0,158.013,149.0,93.0,9.013,0.6242,0.5886,0.057,0.8286,0.5484,0.6474,0.6209,0.7763,0.6818,0.6242
25142,Montoliu de Lleida,1,477.0,394.956,351.0,249.0,43.956,0.7094,0.6304,0.1113,0.7314,0.5221,0.6848,0.6291,0.8219,0.7883,0.7094
25143,Montornès de Segarra,1,88.0,80.96,81.0,67.0,0.0,0.8272,0.8276,0.0,0.6984,0.3881,0.6667,0.6667,0.8571,0.7683,0.8272
25145,Nalec,1,89.0,79.032,75.0,58.0,4.032,0.7733,0.7339,0.051,0.8814,0.8103,0.7529,0.7558,0.8684,0.7867,0.7733
25146,Navès,1,302.0,250.962,249.0,157.0,1.962,0.6305,0.6256,0.0078,0.7278,0.5924,0.6696,0.6167,0.7783,0.7085,0.6305
25148,Odèn,1,220.0,203.94,212.0,145.0,0.0,0.684,0.711,0.0,0.8608,0.669,0.7045,0.5662,0.7671,0.7054,0.684
25149,Oliana,1,1783.0,1531.597,1349.0,942.0,182.597,0.6983,0.615,0.1192,0.7205,0.5138,0.7308,0.6953,0.8041,0.7509,0.6983
25150,Oliola,1,195.0,178.035,175.0,119.0,3.035,0.68,0.6684,0.017,0.7273,0.5126,0.6865,0.6354,0.8242,0.7904,0.68
25151,Olius,1,1003.0,780.334,742.0,483.0,38.334,0.6509,0.619,0.0491,0.773,0.5942,0.6955,0.6204,0.8043,0.7592,0.6509
25152,"Oluges, Les",1,165.0,149.985,145.0,89.0,4.985,0.6138,0.5934,0.0332,0.7736,0.6067,0.7143,0.6143,0.7361,0.7162,0.6138
25153,"Omellons, Els",1,189.0,168.966,170.0,117.0,0.0,0.6882,0.6924,0.0,0.5683,0.4017,0.7121,0.6771,0.7917,0.7316,0.6882
25154,"Omells de na Gaia, Els",1,121.0,113.014,110.0,73.0,3.014,0.6636,0.6459,0.0267,0.8605,0.6849,0.5667,0.6066,0.7966,0.735,0.6636
25155,Organyà,1,809.0,698.976,604.0,383.0,94.976,0.6341,0.5479,0.1359,0.7242,0.5509,0.6942,0.6507,0.7977,0.724,0.6341
25156,Os de Balaguer,1,1060.0,886.16,851.0,557.0,35.16,0.6545,0.6286,0.0397,0.704,0.4578,0.7257,0.6935,0.7755,0.7464,0.6545
25157,Ossó de Sió,1,152.0,122.056,158.0,120.0,0.0,0.7595,0.9832,0.0,0.6693,0.525,0.768,0.6354,0.8457,0.7987,0.7595
25158,"Palau d'Anglesola, El",1,2200.0,1801.8,1609.0,1064.0,192.8,0.6613,0.5905,0.107,0.7527,0.562,0.7096,0.6286,0.8039,0.7433,0.6613
25161,Conca de Dalt,1,424.0,360.824,335.0,204.0,25.824,0.609,0.5654,0.0716,0.819,0.5735,0.6359,0.6083,0.7085,0.65,0.609
25163,"Coma i la Pedra, La",1,283.0,251.87,241.0,154.0,10.87,0.639,0.6114,0.0432,0.8704,0.4935,0.6272,0.5844,0.7669,0.7043,0.639
25164,Penelles,1,395.0,344.835,353.0,230.0,0.0,0.6516,0.667,0.0,0.8031,0.613,0.6929,0.6436,0.7395,0.7337,0.6516
25165,Peramola,1,349.0,303.979,258.0,194.0,45.979,0.7519,0.6382,0.1513,0.7667,0.5825,0.6929,0.6281,0.8007,0.7749,0.7519
25166,Pinell de Solsonès,1,203.0,180.061,172.0,122.0,8.061,0.7093,0.6775,0.0448,0.7634,0.6311,0.6949,0.6077,0.7965,0.7706,0.7093
25167,Pinós,1,277.0,229.91,216.0,143.0,13.91,0.662,0.622,0.0605,0.7152,0.5734,0.6695,0.6,0.8186,0.7399,0.662
25168,"Poal, El",1,652.0,548.984,490.0,342.0,58.984,0.698,0.623,0.1074,0.7343,0.617,0.7717,0.6955,0.8361,0.8044,0.698
25169,"Pobla de Cérvoles, La",1,209.0,196.042,187.0,136.0,9.042,0.7273,0.6937,0.0461,0.6838,0.4412,0.6649,0.6474,0.7066,0.6882,0.7273
25170,Bellaguarda,1,295.0,262.845,249.0,172.0,13.845,0.6908,0.6544,0.0527,0.7238,0.5814,0.6894,0.6353,0.8812,0.8015,0.6908
25171,"Pobla de Segur, La",2,3009.0,2564.877,2136.0,1339.0,428.877,0.6269,0.5221,0.1672,0.6699,0.5011,0.6671,0.6481,0.7706,0.727,0.6269
25172,Ponts,2,2658.0,2224.839,1759.0,1122.0,465.839,0.6379,0.5043,0.2094,0.7372,0.5472,0.6814,0.6511,0.7909,0.756,0.6379
25173,"Pont de Suert, El",2,2415.0,2032.603,1687.0,1135.0,345.603,0.6728,0.5584,0.17,0.4229,0.2899,0.6933,0.678,0.775,0.7169,0.6728
25174,"Portella, La",1,660.0,578.16,388.0,285.0,190.16,0.7345,0.4929,0.3289,0.75,0.4421,0.7513,0.7053,0.8308,0.8,0.7345
25175,Prats i Sansor,1,254.0,225.044,207.0,128.0,18.044,0.6184,0.5688,0.0802,0.6807,0.4531,0.6804,0.629,0.767,0.6879,0.6184
25176,Preixana,1,404.0,341.784,309.0,219.0,32.784,0.7087,0.6408,0.0959,0.7469,0.589,0.766,0.699,0.8534,0.785,0.7087
25177,Preixens,1,390.0,342.81,349.0,208.0,0.0,0.596,0.6068,0.0,0.7143,0.4904,0.6935,0.6141,0.7542,0.7079,0.596
25179,Prullans,1,252.0,213.948,193.0,143.0,20.948,0.7409,0.6684,0.0979,0.8485,0.6014,0.7143,0.6358,0.7836,0.7811,0.7409
25180,Puiggròs,1,257.0,223.076,213.0,132.0,10.076,0.6197,0.5917,0.0452,0.7532,0.6136,0.6318,0.6111,0.7719,0.696,0.6197
25181,Puigverd d'Agramunt,1,219.0,190.968,161.0,91.0,29.968,0.5652,0.4765,0.1569,0.7372,0.5165,0.7797,0.7151,0.7771,0.7965,0.5652
25182,Puigverd de Lleida,1,1417.0,1173.276,1072.0,703.0,101.276,0.6558,0.5992,0.0863,0.5714,0.3898,0.7076,0.6371,0.8073,0.7315,0.6558
25183,Rialp,1,663.0,570.843,539.0,337.0,31.843,0.6252,0.5904,0.0558,0.7151,0.4985,0.6627,0.6533,0.7832,0.7154,0.6252
25185,Ribera d'Urgellet,1,949.0,790.517,691.0,397.0,99.517,0.5745,0.5022,0.1259,0.7257,0.4685,0.6182,0.578,0.7261,0.6647,0.5745
25186,Riner,1,264.0,211.992,209.0,146.0,2.992,0.6986,0.6887,0.0141,0.7716,0.637,0.6589,0.5822,0.8406,0.7826,0.6986
25189,Rosselló,1,3321.0,2680.047,2281.0,1333.0,399.047,0.5844,0.4974,0.1489,0.6124,0.3706,0.661,0.5678,0.7352,0.6731,0.5844
25190,Salàs de Pallars,1,354.0,305.148,261.0,186.0,44.148,0.7126,0.6095,0.1447,0.6733,0.4785,0.7414,0.7061,0.8366,0.7681,0.7126
25191,Sanaüja,1,387.0,349.074,327.0,197.0,22.074,0.6024,0.5644,0.0632,0.7269,0.5076,0.6777,0.6138,0.7726,0.7072,0.6024
25192,Sant Guim de Freixenet,1,1214.0,991.838,796.0,528.0,195.838,0.6633,0.5323,0.1974,0.6679,0.4716,0.6649,0.6043,0.779,0.7249,0.6633
25193,Sant Llorenç de Morunys,1,982.0,840.592,802.0,523.0,38.592,0.6521,0.6222,0.0459,0.8254,0.6214,0.6797,0.639,0.8005,0.7383,0.6521
25194,Sant Ramon,1,472.0,413.944,392.0,276.0,21.944,0.7041,0.6668,0.053,0.7637,0.587,0.6526,0.5816,0.7757,0.7122,0.7041
25196,Sant Esteve de la Sarga,1,124.0,118.048,111.0,73.0,7.048,0.6577,0.6184,0.0597,0.6667,0.4384,0.6218,0.5044,0.8393,0.6944,0.6577
25197,Sant Guim de la Plana,1,195.0,171.015,167.0,114.0,4.015,0.6826,0.6666,0.0235,0.8532,0.7544,0.708,0.6692,0.773,0.7786,0.6826
25200,Sarroca de Lleida,1,381.0,336.042,323.0,206.0,13.042,0.6378,0.613,0.0388,0.8286,0.5388,0.6488,0.6474,0.7833,0.7704,0.6378
25201,Sarroca de Bellera,1,114.0,107.046,105.0,70.0,2.046,0.6667,0.6539,0.0191,0.7531,0.5286,0.6087,0.6518,0.8091,0.7364,0.6667
25202,Senterada,1,157.0,135.962,112.0,69.0,23.962,0.6161,0.5075,0.1762,0.6944,0.4493,0.7129,0.7019,0.6944,0.6667,0.6161
25203,"Seu d'Urgell, La",7,12608.0,10603.532,8894.0,5058.0,1709.532,0.5687,0.477,0.1612,0.546,0.3622,0.6225,0.5602,0.7137,0.6599,0.5687
25204,Seròs,2,1890.0,1554.252,1110.0,768.0,444.252,0.6919,0.4941,0.2858,0.7168,0.4922,0.6793,0.5938,0.7859,0.7228,0.6919
25205,Sidamon,1,746.0,598.292,567.0,369.0,31.292,0.6508,0.6168,0.0523,0.6408,0.4444,0.7349,0.6749,0.8025,0.7318,0.6508
25206,"Soleràs, El",1,317.0,279.911,245.0,143.0,34.911,0.5837,0.5109,0.1247,0.8989,0.6014,0.6381,0.5769,0.756,0.7611,0.5837
25207,Solsona,5,9321.0,7657.068,6397.0,3899.0,1260.068,0.6095,0.5092,0.1646,0.7112,0.5132,0.6535,0.5972,0.7619,0.7023,0.6095
25208,Soriguera,1,447.0,370.116,352.0,221.0,18.116,0.6278,0.5971,0.0489,0.7727,0.5339,0.6044,0.5529,0.7568,0.7181,0.6278
25209,Sort,1,2246.0,1882.148,1646.0,1055.0,236.148,0.6409,0.5605,0.1255,0.6915,0.4806,0.6823,0.6656,0.769,0.703,0.6409
25210,Soses,1,1803.0,1451.415,1084.0,686.0,367.415,0.6328,0.4726,0.2531,0.708,0.4796,0.7056,0.6182,0.8035,0.7372,0.6328
25211,Sudanell,1,836.0,713.944,668.0,433.0,45.944,0.6482,0.6065,0.0644,0.766,0.5658,0.6252,0.5676,0.7634,0.6912,0.6482
25212,Sunyer,1,306.0,253.98,220.0,124.0,33.98,0.5636,0.4882,0.1338,0.7273,0.3629,0.7393,0.6609,0.8705,0.8037,0.5636
25215,Talarn,1,409.0,346.832,440.0,272.0,0.0,0.6182,0.7842,0.0,0.5422,0.3051,0.7305,0.6957,0.5921,0.7345,0.6182
25216,Talavera,1,285.0,247.95,242.0,165.0,5.95,0.6818,0.6655,0.024,0.7957,0.5758,0.6637,0.6106,0.8257,0.7623,0.6818
25217,Tàrrega,10,18431.0,14668.524,11206.0,6688.0,3462.524,0.5968,0.4559,0.2361,0.6631,0.4689,0.6623,0.5947,0.7544,0.7025,0.5968
25218,Tarrés,1,125.0,99.0,93.0,68.0,6.0,0.7312,0.6869,0.0606,0.8553,0.7941,0.7857,0.7901,0.9186,0.8636,0.7312
25219,Tarroja de Segarra,1,172.0,147.06,139.0,94.0,8.06,0.6763,0.6392,0.0548,0.7477,0.4787,0.7361,0.7234,0.7919,0.7603,0.6763
25220,Térmens,1,1344.0,1146.432,992.0,667.0,154.432,0.6724,0.5818,0.1347,0.8008,0.5277,0.6897,0.6246,0.827,0.775,0.6724
25221,Tírvia,1,144.0,124.992,119.0,81.0,5.992,0.6807,0.648,0.0479,0.7683,0.6543,0.5846,0.6639,0.7863,0.713,0.6807
25222,Tiurana,1,67.0,59.965,57.0,43.0,2.965,0.7544,0.7171,0.0494,0.7241,0.5814,0.7761,0.7879,0.8636,0.8406,0.7544
25223,Torà,1,1253.0,1076.327,899.0,583.0,177.327,0.6485,0.5417,0.1648,0.7994,0.5472,0.6659,0.5998,0.8035,0.7562,0.6485
25224,"Torms, Els",1,138.0,125.994,125.0,93.0,0.994,0.744,0.7381,0.0079,0.8617,0.6129,0.6825,0.5556,0.7778,0.7705,0.744
25225,Tornabous,1,822.0,692.946,525.0,337.0,167.946,0.6419,0.4863,0.2424,0.8076,0.5964,0.687,0.6312,0.7893,0.7439,0.6419
25226,Torrebesses,1,273.0,238.056,230.0,148.0,8.056,0.6435,0.6217,0.0338,0.7756,0.5068,0.6215,0.6126,0.7603,0.661,0.6435
25227,"Torre de Cabdella, La",1,773.0,690.289,669.0,460.0,21.289,0.6876,0.6664,0.0308,0.8109,0.5826,0.6209,0.6166,0.7786,0.7256,0.6876
25228,Torrefarrera,2,4849.0,3789.603,3294.0,2069.0,495.603,0.6281,0.546,0.1308,0.6342,0.4007,0.7033,0.6369,0.7923,0.7194,0.6281
25230,Torregrossa,1,2227.0,1859.545,1501.0,963.0,358.545,0.6416,0.5179,0.1928,0.6588,0.4507,0.6993,0.647,0.7852,0.7171,0.6416
25231,Torrelameu,1,739.0,625.933,478.0,340.0,147.933,0.7113,0.5432,0.2363,0.7597,0.5706,0.7796,0.679,0.83,0.8012,0.7113
25232,Torres de Segre,1,2193.0,1828.962,1326.0,846.0,502.962,0.638,0.4626,0.275,0.6551,0.4492,0.6763,0.6256,0.7861,0.7458,0.638
25233,Torre-serona,1,410.0,350.96,292.0,194.0,58.96,0.6644,0.5528,0.168,0.5936,0.3814,0.6942,0.6473,0.8105,0.7578,0.6644
25234,Tremp,5,6027.0,5107.31,4161.0,2545.0,946.31,0.6116,0.4983,0.1853,0.6034,0.3866,0.6166,0.595,0.7348,0.6731,0.6116
25238,Vallbona de les Monges,1,202.0,183.012,198.0,138.0,0.0,0.697,0.754,0.0,0.795,0.558,0.6959,0.6863,0.7951,0.7594,0.697
25239,"Valls de Valira, Les",1,783.0,646.758,590.0,280.0,56.758,0.4746,0.4329,0.0878,0.6485,0.5036,0.5263,0.4373,0.6168,0.567,0.4746
25240,Vallfogona de Balaguer,1,2016.0,1620.864,1410.0,925.0,210.864,0.656,0.5707,0.1301,0.6485,0.4249,0.715,0.6688,0.8058,0.754,0.656
25242,Verdú,1,885.0,784.995,711.0,428.0,73.995,0.602,0.5452,0.0943,0.7166,0.5304,0.6557,0.6333,0.7823,0.718,0.602
25243,Vielha e Mijaran,3,5782.0,4901.704,3758.0,2307.0,1143.704,0.6139,0.4707,0.2333,0.265,0.1695,0.678,0.6015,0.707,0.6356,0.6139
25244,Vilagrassa,1,633.0,500.703,415.0,253.0,85.703,0.6096,0.5053,0.1712,0.7055,0.415,0.6829,0.6177,0.8177,0.7353,0.6096
25245,Vilaller,1,506.0,445.786,409.0,287.0,36.786,0.7017,0.6438,0.0825,0.4776,0.3101,0.7098,0.6644,0.8047,0.7307,0.7017
25247,Vilamòs,1,176.0,161.92,145.0,83.0,16.92,0.5724,0.5126,0.1045,0.2135,0.1084,0.5854,0.5366,0.6803,0.6268,0.5724
25248,Vilanova de Bellpuig,1,1119.0,916.461,834.0,538.0,82.461,0.6451,0.587,0.09,0.8462,0.6952,0.6981,0.6644,0.8114,0.777,0.6451
25249,Vilanova de l'Aguda,1,195.0,176.085,175.0,118.0,1.085,0.6743,0.6701,0.0062,0.7364,0.5593,0.6448,0.544,0.7898,0.733,0.6743
25250,Vilanova de Meià,1,400.0,344.8,320.0,222.0,24.8,0.6938,0.6439,0.0719,0.7807,0.536,0.686,0.6087,0.7909,0.8226,0.6938
25251,Vilanova de Segrià,1,1045.0,866.305,733.0,487.0,133.305,0.6644,0.5622,0.1539,0.6882,0.4682,0.6972,0.6266,0.7882,0.7429,0.6644
25252,Vila-sana,1,744.0,601.896,548.0,318.0,53.896,0.5803,0.5283,0.0895,0.7526,0.5031,0.7281,0.6259,0.7612,0.6872,0.5803
25253,"Vilosell, El",1,192.0,172.992,157.0,121.0,15.992,0.7707,0.6995,0.0924,0.7881,0.6033,0.7669,0.6604,0.8414,0.8027,0.7707
25254,Vilanova de la Barca,1,1047.0,890.997,703.0,470.0,187.997,0.6686,0.5275,0.211,0.6575,0.4213,0.687,0.6277,0.8101,0.7259,0.6686
25255,Vinaixa,1,449.0,395.12,376.0,268.0,19.12,0.7128,0.6783,0.0484,0.7076,0.5187,0.723,0.7146,0.8127,0.7718,0.7128
25901,Vall de Cardós,1,381.0,339.852,316.0,212.0,23.852,0.6709,0.6238,0.0702,0.6916,0.5047,0.637,0.6894,0.7282,0.7405,0.6709
25902,Sant Martí de Riucorb,1,675.0,575.1,538.0,382.0,37.1,0.71,0.6642,0.0645,0.7315,0.5602,0.6842,0.6437,0.8284,0.7575,0.71
25903,"Guingueta d'Àneu, La",1,270.0,241.92,212.0,151.0,29.92,0.7123,0.6242,0.1237,0.858,0.6291,0.6498,0.6822,0.8253,0.7478,0.7123
25904,Castell de Mur,1,175.0,159.95,154.0,114.0,5.95,0.7403,0.7127,0.0372,0.7164,0.5702,0.7613,0.7568,0.9074,0.8375,0.7403
25905,Ribera d'Ondara,1,454.0,395.888,388.0,260.0,7.888,0.6701,0.6568,0.0199,0.6726,0.4192,0.6736,0.664,0.8347,0.7678,0.6701
25906,"Valls d'Aguilar, Les",1,254.0,231.902,217.0,141.0,14.902,0.6498,0.608,0.0643,0.7594,0.5248,0.6372,0.5734,0.7476,0.6488,0.6498
25907,Torrefeta i Florejacs,1,597.0,521.778,478.0,284.0,43.778,0.5941,0.5443,0.0839,0.7705,0.5915,0.6365,0.5385,0.7827,0.732,0.5941
25908,Fígols i Alinyà,1,232.0,212.976,228.0,140.0,0.0,0.614,0.6574,0.0,0.7059,0.5214,0.6053,0.6372,0.7195,0.6267,0.614
25909,"Vansa i Fórnols, La",1,189.0,176.904,142.0,93.0,34.904,0.6549,0.5257,0.1973,0.7576,0.5161,0.5742,0.6284,0.7714,0.7174,0.6549
25910,Josa i Tuixén,1,123.0,108.978,112.0,84.0,0.0,0.75,0.7708,0.0,0.746,0.6071,0.6337,0.63,0.7692,0.6923,0.75
25911,"Plans de Sió, Els",1,491.0,432.08,418.0,266.0,14.08,0.6364,0.6156,0.0326,0.7819,0.5865,0.6659,0.6053,0.783,0.7112,0.6364
25912,Gimenells i el Pla de la Font,1,1095.0,921.99,823.0,578.0,98.99,0.7023,0.6269,0.1074,0.3952,0.2509,0.712,0.6383,0.8126,0.7372,0.7023
25913,Riu de Cerdanya,1,99.0,92.961,93.0,68.0,0.0,0.7312,0.7315,0.0,0.8472,0.7206,0.7931,0.7791,0.8953,0.8182,0.7312
43001,Aiguamúrcia,1,965.0,825.075,743.0,504.0,82.075,0.6783,0.6109,0.0995,0.5902,0.3849,0.682,0.6382,0.7824,0.7203,0.6783
43002,Albinyana,1,2678.0,2236.13,2045.0,1327.0,191.13,0.6489,0.5934,0.0855,0.3041,0.1741,0.7106,0.6419,0.7291,0.6524,0.6489
43003,"Albiol, L'",1,538.0,404.038,370.0,237.0,34.038,0.6405,0.5866,0.0842,0.4708,0.2996,0.7267,0.6698,0.76,0.7364,0.6405
43004,Alcanar,6,9793.0,8157.961,6441.0,4134.0,1716.961,0.6418,0.5067,0.2105,0.5714,0.3718,0.6756,0.6357,0.7561,0.6861,0.6418
43005,Alcover,2,5303.0,4308.738,3820.0,2469.0,488.738,0.6463,0.573,0.1134,0.5313,0.3499,0.6573,0.5949,0.759,0.6813,0.6463
43006,Aldover,1,897.0,773.214,680.0,433.0,93.214,0.6368,0.56,0.1206,0.6017,0.3557,0.6779,0.6432,0.7855,0.6834,0.6368
43007,"Aleixar, L'",1,980.0,804.58,679.0,482.0,125.58,0.7099,0.5991,0.1561,0.6764,0.5124,0.7551,0.7114,0.7969,0.7591,0.7099
43008,Alfara de Carles,1,363.0,320.892,292.0,179.0,28.892,0.613,0.5578,0.09,0.5088,0.324,0.5987,0.5081,0.658,0.5607,0.613
43009,Alforja,1,1991.0,1676.422,1518.0,1032.0,158.422,0.6798,0.6156,0.0945,0.6253,0.4079,0.6765,0.6543,0.7807,0.698,0.6798
43010,Alió,1,506.0,396.198,362.0,251.0,34.198,0.6934,0.6335,0.0863,0.6107,0.5219,0.8006,0.7236,0.8487,0.7844,0.6934
43011,Almoster,1,1338.0,1114.554,1058.0,748.0,56.554,0.707,0.6711,0.0507,0.6949,0.5455,0.7608,0.6899,0.8452,0.7937,0.707
43012,Altafulla,3,5809.0,4670.31,4049.0,2986.0,621.31,0.7375,0.6394,0.133,0.4712,0.3205,0.7455,0.7241,0.8303,0.7789,0.7375
43013,"Ametlla de Mar, L'",3,7228.0,6123.348,4692.0,2950.0,1431.348,0.6287,0.4818,0.2338,0.5992,0.3983,0.6723,0.6234,0.7607,0.6818,0.6287
43014,Amposta,12,22232.0,18087.6,14482.0,8766.0,3605.6,0.6053,0.4846,0.1993,0.5533,0.349,0.6605,0.6131,0.738,0.6633,0.6053
43015,Arbolí,1,129.0,117.003,111.0,77.0,6.003,0.6937,0.6581,0.0513,0.75,0.6234,0.8125,0.7768,0.8487,0.8,0.6937
43016,"Arboç, L'",2,5678.0,4475.994,3514.0,2344.0,1597.25,0.667,0.5237,0.3568,0.3506,0.2598,0.7414,0.6835,0.7628,0.734,0.667
43017,"Argentera, L'",1,129.0,122.937,123.0,100.0,0.0,0.813,0.8134,0.0,0.8085,0.68,0.7937,0.8145,0.8448,0.8393,0.813
43018,Arnes,1,463.0,406.977,385.0,297.0,21.977,0.7714,0.7298,0.054,0.7576,0.5791,0.7805,0.7966,0.8701,0.7734,0.7714
43019,Ascó,1,1598.0,1361.496,1240.0,867.0,121.496,0.6992,0.6368,0.0892,0.6158,0.421,0.6594,0.6242,0.7635,0.6839,0.6992
43020,Banyeres del Penedès,2,3316.0,2695.657,2485.0,1673.0,210.657,0.6732,0.6206,0.0781,0.3569,0.2403,0.7407,0.6808,0.8045,0.7473,0.6732
43021,Barberà de la Conca,1,480.0,417.12,351.0,220.0,66.12,0.6268,0.5274,0.1585,0.6694,0.5273,0.6889,0.6499,0.7826,0.702,0.6268
43022,Batea,2,1854.0,1551.352,1380.0,932.0,171.352,0.6754,0.6008,0.1105,0.5253,0.3176,0.6817,0.5992,0.7875,0.7159,0.6754
43023,Bellmunt del Priorat,1,281.0,250.09,214.0,153.0,36.09,0.715,0.6118,0.1443,0.6959,0.4837,0.7489,0.7359,0.8692,0.8104,0.715
43024,Bellvei,1,2375.0,1938.0,1692.0,1057.0,246.0,0.6247,0.5454,0.1269,0.3484,0.2242,0.6859,0.6461,0.7416,0.6595,0.6247
43025,Benifallet,1,724.0,660.288,559.0,405.0,101.288,0.7245,0.6134,0.1534,0.5,0.321,0.7136,0.68,0.8068,0.758,0.7245
43026,Benissanet,1,1158.0,995.88,765.0,514.0,230.88,0.6719,0.5161,0.2318,0.7604,0.5584,0.7265,0.6701,0.8026,0.7619,0.6719
43027,"Bisbal de Falset, La",1,207.0,188.991,166.0,116.0,22.991,0.6988,0.6138,0.1217,0.814,0.75,0.8061,0.7329,0.8354,0.7679,0.6988
43028,"Bisbal del Penedès, La",2,4154.0,3457.893,3148.0,1901.0,309.893,0.6039,0.5498,0.0896,0.4098,0.2683,0.6356,0.6172,0.7256,0.644,0.6039
43029,Blancafort,1,393.0,347.019,311.0,232.0,36.019,0.746,0.6686,0.1038,0.8257,0.6207,0.7337,0.6871,0.8057,0.7724,0.746
43030,Bonastre,1,762.0,614.934,527.0,361.0,87.934,0.685,0.5871,0.143,0.5562,0.349,0.7233,0.6745,0.7739,0.7371,0.685
43031,"Borges del Camp, Les",1,2212.0,1796.144,1543.0,1077.0,253.144,0.698,0.5996,0.1409,0.6885,0.4819,0.7244,0.6996,0.816,0.7498,0.698
43032,Bot,1,552.0,490.728,458.0,336.0,32.728,0.7336,0.6847,0.0667,0.6441,0.3542,0.7094,0.6422,0.8133,0.7662,0.7336
43033,Botarell,1,1158.0,947.244,836.0,562.0,111.244,0.6722,0.5933,0.1174,0.618,0.4804,0.7404,0.6941,0.793,0.7245,0.6722
43034,Bràfim,1,697.0,568.752,480.0,330.0,88.752,0.6875,0.5802,0.156,0.6575,0.5212,0.7625,0.7338,0.8397,0.7849,0.6875
43035,Cabacés,1,301.0,270.9,251.0,171.0,19.9,0.6813,0.6312,0.0735,0.6538,0.5088,0.6374,0.6142,0.8723,0.7811,0.6813
43036,Cabra del Camp,1,1313.0,1106.859,955.0,561.0,151.859,0.5874,0.5068,0.1372,0.4354,0.2923,0.6465,0.5848,0.6994,0.6502,0.5874
43037,Calafell,11,31390.0,26136.015,20300.0,12112.0,5836.015,0.5967,0.4634,0.2233,0.3326,0.1852,0.6527,0.6183,0.7142,0.645,0.5967
43038,Cambrils,16,36323.0,29395.216,23406.0,15075.0,5989.216,0.6441,0.5128,0.2037,0.3689,0.2344,0.6722,0.6113,0.755,0.6854,0.6441
43039,Capafonts,1,106.0,101.972,105.0,79.0,0.0,0.7524,0.7747,0.0,0.8701,0.7468,0.7157,0.6667,0.8095,0.7624,0.7524
43040,Capçanes,1,426.0,365.082,339.0,263.0,26.082,0.7758,0.7204,0.0714,0.7948,0.597,0.7544,0.7788,0.8528,0.8246,0.7758
43041,Caseres,1,240.0,216.0,209.0,153.0,7.0,0.7321,0.7083,0.0324,0.4936,0.3791,0.708,0.7037,0.7851,0.7222,0.7321
43042,Castellvell del Camp,2,2968.0,2420.948,2342.0,1722.0,78.948,0.7353,0.7113,0.0326,0.5984,0.4193,0.7379,0.6759,0.828,0.7779,0.7353
43043,"Catllar, El",2,5184.0,4101.888,3730.0,2545.0,815.488,0.6823,0.6204,0.1988,0.4237,0.2758,0.7036,0.6559,0.7978,0.7407,0.6823
43044,"Sénia, La",3,5607.0,4715.539,3824.0,2685.0,891.539,0.7021,0.5694,0.1891,0.3959,0.2503,0.7026,0.674,0.7749,0.6942,0.7021
43045,Colldejou,1,161.0,140.07,139.0,102.0,1.07,0.7338,0.7282,0.0076,0.8333,0.7549,0.7961,0.7383,0.8767,0.7972,0.7338
43046,Conesa,1,113.0,100.005,94.0,69.0,6.005,0.734,0.69,0.06,0.6667,0.5072,0.77,0.6869,0.8111,0.7841,0.734
43047,Constantí,3,6888.0,5379.235,4342.0,2477.0,1037.235,0.5705,0.4605,0.1928,0.2888,0.1764,0.6512,0.5669,0.6838,0.6117,0.5705
43048,Corbera d'Ebre,1,994.0,870.744,752.0,505.0,118.744,0.6715,0.58,0.1364,0.5301,0.3267,0.7051,0.6522,0.8047,0.7344,0.6715
43049,Cornudella de Montsant,1,1033.0,904.908,768.0,527.0,136.908,0.6862,0.5824,0.1513,0.8115,0.6319,0.7319,0.6374,0.8102,0.7662,0.6862
43050,Creixell,2,4103.0,3385.154,2877.0,1801.0,508.154,0.626,0.532,0.1501,0.3312,0.2132,0.6561,0.6016,0.7139,0.6464,0.626
43051,Cunit,5,15505.0,12906.017,10390.0,6499.0,2516.017,0.6255,0.5036,0.1949,0.2306,0.1177,0.6803,0.6365,0.7234,0.6671,0.6255
43052,Xerta,1,1153.0,1005.416,919.0,586.0,86.416,0.6376,0.5828,0.086,0.6603,0.3754,0.6939,0.6695,0.8191,0.7335,0.6376
43053,Duesaigües,1,223.0,198.916,177.0,121.0,21.916,0.6836,0.6083,0.1102,0.7556,0.4959,0.7801,0.7539,0.8138,0.7258,0.6836
43054,"Espluga de Francolí, L'",2,3776.0,3184.787,2809.0,1853.0,375.787,0.6597,0.5818,0.118,0.7409,0.5451,0.6604,0.6241,0.7683,0.7025,0.6597
43055,Falset,2,2822.0,2329.544,1966.0,1423.0,363.544,0.7238,0.6108,0.1561,0.719,0.5292,0.7448,0.7008,0.8204,0.7858,0.7238
43056,"Fatarella, La",1,856.0,768.688,733.0,476.0,35.688,0.6494,0.6192,0.0464,0.7438,0.5672,0.6108,0.5621,0.7643,0.7049,0.6494
43057,"Febró, La",1,36.0,36.0,34.0,26.0,2.0,0.7647,0.7222,0.0556,0.7188,0.5769,0.625,0.6579,0.8158,0.8421,0.7647
43058,"Figuera, La",1,123.0,112.053,99.0,67.0,13.053,0.6768,0.5979,0.1165,0.7179,0.5522,0.7312,0.7,0.8021,0.8211,0.6768
43059,Figuerola del Camp,1,346.0,299.982,277.0,201.0,22.982,0.7256,0.67,0.0766,0.8497,0.6119,0.7708,0.746,0.856,0.772,0.7256
43060,Flix,3,3297.0,2892.059,2555.0,1833.0,353.32,0.7174,0.6338,0.1222,0.7146,0.539,0.6993,0.6818,0.804,0.7605,0.7174
43061,Forès,1,40.0,39.0,41.0,28.0,0.0,0.6829,0.7179,0.0,0.8519,0.5714,0.6458,0.6667,0.7368,0.675,0.6829
43062,Freginals,1,405.0,356.805,279.0,215.0,77.805,0.7706,0.6026,0.2181,0.5502,0.3442,0.8139,0.7722,0.861,0.8513,0.7706
43063,"Galera, La",1,717.0,615.903,513.0,325.0,102.903,0.6335,0.5277,0.1671,0.5532,0.3354,0.6482,0.6373,0.7481,0.6912,0.6335
43064,Gandesa,2,3122.0,2563.779,2009.0,1375.0,554.779,0.6844,0.5363,0.2164,0.647,0.4684,0.6862,0.6501,0.7779,0.7183,0.6844
43065,Garcia,1,540.0,461.16,375.0,259.0,86.16,0.6907,0.5616,0.1868,0.7758,0.556,0.6734,0.6316,0.8063,0.7414,0.6907
43066,"Garidells, Els",1,204.0,178.908,166.0,107.0,12.908,0.6446,0.5981,0.0721,0.6019,0.3645,0.7032,0.6329,0.7806,0.6835,0.6446
43067,Ginestar,1,800.0,709.6,530.0,411.0,179.6,0.7755,0.5792,0.2531,0.7676,0.5645,0.782,0.7192,0.8523,0.8099,0.7755
43068,Godall,1,621.0,548.964,482.0,292.0,66.964,0.6058,0.5319,0.122,0.4068,0.2295,0.6553,0.6346,0.7598,0.6653,0.6058
43069,Gratallops,1,218.0,197.944,191.0,137.0,6.944,0.7173,0.6921,0.0351,0.6149,0.4599,0.7826,0.7473,0.8202,0.8087,0.7173
43070,"Guiamets, Els",1,245.0,223.93,237.0,180.0,0.0,0.7595,0.8038,0.0,0.7474,0.6167,0.822,0.8067,0.8151,0.7984,0.7595
43071,Horta de Sant Joan,1,1157.0,1012.375,885.0,594.0,127.375,0.6712,0.5867,0.1258,0.6043,0.4158,0.7035,0.6656,0.8002,0.7277,0.6712
43072,"Lloar, El",1,100.0,87.0,92.0,69.0,0.0,0.75,0.7931,0.0,0.7391,0.3913,0.7333,0.7048,0.7957,0.7667,0.75
43073,Llorac,1,102.0,89.964,80.0,49.0,9.964,0.6125,0.5447,0.1108,0.791,0.551,0.7059,0.7229,0.8095,0.8375,0.6125
43074,Llorenç del Penedès,1,2380.0,1968.26,1877.0,1277.0,91.26,0.6803,0.6488,0.0464,0.6286,0.4534,0.7341,0.667,0.7831,0.7376,0.6803
43075,Margalef,1,108.0,104.976,89.0,61.0,15.976,0.6854,0.5811,0.1522,0.7077,0.3115,0.6966,0.6854,0.8256,0.7558,0.6854
43076,Marçà,1,599.0,507.952,438.0,316.0,69.952,0.7215,0.6221,0.1377,0.7768,0.5886,0.7114,0.6834,0.8217,0.7401,0.7215
43077,Mas de Barberans,1,546.0,489.762,418.0,296.0,71.762,0.7081,0.6044,0.1465,0.3464,0.2264,0.6631,0.5875,0.7516,0.6755,0.7081
43078,Masdenverge,1,1149.0,977.799,845.0,570.0,132.799,0.6746,0.5829,0.1358,0.5869,0.4211,0.7477,0.6418,0.7746,0.7305,0.6746
43079,Masllorenç,1,567.0,492.156,425.0,295.0,67.156,0.6941,0.5994,0.1365,0.6483,0.4102,0.7088,0.6813,0.8596,0.7967,0.6941
43080,"Masó, La",1,288.0,237.888,234.0,169.0,3.888,0.7222,0.7104,0.0163,0.6719,0.5444,0.7541,0.7657,0.859,0.8348,0.7222
43081,Maspujols,1,893.0,711.721,665.0,503.0,46.721,0.7564,0.7067,0.0656,0.69,0.495,0.7119,0.6745,0.8404,0.7949,0.7564
43082,"Masroig, El",1,480.0,416.16,326.0,245.0,90.16,0.7515,0.5887,0.2166,0.75,0.5469,0.7823,0.7945,0.8632,0.7886,0.7515
43083,"Milà, El",1,197.0,160.949,148.0,111.0,12.949,0.75,0.6897,0.0805,0.5,0.3153,0.6786,0.7569,0.8056,0.7534,0.75
43084,Miravet,1,683.0,583.965,512.0,371.0,71.965,0.7246,0.6353,0.1232,0.7397,0.4852,0.7681,0.6901,0.8138,0.7549,0.7246
43085,"Molar, El",1,308.0,270.116,240.0,185.0,30.116,0.7708,0.6849,0.1115,0.6842,0.5784,0.7876,0.7965,0.8426,0.8017,0.7708
43086,Montblanc,4,7481.0,6184.055,5304.0,3543.0,880.055,0.668,0.5729,0.1423,0.6578,0.4852,0.6697,0.6232,0.7688,0.7256,0.668
43088,Montbrió del Camp,2,3137.0,2461.092,2157.0,1378.0,304.092,0.6389,0.5599,0.1236,0.6375,0.4427,0.703,0.6368,0.7725,0.7099,0.6389
43089,Montferri,1,473.0,387.86,328.0,201.0,59.86,0.6128,0.5182,0.1543,0.4627,0.2836,0.7509,0.6507,0.7438,0.7204,0.6128
43090,"Montmell, El",1,1903.0,1566.169,1414.0,710.0,152.169,0.5021,0.4533,0.0972,0.2888,0.1704,0.5841,0.5251,0.6407,0.5746,0.5021
43091,Mont-ral,1,185.0,157.065,132.0,97.0,25.065,0.7348,0.6176,0.1596,0.6111,0.4536,0.6912,0.6515,0.7561,0.72,0.7348
43092,Mont-roig del Camp,8,14104.0,11660.534,8173.0,5026.0,3487.534,0.615,0.431,0.2991,0.3644,0.2354,0.6521,0.6006,0.7186,0.6435,0.615
43093,Móra d'Ebre,3,5650.0,4651.4,3810.0,2407.0,841.4,0.6318,0.5175,0.1809,0.5905,0.3934,0.6715,0.628,0.7609,0.7062,0.6318
43094,Móra la Nova,2,3239.0,2681.837,2160.0,1448.0,521.837,0.6704,0.5399,0.1946,0.6361,0.4351,0.6924,0.651,0.7825,0.727,0.6704
43095,"Morell, El",2,3851.0,3081.085,2695.0,1816.0,386.085,0.6738,0.5894,0.1253,0.4732,0.3293,0.6911,0.6366,0.7781,0.7216,0.6738
43096,"Morera de Montsant, La",1,144.0,127.008,94.0,70.0,33.008,0.7447,0.5511,0.2599,0.75,0.6571,0.802,0.8182,0.8367,0.7835,0.7447
43097,"Nou de Gaià, La",1,611.0,471.081,419.0,305.0,52.081,0.7279,0.6474,0.1106,0.6586,0.4787,0.7718,0.7405,0.8546,0.8133,0.7279
43098,Nulles,1,557.0,431.118,379.0,254.0,52.118,0.6702,0.5892,0.1209,0.708,0.5315,0.7259,0.6851,0.822,0.7569,0.6702
43099,"Palma d'Ebre, La",1,335.0,305.855,263.0,164.0,42.855,0.6236,0.5362,0.1401,0.8084,0.5061,0.7672,0.7451,0.8182,0.7535,0.6236
43100,"Pallaresos, Els",3,5018.0,3935.02,3760.0,2638.0,175.02,0.7016,0.6704,0.0445,0.3635,0.2089,0.7222,0.6613,0.8083,0.7495,0.7016
43101,Passanant i Belltall,1,140.0,132.02,160.0,101.0,0.0,0.6312,0.765,0.0,0.8125,0.6832,0.723,0.7172,0.8414,0.7671,0.6312
43102,Paüls,1,543.0,465.894,440.0,328.0,25.894,0.7455,0.704,0.0556,0.6073,0.4146,0.6948,0.6917,0.8294,0.7227,0.7455
43103,Perafort,1,1319.0,1045.967,962.0,687.0,83.967,0.7141,0.6568,0.0803,0.4014,0.2795,0.722,0.6216,0.8243,0.7764,0.7141
43104,"Perelló, El",2,2888.0,2412.217,1734.0,1125.0,678.217,0.6488,0.4664,0.2812,0.7253,0.4756,0.7147,0.6489,0.8002,0.7272,0.6488
43105,"Piles, Les",1,230.0,180.09,157.0,115.0,23.09,0.7325,0.6386,0.1282,0.7381,0.4696,0.7099,0.7593,0.8462,0.8129,0.7325
43106,"Pinell de Brai, El",1,975.0,842.4,751.0,510.0,91.4,0.6791,0.6054,0.1085,0.6033,0.4098,0.6716,0.6494,0.8272,0.7707,0.6791
43107,Pira,1,499.0,409.18,396.0,265.0,13.18,0.6692,0.6476,0.0322,0.7053,0.5358,0.7029,0.6214,0.8042,0.7364,0.6692
43108,"Pla de Santa Maria, El",1,2360.0,1956.44,1819.0,1152.0,137.44,0.6333,0.5888,0.0703,0.6048,0.4349,0.6975,0.6607,0.7728,0.7236,0.6333
43109,"Pobla de Mafumet, La",2,4116.0,3125.292,2806.0,1753.0,319.292,0.6247,0.5609,0.1022,0.2958,0.1626,0.6707,0.5721,0.7163,0.6471,0.6247
43110,"Pobla de Massaluca, La",1,344.0,299.968,241.0,167.0,58.968,0.6929,0.5567,0.1966,0.6236,0.4491,0.6213,0.6757,0.7331,0.7206,0.6929
43111,"Pobla de Montornès, La",2,3342.0,2765.712,2412.0,1532.0,353.712,0.6352,0.5539,0.1279,0.3633,0.2174,0.675,0.6316,0.7131,0.6632,0.6352
43112,Poboleda,1,333.0,289.044,265.0,169.0,24.044,0.6377,0.5847,0.0832,0.8324,0.6331,0.6268,0.6272,0.816,0.7306,0.6377
43113,"Pont d'Armentera, El",1,498.0,435.75,387.0,253.0,48.75,0.6537,0.5806,0.1119,0.6656,0.5296,0.75,0.7099,0.8186,0.7881,0.6537
43114,Porrera,1,417.0,369.045,353.0,254.0,16.045,0.7195,0.6883,0.0435,0.7544,0.4882,0.6804,0.6913,0.816,0.7595,0.7195
43115,Pradell de la Teixeta,1,178.0,158.064,139.0,121.0,19.064,0.8705,0.7655,0.1206,0.8491,0.595,0.7484,0.6993,0.875,0.8281,0.8705
43116,Prades,1,647.0,568.713,501.0,339.0,67.713,0.6766,0.5961,0.1191,0.7893,0.5251,0.7165,0.7184,0.8229,0.7656,0.6766
43117,Prat de Comte,1,188.0,160.928,140.0,100.0,20.928,0.7143,0.6214,0.13,0.605,0.36,0.7639,0.7397,0.7972,0.8095,0.7143
43118,Pratdip,1,763.0,659.995,441.0,312.0,218.995,0.7075,0.4727,0.3318,0.6657,0.516,0.7579,0.7422,0.84,0.8009,0.7075
43119,Puigpelat,1,1208.0,961.568,898.0,564.0,63.568,0.6281,0.5865,0.0661,0.5465,0.3511,0.7049,0.5882,0.7518,0.6961,0.6281
43120,Querol,1,595.0,528.955,481.0,244.0,47.955,0.5073,0.4613,0.0907,0.4258,0.2951,0.6599,0.6122,0.7173,0.6081,0.5073
43121,Rasquera,1,796.0,693.316,565.0,379.0,128.316,0.6708,0.5466,0.1851,0.8119,0.5013,0.6507,0.591,0.7834,0.6813,0.6708
43122,Renau,1,158.0,115.024,113.0,85.0,2.024,0.7522,0.739,0.0176,0.6264,0.4706,0.7925,0.7264,0.8829,0.8125,0.7522
43123,Reus,66,108065.0,87348.044,72576.0,46910.0,14948.525,0.6464,0.537,0.1711,0.4065,0.261,0.6816,0.625,0.7552,0.6882,0.6464
43124,"Riba, La",1,568.0,491.888,451.0,292.0,40.888,0.6475,0.5936,0.0831,0.6297,0.4007,0.7169,0.639,0.803,0.7329,0.6475
43125,Riba-roja d'Ebre,1,1115.0,997.925,856.0,608.0,141.925,0.7103,0.6093,0.1422,0.4787,0.3273,0.7346,0.7288,0.7865,0.7443,0.7103
43126,"Riera de Gaià, La",1,1788.0,1380.336,1274.0,897.0,106.336,0.7041,0.6498,0.077,0.5731,0.3891,0.7205,0.6644,0.8299,0.7618,0.7041
43127,Riudecanyes,1,1343.0,1094.545,909.0,649.0,185.545,0.714,0.5929,0.1695,0.71,0.4946,0.7242,0.7106,0.8289,0.7832,0.714
43128,Riudecols,1,1248.0,1048.32,936.0,670.0,112.32,0.7158,0.6391,0.1071,0.5729,0.3791,0.6861,0.6472,0.8298,0.7308,0.7158
43129,Riudoms,4,6844.0,5564.748,4877.0,3260.0,1280.123,0.6684,0.5858,0.23,0.6248,0.5199,0.6817,0.621,0.7651,0.7128,0.6684
43130,Rocafort de Queralt,1,246.0,206.886,179.0,122.0,27.886,0.6816,0.5897,0.1348,0.7939,0.6393,0.6531,0.6513,0.8192,0.7751,0.6816
43131,Roda de Berà,3,7905.0,6540.832,5543.0,3465.0,997.832,0.6251,0.5297,0.1526,0.2802,0.1743,0.6617,0.6314,0.7192,0.6493,0.6251
43132,Rodonyà,1,522.0,445.788,389.0,257.0,56.788,0.6607,0.5765,0.1274,0.7186,0.5175,0.737,0.7078,0.8044,0.7867,0.6607
43133,Roquetes,4,8309.0,6789.476,5699.0,3488.0,1090.476,0.612,0.5137,0.1606,0.5343,0.3495,0.654,0.5995,0.7497,0.6742,0.612
43134,"Rourell, El",1,403.0,334.087,295.0,211.0,39.087,0.7153,0.6316,0.117,0.53,0.2986,0.7986,0.6773,0.8205,0.7722,0.7153
43135,Salomó,1,530.0,433.01,334.0,226.0,99.01,0.6766,0.5219,0.2287,0.7686,0.5133,0.7368,0.6912,0.8299,0.7522,0.6766
43136,"Ràpita, La",10,15554.0,13179.064,10796.0,6470.0,2383.064,0.5993,0.4909,0.1808,0.5911,0.349,0.6443,0.6066,0.7444,0.6701,0.5993
43137,Sant Jaume dels Domenys,1,2783.0,2237.532,2067.0,1361.0,170.532,0.6584,0.6083,0.0762,0.48,0.3306,0.7145,0.6713,0.7953,0.7265,0.6584
43138,Santa Bàrbara,2,3819.0,3165.916,2647.0,1609.0,518.916,0.6079,0.5082,0.1639,0.4872,0.2965,0.6802,0.6097,0.7273,0.6681,0.6079
43139,Santa Coloma de Queralt,2,2779.0,2318.287,2054.0,1264.0,264.287,0.6154,0.5452,0.114,0.7619,0.553,0.6488,0.5974,0.7764,0.7135,0.6154
43140,Santa Oliva,2,3658.0,2931.172,2599.0,1703.0,332.172,0.6553,0.581,0.1133,0.2967,0.1838,0.7316,0.6548,0.7576,0.6926,0.6553
43141,Pontils,1,123.0,100.983,101.0,64.0,0.0,0.6337,0.6338,0.0,0.6,0.2812,0.6396,0.6415,0.819,0.7798,0.6337
43142,Sarral,1,1577.0,1313.641,1111.0,745.0,202.641,0.6706,0.5671,0.1543,0.696,0.5302,0.7011,0.6345,0.7849,0.7325,0.6706
43143,Savallà del Comtat,1,48.0,46.992,51.0,35.0,0.0,0.6863,0.7448,0.0,0.775,0.6571,0.8393,0.8704,0.8824,0.8,0.6863
43144,"Secuita, La",1,1828.0,1464.228,1332.0,902.0,132.228,0.6772,0.616,0.0903,0.5651,0.3503,0.7266,0.6752,0.8293,0.7831,0.6772
43145,"Selva del Camp, La",3,5681.0,4660.554,4319.0,3039.0,341.554,0.7036,0.6521,0.0733,0.5875,0.4041,0.7324,0.6824,0.8099,0.7586,0.7036
43146,Senan,1,46.0,40.986,37.0,34.0,3.986,0.9189,0.8296,0.0973,0.7188,0.6765,0.7895,0.7436,0.8537,0.8,0.9189
43147,Solivella,1,627.0,539.847,509.0,369.0,30.847,0.725,0.6835,0.0571,0.8094,0.6314,0.7274,0.7271,0.856,0.8049,0.725
43148,Tarragona,84,138937.0,114380.219,91874.0,60568.0,22820.875,0.6593,0.5295,0.1995,0.3354,0.2099,0.7117,0.6556,0.7685,0.7137,0.6593
43149,Tivenys,1,937.0,821.749,666.0,468.0,155.749,0.7027,0.5695,0.1895,0.5176,0.3654,0.691,0.6516,0.7792,0.742,0.7027
43150,Tivissa,1,1624.0,1411.256,1201.0,876.0,210.256,0.7294,0.6207,0.149,0.6992,0.5251,0.7231,0.7315,0.8352,0.7737,0.7294
43151,"Torre de Fontaubella, La",1,119.0,101.031,97.0,79.0,4.031,0.8144,0.7819,0.0399,0.75,0.557,0.7523,0.8411,0.8991,0.8224,0.8144
43152,"Torre de l'Espanyol, La",1,630.0,538.02,447.0,342.0,91.02,0.7651,0.6357,0.1692,0.7069,0.5702,0.7511,0.7358,0.8226,0.8,0.7651
43153,Torredembarra,8,17782.0,14819.659,11971.0,7767.0,2848.659,0.6488,0.5241,0.1922,0.4178,0.2718,0.6783,0.6245,0.7507,0.6863,0.6488
43154,Torroja del Priorat,1,137.0,123.985,110.0,94.0,13.985,0.8545,0.7582,0.1128,0.7788,0.6277,0.7652,0.7769,0.881,0.8254,0.8545
43155,Tortosa,23,34806.0,28514.265,22728.0,14133.0,5854.083,0.6218,0.4956,0.2053,0.533,0.3161,0.6578,0.6206,0.7394,0.6772,0.6218
43156,Ulldecona,3,6463.0,5330.995,3933.0,2619.0,1397.995,0.6659,0.4913,0.2622,0.4644,0.2852,0.6901,0.6396,0.7566,0.7108,0.6659
43157,Ulldemolins,1,414.0,377.982,359.0,269.0,18.982,0.7493,0.7117,0.0502,0.81,0.7063,0.7756,0.7592,0.8783,0.823,0.7493
43158,Vallclara,1,89.0,77.964,80.0,52.0,0.0,0.65,0.667,0.0,0.8846,0.6154,0.618,0.6118,0.7922,0.7027,0.65
43159,Vallfogona de Riucorb,1,98.0,94.962,85.0,68.0,9.962,0.8,0.7161,0.1049,0.8333,0.6765,0.7125,0.7284,0.7778,0.7895,0.8
43160,Vallmoll,1,1915.0,1537.745,1414.0,922.0,123.745,0.6521,0.5996,0.0805,0.4643,0.3004,0.6976,0.656,0.795,0.7304,0.6521
43161,Valls,15,24768.0,20280.702,17114.0,10807.0,3166.702,0.6315,0.5329,0.1561,0.5657,0.4034,0.6703,0.6095,0.7564,0.6961,0.6315
43162,Vandellòs i l'Hospitalet de l'Infant,4,7051.0,5703.982,4634.0,3173.0,1069.982,0.6847,0.5563,0.1876,0.4071,0.2789,0.7262,0.6864,0.7844,0.7193,0.6847
43163,"Vendrell, El",21,40398.0,33100.256,27280.0,16832.0,5831.824,0.617,0.5085,0.1762,0.3388,0.205,0.6733,0.6259,0.7282,0.6603,0.617
43164,Vespella de Gaià,1,504.0,419.832,353.0,240.0,66.832,0.6799,0.5717,0.1592,0.2511,0.1417,0.7267,0.6811,0.7451,0.7581,0.6799
43165,Vilabella,1,725.0,617.7,561.0,430.0,56.7,0.7665,0.6961,0.0918,0.7548,0.5814,0.7457,0.7556,0.8601,0.8214,0.7665
43166,Vilallonga del Camp,1,2462.0,1893.278,1698.0,1168.0,195.278,0.6879,0.6169,0.1031,0.5013,0.3356,0.7124,0.6496,0.7936,0.7187,0.6879
43167,Vilanova d'Escornalbou,1,611.0,513.24,425.0,293.0,88.24,0.6894,0.5709,0.1719,0.6938,0.4642,0.7493,0.7387,0.8698,0.7852,0.6894
43168,Vilanova de Prades,1,110.0,99.0,90.0,60.0,9.0,0.6667,0.6061,0.0909,0.8364,0.55,0.6882,0.5938,0.7738,0.6627,0.6667
43169,Vilaplana,1,560.0,481.04,437.0,343.0,44.04,0.7849,0.713,0.0916,0.799,0.6035,0.7965,0.8222,0.88,0.8719,0.7849
43170,Vila-rodona,1,1379.0,1111.474,921.0,637.0,190.474,0.6916,0.5731,0.1714,0.6792,0.4474,0.7036,0.6521,0.8041,0.7571,0.6916
43171,Vila-seca,12,22483.0,17884.611,15561.0,9989.0,2323.611,0.6419,0.5585,0.1299,0.2181,0.1413,0.6926,0.6222,0.7481,0.6829,0.6419
43172,Vilaverd,1,446.0,387.128,348.0,224.0,39.128,0.6437,0.5786,0.1011,0.6331,0.4911,0.6923,0.6134,0.7745,0.7425,0.6437
43173,"Vilella Alta, La",1,130.0,109.98,98.0,56.0,11.98,0.5714,0.5092,0.1089,0.8714,0.7321,0.6238,0.53,0.8081,0.7143,0.5714
43174,"Vilella Baixa, La",1,206.0,177.984,144.0,106.0,33.984,0.7361,0.5956,0.1909,0.8051,0.5566,0.7174,0.7391,0.8889,0.8194,0.7361
43175,Vilalba dels Arcs,1,614.0,532.952,515.0,361.0,17.952,0.701,0.6774,0.0337,0.6529,0.4958,0.689,0.6552,0.7933,0.6798,0.701
43176,Vimbodí i Poblet,1,871.0,756.028,726.0,488.0,30.028,0.6722,0.6455,0.0397,0.7429,0.5,0.7071,0.6662,0.7882,0.756,0.6722
43177,Vinebre,1,426.0,359.97,283.0,219.0,76.97,0.7739,0.6084,0.2138,0.6987,0.4977,0.7919,0.7726,0.8556,0.8297,0.7739
43178,Vinyols i els Arcs,1,2369.0,1907.045,1593.0,1101.0,314.045,0.6911,0.5773,0.1647,0.5425,0.3833,0.7034,0.6341,0.7868,0.7463,0.6911
43901,Deltebre,6,11813.0,9953.744,8862.0,4912.0,1091.744,0.5543,0.4935,0.1097,0.6091,0.3548,0.6054,0.5383,0.6922,0.6174,0.5543
43902,Sant Jaume d'Enveja,2,3640.0,3095.747,2825.0,1660.0,270.747,0.5876,0.5362,0.0875,0.4509,0.2759,0.6431,0.5654,0.7277,0.6519,0.5876
43903,Camarles,2,3428.0,2906.902,2389.0,1416.0,517.902,0.5927,0.4871,0.1782,0.6345,0.3623,0.5959,0.5535,0.736,0.6441,0.5927
43904,"Aldea, L'",2,4513.0,3745.146,2863.0,1797.0,882.146,0.6277,0.4798,0.2355,0.5183,0.4157,0.6186,0.5524,0.7281,0.6568,0.6277
43905,Salou,12,30258.0,24810.683,16437.0,9740.0,8373.683,0.5926,0.3926,0.3375,0.2639,0.1522,0.6396,0.5867,0.7034,0.6417,0.5926
43906,"Ampolla, L'",2,3656.0,3167.628,2352.0,1497.0,815.628,0.6365,0.4726,0.2575,0.5872,0.4222,0.6868,0.6489,0.7584,0.7052,0.6365
43907,"Canonja, La",4,5936.0,4803.79,4441.0,2942.0,362.79,0.6625,0.6124,0.0755,0.1949,0.1183,0.7243,0.6385,0.7731,0.7028,0.6625
