tract_code,M20151,A20151,G20151,G20161,A20171,G20191,M20191,G20192,A20211,M20231,G20231,A20241
0800101001,0.6177,0.8045,0.7643,0.7266,0.8704,0.8153,0.6731,0.7542,0.5451,0.5816,0.6814,0.5993
0800101002,0.6055,0.7832,0.7794,0.723,0.8513,0.8282,0.6716,0.7349,0.5088,0.5791,0.6784,0.5811
0800101003,0.5644,0.8368,0.7904,0.7102,0.8912,0.8494,0.6812,0.7869,0.6303,0.5628,0.6941,0.5883
0800101004,0.5932,0.8258,0.7942,0.7216,0.8809,0.831,0.6586,0.7633,0.5841,0.549,0.7008,0.5915
0800101005,0.6004,0.7588,0.7457,0.6879,0.8329,0.7991,0.636,0.7698,0.4845,0.5799,0.6965,0.5756
0800101007,,,,,,,,,,0.4498,0.6173,0.5132
0800101008,0.6426,0.8235,0.8219,0.7498,0.8444,0.8279,0.6797,0.7753,0.5698,0.5754,0.7095,0.6259
0800101009,,,,,,,,,,0.477,0.6737,0.5534
0800201001,0.7143,0.8079,0.703,0.6468,0.8791,0.8364,0.8643,0.7926,0.7798,0.6432,0.7511,0.7124
0800301001,,,,,,,,,,0.5757,0.704,0.6713
0800301002,0.5643,0.8182,0.7303,0.7077,0.8671,0.8164,0.6707,0.7723,0.6136,0.511,0.7003,0.6523
0800301003,0.6035,0.8311,0.7215,0.6887,0.8468,0.8213,0.6881,0.7593,0.6477,0.5578,0.7011,0.6509
0800301004,0.5891,0.8195,0.7186,0.6644,0.8266,0.7917,0.6165,0.7432,0.6182,0.5032,0.6723,0.6051
0800301005,,,,,,,,,,0.5182,0.6453,0.597
0800401001,0.7598,0.9316,0.7768,0.7399,0.9198,0.9282,0.9052,0.851,0.8396,0.7018,0.7018,0.7746
0800501001,0.4964,0.7819,0.6932,0.6454,0.8328,0.7973,0.6407,0.7384,0.5794,0.5087,0.6591,0.5551
0800501002,0.6155,0.8315,0.7283,0.6767,0.8611,0.7919,0.7052,0.7596,0.6071,0.6038,0.6828,0.6245
0800501003,0.5763,0.8482,0.7392,0.6979,0.8704,0.812,0.6842,0.7605,0.6231,0.55,0.6875,0.6277
0800501004,0.5833,0.8255,0.739,0.6889,0.8538,0.802,0.6496,0.7632,0.6032,0.5287,0.6752,0.6054
0800501005,0.5447,0.8392,0.732,0.6678,0.8632,0.8168,0.6222,0.7308,0.514,0.466,0.674,0.5604
0800601001,0.6282,0.7967,0.7057,0.6653,0.8147,0.7772,0.6742,0.7335,0.575,0.6228,0.6765,0.6279
0800601002,0.6449,0.8027,0.7294,0.6799,0.847,0.7971,0.6837,0.751,0.5826,0.5763,0.647,0.6199
0800601003,0.5472,0.7422,0.6445,0.5955,0.7845,0.751,0.6263,0.6816,0.4974,0.5362,0.6504,0.578
0800601004,0.4923,0.7512,0.6524,0.5761,0.7637,0.6946,0.5728,0.6637,0.5232,0.4412,0.5817,0.5146
0800602001,0.5586,0.7415,0.6423,0.6082,0.8002,0.7477,0.6242,0.6797,0.5078,0.5378,0.6193,0.5552
0800602002,0.6483,0.8085,0.7026,0.6696,0.8436,0.7877,0.6959,0.7355,0.5769,0.5996,0.6759,0.6301
0800602003,0.5361,0.7306,0.6553,0.6275,0.7814,0.7554,0.6548,0.7018,0.5818,0.5522,0.656,0.5981
0800602004,0.5332,0.742,0.6496,0.5457,0.7769,0.754,0.5854,0.6627,0.4692,0.5358,0.6306,0.5828
0800602005,0.5895,0.7867,0.7166,0.6284,0.8474,0.7991,0.6342,0.7351,0.5119,0.5483,0.6526,0.5539
0800701001,0.585,0.794,0.6761,0.6412,0.8335,0.7845,0.6777,0.726,0.5544,0.5579,0.6573,0.6032
0800701002,,,,,,,,,,0.5864,0.6318,0.6112
0800701003,,,,,,,,,,0.5401,0.6536,0.6021
0800702001,0.5946,0.8531,0.7233,0.6867,0.8821,0.8219,0.7209,0.7683,0.6185,0.5241,0.6807,0.6168
0800702002,0.5291,0.7888,0.6746,0.6324,0.8211,0.7669,0.6218,0.7184,0.5175,0.4879,0.6239,0.5573
0800801001,0.7245,0.8085,0.631,0.5789,0.8316,0.7765,0.7935,0.7771,0.661,0.8122,0.6629,0.6111
0800901001,0.5929,0.8399,0.7545,0.721,0.9002,0.8493,0.7288,0.8134,0.5945,0.5431,0.7025,0.6324
0800901002,0.6013,0.8337,0.768,0.7188,0.8623,0.8098,0.735,0.7788,0.6265,0.5243,0.7048,0.6222
0800901003,0.6035,0.7385,0.6881,0.612,0.8203,0.7451,0.6575,0.6907,0.473,0.577,0.6677,0.5611
0800901004,0.4531,0.7592,0.6674,0.6189,0.8271,0.7409,0.5753,0.6784,0.4756,0.3757,0.6088,0.5041
0800901005,0.6127,0.8706,0.7687,0.7393,0.9395,0.8936,0.8031,0.8547,0.6866,0.5876,0.7328,0.6791
0800901006,0.593,0.8548,0.7414,0.693,0.8724,0.8354,0.6922,0.76,0.6236,0.4798,0.6789,0.6336
0800902001,,,,,,0.7964,0.6566,0.7421,0.5371,0.4865,0.6753,0.5777
0800902002,0.5668,0.831,0.7374,0.6819,0.8741,0.8074,0.6716,0.7611,0.5223,0.4772,0.6286,0.5746
0800902003,,,,,,0.7992,0.7179,0.7541,0.5437,0.5512,0.6616,0.6286
0801001001,0.6055,0.791,0.6457,0.5875,0.8274,0.7568,0.6812,0.7172,0.5377,0.5484,0.6103,0.5603
0801002001,0.5531,0.8136,0.6791,0.644,0.8866,0.8117,0.703,0.7485,0.5919,0.5352,0.6447,0.6221
0801002002,0.5983,0.7779,0.6938,0.5932,0.8306,0.7511,0.6647,0.6795,0.5386,0.511,0.5983,0.5634
0801002003,0.6498,0.8173,0.7193,0.6753,0.869,0.8187,0.7374,0.7684,0.6346,0.6042,0.6551,0.6559
0801101001,0.6857,0.8588,0.6989,0.619,0.8707,0.8103,0.7797,0.7821,0.6407,0.6182,0.6259,0.6393
0801201001,0.7313,0.8566,0.7011,0.6429,0.8491,0.7786,0.7211,0.7665,0.6238,0.609,0.6546,0.6337
0801301001,0.6934,0.8145,0.7162,0.6552,0.8587,0.8125,0.7632,0.763,0.6284,0.7031,0.6771,0.6007
0801401001,0.6936,0.8372,0.7363,0.6962,0.8541,0.789,0.7132,0.7581,0.6006,0.5567,0.6799,0.6035
0801501001,0.6969,0.8617,0.781,0.7415,0.8774,0.8616,0.7872,0.8266,0.6845,0.675,0.7456,0.7138
0801501002,0.6571,0.8168,0.7248,0.688,0.8568,0.8014,0.7311,0.7568,0.5977,0.6218,0.6744,0.6297
0801501003,0.699,0.8469,0.7646,0.7154,0.8783,0.8252,0.7365,0.7888,0.6513,0.6528,0.7343,0.6795
0801501004,,,,,,0.8462,0.7799,0.8023,0.6617,0.6524,0.709,0.6916
0801501005,0.659,0.8416,0.7281,0.6731,0.8764,0.8231,0.7658,0.8015,0.6491,0.6339,0.7084,0.6642
0801501007,0.656,0.857,0.7203,0.7126,0.8866,0.8516,0.7453,0.8145,0.685,0.5982,0.7523,0.6992
0801502001,0.5855,0.7417,0.6653,0.6255,0.8177,0.7891,0.6614,0.7265,0.5355,0.5868,0.6935,0.5949
0801502002,0.6865,0.8697,0.7884,0.7256,0.8644,0.8586,0.7791,0.8309,0.672,0.6818,0.7737,0.7251
0801502003,0.6676,0.8439,0.7598,0.7456,0.8787,0.8589,0.7524,0.8212,0.6343,0.6218,0.689,0.6284
0801502004,0.6692,0.8523,0.7478,0.7035,0.8707,0.8269,0.7425,0.7789,0.6243,0.6165,0.7282,0.6386
0801502005,0.5237,0.6997,0.645,0.5628,0.7511,0.7043,0.594,0.6562,0.3812,0.5548,0.5784,0.4739
0801502007,0.5678,0.6894,0.6765,0.6143,0.7395,0.7276,0.5834,0.6476,0.4068,0.5071,0.5704,0.4903
0801502008,0.6629,0.8438,0.7728,0.723,0.8693,0.8358,0.7487,0.7972,0.5983,0.6343,0.7132,0.6478
0801502009,0.4594,0.6173,0.5781,0.5197,0.6825,0.6384,0.49,0.5682,0.3295,0.4467,0.5377,0.3705
0801502010,0.4759,0.6799,0.6294,0.5647,0.7406,0.6794,0.5664,0.5911,0.3112,0.5211,0.5918,0.4589
0801502011,0.5638,0.7442,0.6897,0.6082,0.779,0.7401,0.6127,0.6745,0.392,0.5606,0.6465,0.5221
0801502012,0.5428,0.7006,0.6891,0.6199,0.8037,0.7275,0.6025,0.7015,0.3992,0.5792,0.6278,0.4763
0801502013,0.5333,0.7292,0.6887,0.6256,0.7613,0.7175,0.601,0.6444,0.4123,0.5654,0.6039,0.4811
0801502015,0.5615,0.7248,0.6627,0.6008,0.7618,0.6877,0.5839,0.616,0.3545,0.5052,0.5649,0.4477
0801503001,0.6024,0.7672,0.7325,0.6663,0.8116,0.7951,0.6796,0.7371,,0.6588,0.7125,0.5912
0801503003,0.6233,0.8018,0.7355,0.6822,0.8422,0.8064,0.7105,0.7474,0.5296,0.6612,0.6903,0.6045
0801503004,0.6528,0.8293,0.7525,0.7008,0.8597,0.8355,0.7112,0.7753,0.5522,0.6725,0.7027,0.6351
0801503005,0.5643,0.7178,0.6735,0.6102,0.7964,0.7668,0.6272,0.6969,0.4674,0.6088,0.6503,0.583
0801503006,0.6946,0.8638,0.7752,0.7424,0.8773,0.8672,0.7552,0.8074,0.6379,0.6725,0.7124,0.6528
0801503007,0.6999,0.8691,0.7586,0.753,0.8913,0.8418,0.7403,0.7959,0.6551,0.6805,0.7331,0.6882
0801503008,0.666,0.8242,0.7187,0.6628,0.8464,0.8064,0.6965,0.7692,0.5955,0.6276,0.7086,0.6768
0801503009,0.6732,0.8331,0.736,0.6977,0.8634,0.8373,0.7389,0.7828,0.5965,0.6138,0.7048,0.6621
0801503010,0.6371,0.7854,0.7836,0.7072,0.837,0.7572,0.7496,0.7359,0.4462,0.614,0.6869,0.5491
0801503011,0.6495,0.8073,0.7389,0.7069,0.8464,0.8162,0.7081,0.7658,0.5552,0.6219,0.6925,0.6215
0801503013,,,,,,0.8691,0.7498,0.8264,0.639,0.6743,0.7257,0.66
0801503014,,,,,,0.8241,0.7031,0.7625,0.5489,0.654,0.7082,0.6124
0801503015,,,,,,,,,,0.7158,0.7238,0.6145
0801504001,0.5668,0.7345,0.6815,0.6256,0.8114,0.7469,0.6081,0.6805,0.4495,0.5814,0.6213,0.4927
0801504002,0.5888,0.8035,0.7322,0.6661,0.841,0.8046,0.6738,0.7447,0.5078,0.6179,0.6667,0.594
0801504003,0.6013,0.8038,0.7379,0.655,0.8415,0.8017,0.6856,0.7357,0.5029,0.6071,0.6453,0.5519
0801504004,0.6235,0.7913,0.7357,0.6819,0.8326,0.781,0.6824,0.731,0.5011,0.6,0.663,0.5623
0801504005,0.5626,0.7757,0.7344,0.659,0.8483,0.8108,0.6691,0.7399,0.4878,0.5962,0.6742,0.571
0801504006,0.5347,0.7354,0.6647,0.5988,0.806,0.7447,0.6207,0.6797,0.4262,0.5847,0.6239,0.5096
0801504007,0.686,0.8405,0.7847,0.7241,0.8637,0.8149,0.7432,0.7709,0.5427,0.6803,0.7097,0.6309
0801504008,0.5768,0.7715,0.6954,0.6538,0.8404,0.7694,0.6475,0.6935,0.4627,0.589,0.6328,0.5332
0801504009,0.6243,0.8178,0.6917,0.676,0.8174,0.7765,0.6779,0.7274,0.5273,0.6182,0.6543,0.5702
0801504010,0.5214,0.6883,0.6349,0.5922,0.7575,0.6868,0.5713,0.646,0.3798,0.5265,0.5663,0.4731
0801504011,0.5731,0.7877,0.705,0.6323,0.8358,0.7909,0.636,0.7044,0.4581,0.5633,0.6122,0.4996
0801504012,0.4837,0.7225,0.6652,0.576,0.7783,0.75,0.5944,0.6725,0.4366,0.5507,0.6188,0.4883
0801504013,0.6246,0.8359,0.7489,0.6955,0.8606,0.8031,0.6765,0.7583,0.5268,0.6271,0.6926,0.5714
0801504014,,,,,,,,,,0.6803,0.751,0.6667
0801504015,0.6019,0.8024,0.715,0.6532,0.8202,0.7873,0.6831,0.7467,0.4563,0.6464,0.66,0.5352
0801504016,0.6067,0.8308,0.7569,0.6789,0.865,0.8322,0.7104,0.7637,0.5464,0.6615,0.6837,0.6075
0801504017,,,,,,,,,,0.6915,0.7657,0.6599
0801505001,0.682,0.8387,0.7632,0.7179,0.8653,0.8204,0.7272,0.7876,0.6364,0.6207,0.7106,0.6663
0801505002,0.7542,0.8902,0.804,0.7791,0.9204,0.8529,0.7631,0.7908,0.6492,0.6174,0.6944,0.7022
0801505003,0.6327,0.8325,0.7431,0.683,0.8585,0.852,0.7328,0.8036,0.6318,0.6339,0.7106,0.6433
0801505004,0.6162,0.8243,0.7413,0.6748,0.8687,0.8042,0.6869,0.7321,0.531,0.6604,0.6981,0.6096
0801505005,0.6068,0.7962,0.7355,0.6744,0.8491,0.7916,0.6718,0.7319,0.5239,0.6336,0.6566,0.5979
0801505006,0.6867,0.8574,0.7565,0.6997,0.8946,0.8466,0.7357,0.7913,0.6407,0.5918,0.707,0.6781
0801505007,,,,,,0.8335,0.7522,0.7866,0.6373,0.64,0.7191,0.6638
0801505008,,,,,,,,,,0.6771,0.7489,0.6895
0801506001,0.5903,0.7922,0.726,0.6501,0.8258,0.755,0.672,0.7263,0.5188,0.6361,0.676,0.5636
0801506002,0.5909,0.8122,0.7401,0.6938,0.8387,0.7877,0.6819,0.7541,0.6169,0.595,0.6861,0.6177
0801506003,0.5131,0.704,0.6529,0.6152,0.7711,0.7144,0.6122,0.6633,0.2942,0.5396,0.5599,0.4286
0801506004,0.498,0.6921,0.6024,0.5688,0.7475,0.6698,0.5366,0.6213,0.3201,0.4878,0.5459,0.3765
0801506005,0.4567,0.6859,0.6298,0.5538,0.7957,0.7102,0.5426,0.6278,0.2913,0.5326,0.5465,0.4238
0801506006,0.5524,0.7397,0.6344,0.5918,0.7605,0.715,0.5543,0.612,0.3279,0.5076,0.5891,0.4253
0801507001,0.5486,0.6996,0.6627,0.6302,0.7571,0.7236,0.6079,0.6465,0.4136,0.5244,0.5905,0.4779
0801507002,0.6147,0.7837,0.7537,0.6799,0.8386,0.8052,0.6685,0.7352,0.459,0.6297,0.6837,0.5776
0801507003,0.5641,0.7097,0.6702,0.6022,0.7706,0.7121,0.5555,0.6566,0.363,0.5067,0.5845,0.4874
0801507004,0.5922,0.7765,0.6987,0.667,0.835,0.8073,0.6737,0.7447,0.5017,0.5945,0.6775,0.6026
0801507005,0.5557,0.727,0.6754,0.6285,0.763,0.7268,0.6175,0.6678,0.3713,0.5187,0.5671,0.485
0801507006,0.6346,0.8135,0.7462,0.6892,0.8456,0.7938,0.6773,0.771,0.4712,0.627,0.7106,0.61
0801507007,0.4441,0.5934,0.5705,0.496,0.6525,0.6215,0.5097,0.5475,0.3249,0.3815,0.4316,0.3065
0801507008,0.4699,0.6573,0.5983,0.5338,0.7022,0.6595,0.5489,0.5947,0.2937,0.4465,0.4853,0.3934
0801507009,,,,,,0.7593,0.6526,0.7124,0.4043,0.6136,0.644,0.5212
0801507010,0.5208,0.6381,0.6289,0.6341,0.7313,0.675,0.5492,0.595,0.3824,0.5026,0.5297,0.3953
0801507011,0.5459,0.7253,0.6694,0.6178,0.7882,0.7446,0.618,0.6884,0.3898,0.5594,0.594,0.5016
0801507013,0.4496,0.6236,0.5736,0.5012,0.6751,0.6319,0.5244,0.55,0.3121,0.4564,0.4962,0.3976
0801507014,0.5053,0.6912,0.6591,0.5943,0.7332,0.6741,0.5719,0.6369,0.3712,0.5303,0.5859,0.4339
0801507015,0.4822,0.6151,0.6267,0.5521,0.659,0.6151,0.4982,0.5634,0.3525,0.4717,0.5235,0.3855
0801507017,0.4917,0.64,0.5827,0.5224,0.6663,0.6169,0.4919,0.5548,0.309,0.4597,0.5052,0.3783
0801507018,0.6382,0.8423,0.7798,0.7215,0.8845,0.8401,0.7299,0.7971,0.5374,0.6941,0.7447,0.6375
0801507020,0.6014,0.75,0.7011,0.6324,0.7997,0.734,0.6329,0.6755,0.3683,0.5924,0.6121,0.4917
0801507021,0.5479,0.7185,0.7054,0.653,0.81,0.7523,0.6195,0.6822,0.4665,0.6192,0.6442,0.5147
0801507022,0.6413,0.7968,0.7432,0.6763,0.812,0.8084,0.675,0.7508,0.4613,0.6362,0.6655,0.5694
0801507023,0.6455,0.8321,0.7458,0.6882,0.8462,0.814,0.7094,0.7607,0.553,0.6268,0.7075,0.6444
0801507024,0.5923,0.7733,0.7251,0.6677,0.8219,0.7752,0.6778,0.7074,0.4643,0.5573,0.6543,0.5587
0801507028,0.5131,0.6936,0.6534,0.5869,0.7464,0.6901,0.603,0.6333,0.3909,0.5391,0.5976,0.4765
0801507029,0.6399,0.8187,0.8115,0.7291,0.8629,0.822,0.7118,0.7774,0.5251,0.6762,0.7265,0.6377
0801507030,0.6284,0.823,0.7926,0.7155,0.8565,0.8291,0.7185,0.7719,0.5627,0.7022,0.7405,0.6407
0801507031,0.5985,0.8023,0.7638,0.6657,0.8805,0.8297,0.6683,0.7415,0.4709,0.6383,0.6756,0.578
0801508001,0.4707,0.6824,0.6584,0.5898,0.7137,0.6537,0.5196,0.6013,0.3242,0.4632,0.536,0.4259
0801508002,0.5701,0.7731,0.7427,0.6784,0.8397,0.7926,0.6452,0.7279,0.4704,0.5916,0.6589,0.5686
0801508003,0.5591,0.7764,0.7163,0.6607,0.8324,0.781,0.6203,0.7267,0.4196,0.5578,0.6242,0.543
0801508004,0.5885,0.8069,0.7739,0.7009,0.8669,0.7848,0.6351,0.7474,0.4187,0.6352,0.6957,0.5537
0801508005,0.4716,0.6777,0.6616,0.5799,0.7518,0.7013,0.5368,0.5845,0.3295,0.4907,0.5513,0.4221
0801508006,0.6173,0.7873,0.7602,0.685,0.8601,0.8053,0.6835,0.7311,0.4376,0.605,0.6793,0.5613
0801508007,0.4967,0.6872,0.6733,0.6084,0.7617,0.6961,0.5505,0.5877,0.3281,0.5281,0.579,0.4367
0801508008,0.5497,0.7648,0.7391,0.6735,0.8519,0.7781,0.6425,0.7222,0.4403,0.6394,0.6785,0.5735
0801508009,0.5512,0.7573,0.7129,0.6249,0.8255,0.7692,0.65,0.7169,0.416,0.5504,0.629,0.5111
0801508011,0.5848,0.7656,0.7507,0.6701,0.8667,0.8197,0.6916,0.7589,0.4165,0.6018,0.6751,0.5397
0801508012,0.6254,0.8559,0.8182,0.7403,0.9041,0.8682,0.7395,0.8247,0.6167,0.6718,0.7464,0.6589
0801508013,0.5679,0.8295,0.7875,0.7075,0.875,0.8251,0.7038,0.7661,0.4778,0.6587,0.6854,0.5827
0801508014,,,,,,,,,,0.6456,0.681,0.6151
0801509001,0.4929,0.6424,0.6017,0.5566,0.7089,0.6649,0.516,0.6386,0.3717,0.4477,0.5202,0.414
0801509002,0.4429,0.5629,0.5029,0.4326,0.6075,0.5171,0.4309,0.4629,0.2415,0.4135,0.4388,0.3071
0801509003,0.4527,0.6381,0.5624,0.5396,0.695,0.6853,0.5658,0.5864,0.297,0.4327,0.5173,0.4067
0801509004,0.343,0.4769,0.3985,0.3424,0.4994,0.384,0.3029,0.3316,0.1853,0.3345,0.3618,0.2284
0801509005,0.4561,0.6403,0.6105,0.5194,0.6729,0.6073,0.4953,0.5594,0.2906,0.4614,0.5226,0.4208
0801509006,0.4142,0.529,0.5128,0.4447,0.5905,0.5382,0.4367,0.4897,0.2739,0.3694,0.4024,0.3159
0801509008,0.4693,0.6324,0.5836,0.5358,0.6839,0.6184,0.5127,0.5624,0.3062,0.4783,0.5337,0.3895
0801509009,0.6162,0.7793,0.7166,0.6613,0.7965,0.7714,0.673,0.6848,0.4383,0.5652,0.6658,0.5449
0801509010,0.473,0.6458,0.5981,0.5436,0.6698,0.637,0.4974,0.568,0.2944,0.4718,0.5244,0.4102
0801509011,0.5822,0.7054,0.6893,0.6006,0.7394,0.7246,0.6051,0.6998,0.4301,0.5785,0.6402,0.5455
0801509012,0.5396,0.7162,0.6757,0.6229,0.7772,0.7161,0.5868,0.62,0.3634,0.5462,0.5681,0.4774
0801509013,0.6375,0.7544,0.7118,0.6568,0.8111,0.7354,0.651,0.6931,0.3544,0.64,0.6384,0.552
0801509014,0.6314,0.7833,0.7515,0.6831,0.8288,0.7003,0.6767,0.7196,0.4151,0.6157,0.6497,0.5043
0801509015,0.5053,0.6658,0.6254,0.5693,0.716,0.6736,0.5317,0.6018,0.3683,0.4922,0.5543,0.454
0801509016,0.5727,0.7424,0.7015,0.6158,0.8007,0.7396,0.6153,0.6432,0.3824,0.5851,0.6296,0.4773
0801509017,0.4486,0.5804,0.5562,0.4965,0.6674,0.5984,0.4825,0.542,0.3061,0.4318,0.485,0.3467
0801509018,0.5269,0.6946,0.6623,0.5374,0.7296,0.6576,0.5605,0.6194,0.3678,0.5036,0.5391,0.4332
0801509019,0.5025,0.6807,0.6484,0.5938,0.7432,0.6754,0.5321,0.6115,0.3646,0.4966,0.5714,0.4419
0801509020,0.5823,0.7622,0.7273,0.6844,0.8487,0.8056,0.664,0.749,0.4309,0.6429,0.6693,0.6365
0801509021,0.5734,0.7142,0.683,0.5992,0.7624,0.7171,0.6058,0.6772,0.4022,0.5536,0.6146,0.4995
0801509022,0.6101,0.7695,0.7106,0.6673,0.7778,0.7121,0.6179,0.6711,0.3627,0.5672,0.6069,0.531
0801509023,,,,,,0.7318,0.6184,0.7053,0.3833,0.5706,0.6147,0.5005
0801509024,0.6184,0.763,0.7338,0.6918,0.8179,0.7624,0.6963,0.7129,0.46,0.6299,0.6477,0.5418
0801509025,0.4859,0.6904,0.6505,0.595,0.7539,0.6882,0.5699,0.5886,0.3321,0.4951,0.5619,0.4496
0801509026,0.5972,0.794,0.7511,0.6797,0.7993,0.7736,0.6584,0.7158,0.4649,0.5788,0.656,0.5409
0801509027,0.5414,0.7217,0.6772,0.5868,0.733,0.7242,0.5921,0.6491,0.3895,0.4902,0.5119,0.4337
0801509028,0.4415,0.6741,0.595,0.5254,0.7097,0.6749,0.5029,0.587,0.3021,0.4717,0.5301,0.3884
0801509030,0.4825,0.6887,0.5972,0.5675,0.7179,0.6542,0.5105,0.6123,0.377,0.5032,0.5301,0.3097
0801509031,0.6248,0.8023,0.7629,0.6775,0.8474,0.7809,0.6813,0.7252,0.4784,0.6536,0.6802,0.5608
0801509032,0.5258,0.6608,0.6317,0.4984,0.6613,0.6396,0.526,0.5408,0.3194,0.5511,0.5583,0.4456
0801509033,0.5916,0.7774,0.7331,0.6806,0.8288,0.7592,0.6443,0.6925,0.3868,0.588,0.6493,0.5327
0801509034,0.6027,0.7984,0.7628,0.7013,0.84,0.8017,0.6703,0.7544,0.4871,0.6246,0.7001,0.6049
0801509035,0.5771,0.7264,0.6901,0.6208,0.7839,0.7396,0.6393,0.6657,0.4087,0.5834,0.6215,0.5024
0801509036,0.5631,0.7437,0.7016,0.6977,0.7715,0.71,0.5868,0.6695,0.366,0.6037,0.6375,0.4929
0801509037,0.4619,0.574,0.5362,0.4747,0.5724,0.5423,0.4217,0.4951,0.2855,0.3777,0.4605,0.3013
0801509038,0.47,0.615,0.5924,0.4938,0.6272,0.5896,0.4267,0.4787,0.3118,0.417,0.4585,0.3439
0801509042,0.2791,0.3781,0.2793,0.2497,0.4302,0.3488,0.2542,0.2812,0.0942,0.2615,0.2925,0.2124
0801509043,0.5935,0.7912,0.7487,0.6698,0.8326,0.7917,0.6912,0.7387,0.4611,0.6202,0.6685,0.5563
0801509044,0.5407,0.6964,0.6799,0.5808,0.7559,0.7166,0.6407,0.6392,0.3308,0.5462,0.6025,0.4723
0801509045,0.6113,0.7597,0.7041,0.6631,0.8098,0.7676,0.662,0.7033,0.4384,0.6372,0.6609,0.5688
0801509047,0.4972,0.6869,0.6543,0.5765,0.7572,0.6844,0.5712,0.6184,0.331,0.5265,0.5576,0.4325
0801509049,0.5701,0.7273,0.7039,0.6408,0.7628,0.7587,0.579,0.6801,0.4557,0.4767,0.6099,0.489
0801509052,0.5731,0.7729,0.6916,0.6307,0.819,0.7511,0.6515,0.7323,0.4177,0.6431,0.6559,0.5842
0801509053,0.5205,0.6966,0.6561,0.5766,0.7211,0.6696,0.5533,0.6098,0.3185,0.476,0.5554,0.4018
0801509054,0.5906,0.813,0.7527,0.6411,0.8337,0.7733,0.6421,0.6641,0.3639,0.5854,0.6142,0.5018
0801509057,0.5388,0.7036,0.6725,0.6051,0.7451,0.6978,0.5696,0.6293,0.3858,0.519,0.5694,0.4818
0801509058,0.6086,0.7878,0.7381,0.67,0.8495,0.7982,0.6608,0.7289,0.4825,0.582,0.669,0.555
0801509059,0.559,0.7474,0.7329,0.6552,0.823,0.7705,0.6072,0.7108,0.4604,0.5143,0.669,0.5267
0801601001,0.6829,0.8185,0.6745,0.6204,0.8591,0.8024,0.7363,0.7604,0.6288,0.6398,0.6744,0.639
0801701001,,,,,,,,,,0.5356,0.6327,0.525
0801701002,0.5718,0.8119,0.7143,0.6324,0.8582,0.7871,0.6418,0.7305,0.5397,0.5181,0.6617,0.5841
0801701003,,,,,,,,,,0.5725,0.6415,0.5829
0801801001,0.6394,0.7887,0.7012,0.6565,0.837,0.7873,0.6899,0.7211,0.5339,0.5899,0.6189,0.544
0801801002,0.6361,0.7806,0.6611,0.6198,0.8291,0.7677,0.6605,0.7331,0.5267,0.565,0.6368,0.5944
0801901001,0.4839,0.6059,0.618,0.5774,0.7084,0.7183,0.5589,0.628,0.4169,0.4884,0.5599,0.4576
0801901002,0.4305,0.5079,0.516,0.4463,0.5804,0.5727,0.4887,0.4938,0.3719,0.3857,0.4749,0.34
0801901003,0.4666,0.5667,0.5446,0.5121,0.6118,0.6014,0.4589,0.554,0.3884,0.4359,0.5166,0.4391
0801901004,0.4916,0.6042,0.6156,0.5829,0.6914,0.6477,0.5494,0.6228,0.5008,0.5196,0.5765,0.4734
0801901005,0.4109,0.5605,0.5327,0.4696,0.6199,0.5857,0.446,0.5159,0.3544,0.4204,0.4805,0.3904
0801901006,0.4236,0.5218,0.5309,0.4761,0.5891,0.5833,0.4852,0.4958,0.4045,0.4744,0.5263,0.4175
0801901007,0.4179,0.5259,0.5301,0.5074,0.6013,0.5467,0.4698,0.5151,0.3871,0.4053,0.4714,0.3989
0801901008,0.3771,0.4756,0.4828,0.4551,0.5528,0.5348,0.4304,0.4805,0.3501,0.3734,0.4424,0.3606
0801901009,0.4532,0.5948,0.5812,0.53,0.6652,0.6264,0.4889,0.5557,0.4177,0.4872,0.547,0.4536
0801901010,0.4217,0.518,0.5255,0.4971,0.578,0.561,0.4429,0.476,0.3719,0.4065,0.4932,0.3866
0801901011,0.4132,0.5131,0.4956,0.4694,0.5726,0.5504,0.4158,0.4899,0.3757,0.4002,0.4652,0.3546
0801901012,0.4715,0.5854,0.5903,0.5444,0.6752,0.6227,0.5171,0.5662,0.4479,0.4743,0.5386,0.4498
0801901013,0.4682,0.6755,0.6128,0.5566,0.6851,0.6762,0.516,0.6185,0.4369,0.5151,0.5912,0.4711
0801901014,0.4331,0.5854,0.5519,0.5,0.5882,0.5625,0.4179,0.5055,0.3588,0.4405,0.5043,0.4365
0801901015,0.4496,0.59,0.567,0.5585,0.6369,0.64,0.4688,0.5753,0.4683,0.4806,0.5632,0.4713
0801901016,0.4298,0.5954,0.5447,0.509,0.6277,0.5969,0.435,0.5501,0.3968,0.4496,0.5117,0.444
0801901017,0.4292,0.5372,0.5451,0.5153,0.6041,0.6045,0.4424,0.5354,0.4064,0.4068,0.4846,0.3924
0801901018,0.4695,0.5934,0.5273,0.5407,0.6161,0.5978,0.4862,0.5752,0.3974,0.4334,0.527,0.4278
0801901019,0.4189,0.55,0.545,0.491,0.6042,0.6057,0.4508,0.55,0.3878,0.4672,0.5399,0.4123
0801901020,0.5522,0.7052,0.687,0.6644,0.7554,0.7404,0.6431,0.6821,0.5564,0.5752,0.6311,0.5665
0801901021,0.523,0.6688,0.6393,0.627,0.7444,0.7278,0.5962,0.6767,0.5216,0.5075,0.6071,0.5073
0801901022,0.6105,0.734,0.6938,0.6652,0.7997,0.792,0.6717,0.6919,0.5988,0.5426,0.6098,0.5334
0801901023,0.5153,0.6686,0.6465,0.6033,0.7433,0.7034,0.5958,0.6561,0.521,0.5239,0.6111,0.5231
0801901025,0.5027,0.644,0.6491,0.6057,0.7277,0.7038,0.6266,0.6861,0.5219,0.5195,0.5931,0.5267
0801901026,,,,,0.5306,0.4759,0.4009,0.4359,0.298,0.2726,0.34,0.2594
0801901027,0.5409,0.6575,0.6405,0.6007,0.7223,0.6988,0.5756,0.6429,0.4763,0.524,0.5915,0.4925
0801901028,0.499,0.6545,0.6281,0.5857,0.696,0.6692,0.5742,0.6282,0.5312,0.5298,0.5673,0.5057
0801901029,0.4676,0.5899,0.5869,0.5526,0.6445,0.6257,0.5017,0.5751,0.4596,0.4664,0.5469,0.4526
0801901030,0.4685,0.5962,0.5774,0.5363,0.6554,0.6302,0.5464,0.5662,0.4526,0.482,0.5285,0.4796
0801901031,0.4525,0.5634,0.5653,0.5332,0.6385,0.6117,0.5,0.5603,0.4114,0.429,0.5034,0.4114
0801901032,0.4763,0.6683,0.61,0.5746,0.6908,0.6973,0.569,0.5994,0.4169,0.4403,0.557,0.4467
0801901033,0.4382,0.6271,0.5743,0.5398,0.7095,0.6542,0.5048,0.5704,0.4128,0.4142,0.4844,0.3738
0801901034,0.4177,0.542,0.5191,0.4762,0.6433,0.6237,0.479,0.5601,0.3598,0.4233,0.5269,0.4202
0801901035,0.464,0.5984,0.556,0.5253,0.6657,0.6478,0.5,0.589,0.4145,0.4547,0.5568,0.4562
0801901036,0.454,0.616,0.6228,0.547,0.6984,0.6679,0.5227,0.5801,0.4121,0.4908,0.573,0.4918
0801901037,0.4946,0.6633,0.6133,0.5791,0.7401,0.7001,0.5573,0.6378,0.4697,0.5553,0.6234,0.4961
0801901038,0.4654,0.6233,0.5882,0.5493,0.6938,0.6803,0.539,0.5836,0.4,0.4462,0.555,0.4356
0801901039,0.5141,0.6716,0.6291,0.5772,0.749,0.7183,0.6204,0.6471,0.4725,0.49,0.561,0.4782
0801901040,0.4933,0.6835,0.6206,0.5281,0.7624,0.6815,0.5656,0.6369,0.4632,0.4962,0.5625,0.4705
0801901041,0.4477,0.6252,0.6027,0.5758,0.6996,0.6474,0.5022,0.5577,0.4129,0.459,0.5382,0.4039
0801901042,0.4856,0.6326,0.6099,0.578,0.7116,0.7014,0.5652,0.6314,0.4331,0.4911,0.5728,0.4905
0801901043,0.5039,0.6816,0.6729,0.6346,0.7728,0.74,0.6355,0.6771,0.5581,0.5686,0.6519,0.5638
0801901044,0.5576,0.7068,0.6759,0.641,0.7799,0.7236,0.6203,0.6878,0.4979,0.5509,0.584,0.5146
0801901045,0.4434,0.6075,0.5937,0.5593,0.6725,0.6641,0.5395,0.6031,0.4797,0.4753,0.5791,0.4653
0801901046,0.4688,0.6156,0.6351,0.5621,0.6638,0.6545,0.5092,0.5853,0.4328,0.4818,0.526,0.4318
0801901047,0.4491,0.617,0.6172,0.5721,0.6795,0.6678,0.5564,0.6024,0.4501,0.4805,0.5606,0.4741
0801901048,0.4201,0.5561,0.5775,0.509,0.6508,0.6125,0.4771,0.5367,0.3489,0.4045,0.5195,0.402
0801901049,0.5291,0.6688,0.6667,0.6312,0.7198,0.6997,0.5827,0.6552,0.4885,0.5472,0.5863,0.5287
0801901050,0.5034,0.6779,0.6308,0.6046,0.7088,0.6702,0.5654,0.6247,0.4901,0.4809,0.5616,0.4552
0801901051,0.4884,0.5927,0.5856,0.5558,0.6704,0.6444,0.5218,0.5902,0.4525,0.4866,0.558,0.4745
0801901052,0.6107,0.7401,0.7192,0.6789,0.7883,0.7637,0.6729,0.7085,0.6063,0.6027,0.6643,0.6126
0801901053,0.4926,0.6351,0.5917,0.5791,0.7026,0.6554,0.5399,0.6277,0.4607,0.4577,0.546,0.4459
0801901054,0.5046,0.6374,0.6237,0.598,0.7089,0.6992,0.5986,0.6348,0.4726,0.5391,0.5927,0.5026
0801901055,0.516,0.7428,0.6971,0.6775,0.8276,0.7653,0.667,0.7273,0.5391,0.5762,0.6545,0.594
0801902001,0.6348,0.7681,0.7463,0.7064,0.8267,0.7881,0.7064,0.7718,0.6288,0.6589,0.6849,0.6608
0801902002,0.5762,0.6929,0.6582,0.6186,0.748,0.6945,0.6165,0.6703,0.5235,0.5037,0.5572,0.4949
0801902003,0.63,0.7637,0.7071,0.6572,0.7957,0.767,0.6881,0.7205,0.6206,0.6339,0.6712,0.6522
0801902004,0.626,0.7762,0.7386,0.7,0.8078,0.815,0.6936,0.7578,0.5584,0.6206,0.6708,0.6259
0801902005,0.694,0.8415,0.7896,0.7253,0.8626,0.8445,0.7643,0.8209,0.633,0.6917,0.7491,0.7075
0801902006,0.6968,0.8541,0.7778,0.7464,0.8697,0.8528,0.7851,0.8273,0.6891,0.7107,0.7313,0.7126
0801902007,0.6667,0.8162,0.7464,0.7475,0.8404,0.791,0.7054,0.7291,0.6193,0.6396,0.6978,0.6606
0801902008,0.6772,0.8358,0.7731,0.7183,0.8815,0.8241,0.7317,0.7791,0.6693,0.6774,0.7178,0.678
0801902009,0.6509,0.8246,0.7683,0.7467,0.8558,0.8454,0.7287,0.815,0.644,0.6629,0.7379,0.6708
0801902010,0.664,0.845,0.7648,0.7218,0.8664,0.8399,0.7441,0.7963,0.6368,0.6527,0.7139,0.656
0801902011,0.6532,0.8203,0.7241,0.7099,0.8619,0.8145,0.7224,0.8085,0.5947,0.6515,0.7069,0.6587
0801902012,0.6233,0.7854,0.7392,0.719,0.8456,0.8072,0.6751,0.7545,0.5711,0.6176,0.6832,0.6368
0801902013,0.61,0.75,0.7169,0.6675,0.7924,0.7712,0.64,0.7234,0.5758,0.6255,0.6507,0.5881
0801902014,0.5639,0.7335,0.6913,0.6259,0.7537,0.759,0.6438,0.7379,0.5206,0.5477,0.6285,0.584
0801902015,0.5931,0.7253,0.6871,0.6261,0.768,0.749,0.621,0.6946,0.5295,0.5529,0.6182,0.5342
0801902016,0.6647,0.8261,0.7572,0.7208,0.8516,0.8225,0.7096,0.7674,0.6202,0.6617,0.7026,0.682
0801902017,0.6708,0.8141,0.758,0.7248,0.8587,0.8279,0.7244,0.7773,0.6228,0.6421,0.6966,0.6411
0801902018,0.6476,0.8185,0.7827,0.7234,0.8477,0.8229,0.7028,0.7693,0.5995,0.6664,0.7056,0.6637
0801902019,0.6348,0.804,0.7504,0.7119,0.8617,0.8265,0.6953,0.7748,0.594,0.6255,0.6826,0.6675
0801902020,0.554,0.7371,0.673,0.6405,0.804,0.7936,0.671,0.7076,0.5268,0.5821,0.6575,0.5821
0801902021,0.6388,0.7844,0.7456,0.7098,0.8327,0.803,0.6698,0.7509,0.5575,0.6181,0.7149,0.6431
0801902022,0.6572,0.7889,0.7545,0.7167,0.8277,0.7913,0.6833,0.7514,0.6049,0.664,0.7133,0.6585
0801902023,0.6036,0.7931,0.7606,0.6868,0.8521,0.8029,0.6939,0.7616,0.5777,0.6576,0.7024,0.6679
0801902024,0.6072,0.7666,0.7355,0.6841,0.8152,0.8091,0.6626,0.7591,0.5579,0.5624,0.6618,0.5774
0801902025,0.5977,0.755,0.7325,0.6863,0.8112,0.7877,0.6621,0.7422,0.5167,0.5966,0.7283,0.6185
0801902026,0.6292,0.7943,0.7268,0.6764,0.8297,0.799,0.7165,0.7555,0.6129,0.6409,0.6973,0.656
0801902027,0.6627,0.7999,0.7385,0.7066,0.86,0.8251,0.7229,0.7786,0.6374,0.6389,0.7022,0.6608
0801902028,0.6152,0.7886,0.7183,0.6727,0.8308,0.8161,0.6869,0.758,0.5988,0.6354,0.6808,0.637
0801902029,0.6257,0.7743,0.7297,0.7086,0.8463,0.8149,0.6965,0.7629,0.5991,0.6548,0.7188,0.6419
0801902030,0.5964,0.781,0.7148,0.6678,0.8016,0.7993,0.6767,0.7473,0.5323,0.6082,0.6655,0.6053
0801902031,0.6659,0.831,0.7887,0.7389,0.866,0.8348,0.7337,0.7721,0.5712,0.6586,0.717,0.6873
0801902032,0.5858,0.7198,0.6911,0.6586,0.7967,0.7564,0.6859,0.7157,0.6095,0.5933,0.6735,0.6442
0801902033,0.641,0.7942,0.7283,0.716,0.8329,0.8465,0.7285,0.7783,0.6119,0.6223,0.6956,0.6424
0801902034,0.6122,0.7627,0.7044,0.6863,0.8226,0.7538,0.6491,0.7114,0.5634,0.6052,0.6786,0.591
0801902035,0.6208,0.7747,0.7296,0.6947,0.8302,0.8142,0.7021,0.7556,0.5777,0.6042,0.6472,0.6236
0801902036,0.6538,0.8244,0.7741,0.7301,0.8637,0.8352,0.7253,0.7883,0.6459,0.6782,0.7337,0.6864
0801902037,0.6403,0.83,0.773,0.7096,0.8687,0.8148,0.7398,0.7963,0.6353,0.6356,0.7272,0.6701
0801902038,0.6612,0.8306,0.7706,0.7303,0.8587,0.8473,0.7469,0.7981,0.6367,0.6889,0.7252,0.6928
0801902039,0.6022,0.7667,0.7027,0.6607,0.814,0.808,0.6931,0.749,0.5953,0.6102,0.7114,0.6313
0801902040,0.5204,0.713,0.6737,0.6268,0.7897,0.772,0.6332,0.7179,0.5407,0.5466,0.6409,0.55
0801902041,0.5836,0.7736,0.7041,0.6489,0.8164,0.7876,0.6724,0.7225,0.5582,0.5758,0.6576,0.598
0801902042,0.6728,0.8162,0.7517,0.7037,0.871,0.8148,0.7189,0.7884,0.6077,0.6357,0.6947,0.6592
0801902043,0.6763,0.8338,0.7725,0.7173,0.8619,0.8382,0.7516,0.7882,0.6511,0.6592,0.7264,0.6935
0801902044,0.5882,0.7613,0.7093,0.6628,0.8399,0.8017,0.6888,0.7467,0.5841,0.6091,0.7002,0.612
0801902045,0.6188,0.7969,0.7456,0.6954,0.8426,0.8335,0.7039,0.7654,0.5754,0.6258,0.6782,0.6381
0801902046,0.5963,0.7561,0.7024,0.6521,0.82,0.7943,0.6667,0.7368,0.5256,0.6078,0.661,0.6205
0801902047,0.6405,0.7976,0.7542,0.7014,0.8452,0.8014,0.6869,0.7729,0.5643,0.5977,0.6572,0.6329
0801902048,0.607,0.7728,0.7083,0.657,0.7905,0.7565,0.631,0.7033,0.5672,0.6115,0.6898,0.5971
0801902049,0.5996,0.7662,0.7159,0.6777,0.8019,0.7594,0.6215,0.707,0.5339,0.5848,0.6554,0.5777
0801902050,0.5766,0.7313,0.6746,0.6473,0.7909,0.7733,0.6606,0.709,0.5795,0.5897,0.6877,0.6243
0801902051,0.5638,0.7446,0.6827,0.6338,0.7811,0.7535,0.6473,0.6977,0.5642,0.5864,0.6529,0.588
0801902052,0.6427,0.8036,0.7537,0.6984,0.8209,0.8094,0.7048,0.7692,0.5797,0.6128,0.6739,0.6197
0801902053,0.6385,0.7859,0.7183,0.6729,0.8228,0.7844,0.6903,0.7251,0.611,0.6208,0.6655,0.6111
0801902054,0.6401,0.8116,0.7575,0.6876,0.8491,0.7994,0.7283,0.752,0.6263,0.6739,0.7225,0.6647
0801902055,0.6458,0.7852,0.7278,0.7018,0.8314,0.7944,0.6868,0.7763,0.664,0.6648,0.7204,0.689
0801902056,0.6081,0.7601,0.7147,0.6454,0.7887,0.7909,0.6871,0.742,0.637,0.6331,0.6674,0.6246
0801902057,0.6811,0.8188,0.757,0.7199,0.8487,0.8238,0.7434,0.7848,0.7168,0.7312,0.7661,0.7461
0801902058,0.6517,0.832,0.7621,0.7044,0.8143,0.8176,0.7169,0.774,0.6798,0.6733,0.6848,0.6619
0801902059,0.6486,0.8346,0.7552,0.6904,0.8485,0.8211,0.7296,0.7692,0.636,0.6287,0.6478,0.6518
0801902060,0.6565,0.8142,0.7506,0.7073,0.8671,0.808,0.704,0.7632,0.62,0.6537,0.689,0.6251
0801902061,0.6415,0.7905,0.7283,0.7278,0.8163,0.8021,0.705,0.7643,0.6103,0.6424,0.6892,0.606
0801902062,0.6694,0.8391,0.7785,0.7527,0.8626,0.8218,0.7345,0.8022,0.6802,0.7016,0.7138,0.7011
0801902063,0.6862,0.8188,0.7578,0.6979,0.829,0.7984,0.7212,0.7386,0.616,0.7069,0.7084,0.6897
0801902064,0.6957,0.816,0.7743,0.7439,0.8802,0.8826,0.787,0.8367,0.7332,0.7288,0.7663,0.7139
0801902065,0.6317,0.8024,0.7385,0.6944,0.8274,0.7997,0.7007,0.7597,0.6314,0.667,0.7093,0.6627
0801902066,0.6462,0.8046,0.7427,0.7258,0.8761,0.8146,0.7029,0.7596,0.6412,0.6618,0.7248,0.6802
0801902067,0.6477,0.7871,0.766,0.6941,0.8495,0.8039,0.6895,0.7714,0.6527,0.6531,0.7051,0.6851
0801902068,0.632,0.804,0.7293,0.6837,0.823,0.8194,0.7215,0.785,0.6491,0.6729,0.7066,0.6519
0801902069,0.6772,0.8536,0.7836,0.7511,0.8798,0.8489,0.76,0.7877,0.6862,0.7065,0.7486,0.7101
0801902070,0.6954,0.8042,0.7525,0.7118,0.8493,0.8169,0.7286,0.7903,0.6476,0.682,0.7181,0.6754
0801902071,0.7202,0.8594,0.8061,0.7609,0.8777,0.8796,0.7717,0.8157,0.7161,0.7379,0.7528,0.7385
0801902072,0.6352,0.8,0.739,0.69,0.8509,0.8226,0.7312,0.7526,0.6734,0.6962,0.7159,0.6847
0801902073,0.6399,0.7857,0.717,0.6863,0.8102,0.7859,0.6941,0.7274,0.628,0.6076,0.67,0.5978
0801902074,0.6537,0.7884,0.7396,0.7347,0.8318,0.7986,0.7085,0.8003,0.6988,0.6497,0.7168,0.6806
0801902075,0.6401,0.8127,0.7405,0.6954,0.8381,0.8238,0.7343,0.7891,0.6644,0.6546,0.7188,0.687
0801902076,0.661,0.8286,0.7583,0.7074,0.8594,0.8224,0.7419,0.7818,0.6499,0.6614,0.705,0.6606
0801902077,0.5729,0.7447,0.7087,0.6533,0.8105,0.7359,0.6677,0.6991,0.5985,0.5778,0.6487,0.596
0801902078,0.6364,0.7807,0.7285,0.6625,0.8088,0.7608,0.677,0.7256,0.6162,0.6205,0.652,0.6247
0801902079,0.595,0.7739,0.7334,0.6771,0.8251,0.7674,0.6794,0.7263,0.6245,0.626,0.6486,0.6567
0801902080,0.6276,0.7937,0.7319,0.6847,0.8107,0.7563,0.6802,0.7333,0.6409,0.6412,0.6644,0.6348
0801902081,0.6585,0.8244,0.7536,0.7086,0.8488,0.8252,0.7187,0.7789,0.6919,0.7011,0.7359,0.7088
0801902082,0.6053,0.7897,0.7224,0.6529,0.8003,0.7639,0.6667,0.7438,0.6281,0.6081,0.6762,0.6384
0801902083,0.6527,0.8141,0.7654,0.721,0.8517,0.823,0.7464,0.8014,0.6829,0.6581,0.7235,0.6261
0801902084,0.6414,0.774,0.7167,0.698,0.8287,0.7885,0.7053,0.7513,0.6052,0.64,0.6612,0.6387
0801902085,0.6325,0.7895,0.7389,0.6845,0.8366,0.7831,0.6898,0.746,0.6334,0.6472,0.6869,0.6475
0801902086,0.6446,0.8161,0.7573,0.7165,0.8365,0.8194,0.7233,0.7641,0.6552,0.698,0.7213,0.7016
0801902087,0.6509,0.8034,0.7621,0.7212,0.8631,0.8167,0.7304,0.7785,0.6399,0.6922,0.7163,0.6745
0801902088,0.6471,0.7979,0.7478,0.7045,0.8322,0.8156,0.7159,0.781,0.671,0.6634,0.6924,0.6795
0801902089,0.623,0.7688,0.7199,0.6788,0.8024,0.7906,0.7071,0.7452,0.6288,0.6401,0.6799,0.6118
0801902090,0.6039,0.7457,0.6892,0.6633,0.7913,0.776,0.6704,0.7349,0.6068,0.6216,0.67,0.6368
0801902091,0.6197,0.7876,0.725,0.663,0.8265,0.787,0.691,0.7483,0.6168,0.6201,0.6604,0.6175
0801902092,0.6078,0.7573,0.7148,0.6727,0.7879,0.7429,0.6537,0.7021,0.6013,0.6314,0.6889,0.6431
0801902093,0.6268,0.7914,0.7337,0.6951,0.8316,0.8149,0.6897,0.7502,0.6274,0.6385,0.6986,0.6523
0801902094,0.637,0.8052,0.7405,0.6883,0.8364,0.7947,0.6988,0.768,0.6605,0.6453,0.6899,0.6351
0801902095,0.6325,0.7945,0.725,0.6526,0.806,0.7996,0.6824,0.7517,0.5953,0.6447,0.6835,0.6427
0801902096,0.5906,0.7424,0.6832,0.665,0.7635,0.7595,0.6788,0.7018,0.5783,0.5967,0.6509,0.5833
0801902097,0.625,0.7843,0.7342,0.7047,0.8136,0.7681,0.6563,0.7118,0.5991,0.6088,0.6642,0.6105
0801902098,0.5668,0.7524,0.6797,0.6663,0.7866,0.7613,0.652,0.7044,0.5575,0.6411,0.6608,0.5998
0801902099,0.6141,0.7693,0.7189,0.6867,0.8371,0.8193,0.6881,0.7737,0.6667,0.6645,0.7034,0.6563
0801902100,0.6617,0.8111,0.7474,0.6967,0.8265,0.8357,0.7402,0.7885,0.6374,0.6975,0.7335,0.7044
0801902101,0.5925,0.7765,0.6977,0.655,0.7806,0.756,0.6483,0.7051,0.5664,0.6361,0.6702,0.6195
0801902102,0.685,0.8277,0.7933,0.7446,0.8509,0.8443,0.725,0.7914,0.6775,0.6712,0.6932,0.6782
0801902103,0.609,0.7782,0.7175,0.6569,0.8028,0.7798,0.6661,0.7398,0.5987,0.596,0.6503,0.5992
0801902104,0.6545,0.8179,0.7695,0.7153,0.8783,0.8501,0.7146,0.7929,0.6822,0.7117,0.6799,0.6934
0801902105,0.6161,0.7926,0.7218,0.6776,0.8188,0.7796,0.6695,0.7344,0.6141,0.605,0.6534,0.6261
0801902106,0.6347,0.7936,0.7513,0.6984,0.8276,0.8048,0.6939,0.7474,0.6433,0.6866,0.7241,0.6817
0801902107,0.6955,0.8468,0.8063,0.766,0.8732,0.835,0.7537,0.7859,0.6518,0.7093,0.7278,0.7035
0801902108,0.6524,0.8259,0.7853,0.7214,0.844,0.8105,0.7172,0.7772,0.6431,0.6856,0.7055,0.6697
0801902109,0.664,0.8216,0.7605,0.6941,0.851,0.8178,0.7221,0.7906,0.6451,0.6917,0.7167,0.6722
0801902110,0.6257,0.7807,0.7165,0.6643,0.8187,0.8019,0.6857,0.7603,0.5876,0.6308,0.6872,0.6397
0801902111,0.5883,0.7672,0.7297,0.6776,0.8266,0.8,0.6419,0.733,0.5939,0.6058,0.6849,0.5777
0801902112,0.6622,0.8534,0.792,0.7243,0.8818,0.8533,0.7364,0.7931,0.6413,0.7003,0.7435,0.715
0801902113,0.6664,0.8435,0.7748,0.7503,0.8847,0.8498,0.7558,0.8068,0.6762,0.7158,0.7427,0.7075
0801902114,0.6393,0.7997,0.7387,0.7017,0.824,0.7966,0.6995,0.7708,0.6387,0.6582,0.7063,0.6574
0801902115,0.6314,0.7888,0.7234,0.701,0.8314,0.8169,0.7137,0.7754,0.6432,0.6486,0.7319,0.6609
0801902116,0.7145,0.8605,0.8082,0.7553,0.8929,0.8461,0.7583,0.8186,0.7359,0.728,0.7626,0.7224
0801902117,0.6667,0.835,0.79,0.7116,0.8597,0.837,0.6963,0.7928,0.6325,0.7043,0.7124,0.6934
0801902118,0.6508,0.8158,0.7429,0.7267,0.8494,0.8136,0.7228,0.766,0.6483,0.6974,0.7252,0.7252
0801902119,0.6868,0.8456,0.7781,0.7579,0.8747,0.834,0.7304,0.7941,0.6479,0.7015,0.7244,0.7135
0801902120,0.6506,0.7993,0.75,0.6952,0.8404,0.8123,0.6802,0.7601,0.6338,0.6023,0.6615,0.6443
0801902121,0.6681,0.8056,0.7445,0.7044,0.8374,0.8213,0.7212,0.7742,0.6362,0.6667,0.7288,0.6893
0801902122,0.64,0.8447,0.7747,0.7352,0.8179,0.7835,0.6988,0.7519,0.6165,0.6556,0.7036,0.6675
0801902123,0.6182,0.7985,0.7445,0.6891,0.8281,0.7975,0.7162,0.7522,0.5853,0.6482,0.6965,0.6408
0801902124,0.6554,0.8352,0.7704,0.6912,0.897,0.8507,0.7603,0.8109,0.688,0.6836,0.6951,0.6748
0801902125,0.6469,0.7986,0.7479,0.6867,0.8407,0.812,0.7115,0.7731,0.6347,0.6561,0.7266,0.6745
0801902126,0.6485,0.8087,0.7267,0.7117,0.8589,0.8212,0.7175,0.7853,0.6237,0.6909,0.7241,0.7075
0801902127,0.5738,0.7434,0.6754,0.6261,0.7815,0.7786,0.6608,0.7221,0.5754,0.62,0.6786,0.5937
0801902128,0.5665,0.7508,0.7208,0.6808,0.807,0.7738,0.62,0.692,0.5255,0.5731,0.6365,0.5837
0801902129,0.6228,0.7701,0.7342,0.6859,0.8308,0.805,0.6889,0.7563,0.5843,0.6243,0.6679,0.6375
0801902130,0.7097,0.8679,0.7838,0.7706,0.8942,0.8671,0.7989,0.8331,0.6736,0.7209,0.7506,0.7214
0801902131,0.6185,0.7753,0.7274,0.7136,0.826,0.794,0.6984,0.7466,0.6146,0.6595,0.7074,0.6731
0801902132,0.5989,0.7741,0.7084,0.6497,0.7883,0.7821,0.6824,0.7427,0.5825,0.6511,0.6995,0.6657
0801902133,0.6971,0.8331,0.8031,0.7602,0.8661,0.8301,0.7185,0.7799,0.6651,0.7119,0.7719,0.7198
0801902134,0.6427,0.7719,0.7426,0.6757,0.8131,0.7698,0.6567,0.7067,0.6014,0.6248,0.6919,0.6412
0801902135,0.5652,0.7641,0.6917,0.6492,0.8045,0.7766,0.645,0.7216,0.5743,0.6046,0.6886,0.5977
0801902136,0.6392,0.8009,0.7544,0.6973,0.829,0.7892,0.6739,0.7496,0.5994,0.644,0.7024,0.6634
0801902137,0.6052,0.7727,0.7198,0.677,0.8451,0.8047,0.6868,0.7577,0.591,0.6128,0.7177,0.6298
0801902138,0.6655,0.8287,0.765,0.7091,0.8507,0.8057,0.6908,0.7549,0.6273,0.6713,0.6995,0.6825
0801902139,0.5412,0.7455,0.6922,0.6419,0.7933,0.7709,0.6455,0.71,0.5679,0.6216,0.6792,0.6146
0801902140,0.641,0.7949,0.7307,0.7085,0.8579,0.8212,0.7018,0.7569,0.6349,0.6732,0.6845,0.6544
0801902141,0.5912,0.7737,0.7238,0.6501,0.8192,0.8036,0.6698,0.7541,0.6126,0.6393,0.6995,0.6528
0801902142,0.5968,0.7578,0.7195,0.672,0.8097,0.7889,0.6748,0.74,0.5754,0.6159,0.7035,0.6333
0801902143,0.6329,0.7898,0.7269,0.7039,0.8237,0.7943,0.7055,0.7509,0.6534,0.6653,0.7082,0.6463
0801902144,0.6501,0.8012,0.7429,0.7117,0.8564,0.8175,0.7171,0.7886,0.6507,0.6723,0.7201,0.6573
0801902145,0.5745,0.6975,0.678,0.6546,0.7458,0.7476,0.6171,0.687,0.5942,0.6026,0.6698,0.5607
0801902146,0.6368,0.7618,0.7062,0.6823,0.8136,0.8078,0.7117,0.7591,0.615,0.5879,0.6637,0.6258
0801902147,0.6309,0.7809,0.7385,0.6834,0.8368,0.8143,0.7154,0.7639,0.6375,0.6425,0.7161,0.6948
0801902148,0.6556,0.8106,0.7242,0.7156,0.8406,0.8312,0.7613,0.7877,0.6707,0.6642,0.7454,0.6625
0801902149,0.6297,0.7764,0.7298,0.6931,0.8108,0.8214,0.7237,0.7892,0.6481,0.6368,0.7088,0.6889
0801902150,0.573,0.7271,0.6752,0.6364,0.7643,0.7529,0.6254,0.6859,0.5518,0.5596,0.6415,0.5608
0801902151,0.6055,0.772,0.702,0.644,0.8112,0.7915,0.6488,0.7384,0.6325,0.6168,0.7105,0.6298
0801902152,0.6439,0.8169,0.751,0.711,0.8436,0.8028,0.7152,0.7815,0.625,0.6887,0.7266,0.7143
0801902153,0.6348,0.8175,0.7684,0.7051,0.8451,0.8178,0.7187,0.7695,0.6104,0.6585,0.6851,0.6758
0801902154,0.6079,0.7667,0.7141,0.6811,0.7819,0.7759,0.6662,0.711,0.5417,0.6081,0.6762,0.5757
0801902155,0.6285,0.766,0.7305,0.7062,0.8176,0.7928,0.6773,0.7382,0.5727,0.6228,0.6931,0.6319
0801902156,0.6099,0.7977,0.7041,0.6807,0.841,0.8032,0.6639,0.7551,0.6389,0.6622,0.7225,0.6623
0801902157,0.6267,0.7488,0.694,0.6759,0.8274,0.8047,0.6798,0.7744,0.5528,0.6756,0.7166,0.6975
0801902158,0.6585,0.8171,0.7773,0.7541,0.865,0.8312,0.7251,0.7359,0.6541,0.682,0.7252,0.6907
0801902159,0.6592,0.8101,0.7512,0.7207,0.8428,0.8158,0.7199,0.7756,0.6396,0.6651,0.7159,0.646
0801902160,0.6461,0.7872,0.7365,0.695,0.8188,0.7894,0.7082,0.7613,0.6263,0.6577,0.6979,0.6644
0801902161,0.6152,0.7881,0.7209,0.7073,0.8164,0.8077,0.6977,0.753,0.6116,0.6525,0.6892,0.645
0801902162,0.5771,0.7508,0.6784,0.6521,0.8189,0.7477,0.664,0.7021,0.5766,0.6113,0.632,0.5923
0801902163,0.6051,0.7641,0.6973,0.6601,0.7926,0.7673,0.6807,0.7276,0.6253,0.651,0.7043,0.6295
0801902164,0.6036,0.7607,0.7327,0.6583,0.8119,0.7786,0.6767,0.726,0.5967,0.6272,0.6729,0.6577
0801902165,0.5894,0.7617,0.6904,0.6626,0.7785,0.7596,0.6673,0.7027,0.571,0.6292,0.6641,0.6211
0801902166,0.6334,0.7628,0.7266,0.6782,0.8231,0.7734,0.6827,0.7438,0.576,0.6134,0.6797,0.6003
0801902167,0.6102,0.7938,0.7391,0.697,0.833,0.8001,0.6979,0.761,0.6278,0.6734,0.7175,0.6777
0801902168,0.6237,0.7553,0.7159,0.6647,0.8168,0.7918,0.6821,0.7451,0.5971,0.6289,0.689,0.6311
0801902169,0.5859,0.747,0.6946,0.666,0.7925,0.7632,0.6648,0.731,0.5893,0.6323,0.6942,0.6533
0801902170,0.6027,0.7467,0.7144,0.6598,0.8298,0.7948,0.6856,0.7303,0.5844,0.6311,0.6925,0.6346
0801902171,0.5844,0.7273,0.673,0.635,0.7827,0.7428,0.653,0.6975,0.5886,0.6056,0.691,0.6236
0801902172,0.5849,0.6866,0.6848,0.6629,0.79,0.7672,0.6445,0.7106,0.5814,0.5969,0.6506,0.5909
0801902173,0.5859,0.7645,0.7053,0.6577,0.8035,0.7752,0.6717,0.7382,0.583,0.6101,0.6969,0.6256
0801903001,0.5,0.72,0.6498,0.5338,0.7544,0.738,0.6309,0.6915,0.5133,0.5411,0.617,0.5623
0801903002,0.5744,0.709,0.6769,0.6225,0.7613,0.7278,0.6061,0.6717,0.5145,0.5656,0.6315,0.5204
0801903003,0.5206,0.6653,0.6132,0.5705,0.7071,0.6649,0.5609,0.6303,0.4866,0.5171,0.6043,0.5215
0801903004,0.596,0.7514,0.7105,0.6594,0.8051,0.7953,0.6588,0.7451,0.557,0.6481,0.6975,0.6297
0801903005,0.5577,0.7099,0.6499,0.6326,0.7697,0.7436,0.6253,0.6909,0.5013,0.5761,0.6598,0.5822
0801903006,0.5523,0.7112,0.6635,0.6294,0.7472,0.7584,0.6294,0.6844,0.5456,0.5545,0.6628,0.5411
0801903007,0.5196,0.6943,0.6595,0.6125,0.7282,0.7238,0.5839,0.6803,0.489,0.5365,0.6096,0.5195
0801903008,0.5287,0.6658,0.624,0.5893,0.7319,0.7181,0.5966,0.6657,0.4985,0.5302,0.6209,0.5589
0801903009,0.5518,0.7415,0.6792,0.6326,0.7671,0.751,0.6224,0.6992,0.4993,0.5702,0.6497,0.5757
0801903010,0.5253,0.6396,0.6041,0.5814,0.7016,0.6878,0.5862,0.635,0.4549,0.5193,0.6078,0.485
0801903011,0.5361,0.6663,0.632,0.5711,0.7141,0.6781,0.5589,0.6149,0.4535,0.4994,0.5818,0.4686
0801903012,0.5289,0.6669,0.638,0.5956,0.7343,0.6897,0.563,0.6667,0.4575,0.5056,0.5827,0.484
0801903013,0.535,0.635,0.6464,0.5941,0.7297,0.719,0.5789,0.6268,0.4331,0.5475,0.5961,0.5303
0801903014,0.5099,0.6323,0.6167,0.5875,0.6812,0.6926,0.5612,0.6051,0.4464,0.501,0.5622,0.4887
0801903015,0.518,0.6674,0.638,0.5859,0.7137,0.707,0.578,0.6552,0.4935,0.547,0.6077,0.5142
0801903016,0.5249,0.6746,0.6197,0.6176,0.712,0.7062,0.5695,0.6635,0.4627,0.5298,0.6511,0.559
0801903017,0.4621,0.5998,0.5548,0.5689,0.6716,0.6536,0.5029,0.593,0.4369,0.5283,0.6041,0.4758
0801903018,0.5005,0.6626,0.616,0.6023,0.7371,0.6976,0.5659,0.6468,0.499,0.5519,0.6119,0.5439
0801903019,0.4939,0.6529,0.6233,0.6049,0.7288,0.7133,0.5754,0.6557,0.4567,0.4958,0.5749,0.4944
0801903020,0.5853,0.7436,0.7068,0.6551,0.7881,0.7289,0.6412,0.6808,0.4994,0.5907,0.6485,0.5674
0801903021,0.5693,0.6962,0.6556,0.633,0.7826,0.7214,0.6272,0.665,0.5065,0.5829,0.6542,0.6051
0801903022,0.5485,0.7042,0.6541,0.5961,0.7213,0.7054,0.5664,0.68,0.475,0.5371,0.6238,0.524
0801903023,0.4992,0.6536,0.6291,0.5614,0.7362,0.7062,0.5854,0.6566,0.4579,0.5116,0.5908,0.5065
0801903024,0.5339,0.683,0.6339,0.6131,0.7494,0.7081,0.5884,0.6311,0.5013,0.5446,0.6279,0.5205
0801903025,0.352,0.5475,0.519,0.4559,0.6531,0.5752,0.4015,0.5129,0.2747,0.3816,0.5056,0.3844
0801903026,0.5916,0.7568,0.7454,0.6806,0.8395,0.8124,0.7022,0.7316,0.536,0.5858,0.683,0.6169
0801903027,0.5809,0.757,0.7217,0.6709,0.8156,0.74,0.6116,0.6988,0.4831,0.5541,0.6569,0.595
0801903028,0.6165,0.8156,0.7572,0.7088,0.8572,0.7997,0.6776,0.7831,0.5819,0.6006,0.6987,0.6295
0801903029,0.5531,0.7079,0.7049,0.6516,0.7846,0.7435,0.6042,0.6713,0.4651,0.5231,0.6282,0.5306
0801903030,0.5862,0.754,0.7236,0.6767,0.8159,0.7597,0.6375,0.7205,0.4978,0.5702,0.6936,0.5824
0801903031,0.551,0.7263,0.6996,0.6409,0.7973,0.7521,0.572,0.6883,0.4859,0.5163,0.6221,0.5527
0801903032,0.4898,0.6394,0.6035,0.5288,0.6906,0.6409,0.4868,0.6161,0.364,0.4392,0.5547,0.4239
0801903033,0.4414,0.6148,0.5897,0.5604,0.7063,0.6528,0.4709,0.5886,0.3503,0.4515,0.5493,0.4614
0801903034,0.5294,0.7285,0.6922,0.6306,0.7995,0.7394,0.5763,0.6884,0.4576,0.5351,0.6307,0.5314
0801903035,0.5903,0.78,0.7521,0.688,0.8413,0.8007,0.6442,0.7381,0.4956,0.5739,0.6952,0.5996
0801903036,0.6214,0.7865,0.7496,0.6861,0.8328,0.803,0.6862,0.7537,0.5653,0.603,0.6732,0.6176
0801903037,0.6002,0.78,0.7488,0.6636,0.853,0.8189,0.6526,0.75,0.5645,0.625,0.7246,0.6271
0801903038,0.4783,0.6294,0.6119,0.5776,0.6821,0.6492,0.5007,0.577,0.3815,0.4008,0.5056,0.4182
0801903039,0.4888,0.6424,0.6424,0.5776,0.7062,0.6635,0.4854,0.6057,0.3841,0.4471,0.5502,0.428
0801903040,0.5873,0.741,0.7098,0.6653,0.8221,0.801,0.6537,0.7355,0.6,0.6075,0.6779,0.5896
0801903041,0.559,0.7234,0.6857,0.6254,0.7675,0.742,0.602,0.6906,0.5235,0.5374,0.6207,0.5169
0801903042,0.6082,0.7519,0.6946,0.6627,0.7976,0.7366,0.6444,0.7089,0.5698,0.5782,0.6447,0.5989
0801903043,0.5296,0.7159,0.6626,0.608,0.7285,0.7216,0.583,0.6479,0.536,0.529,0.5891,0.5023
0801903044,0.557,0.7238,0.6958,0.6576,0.7809,0.7652,0.6307,0.7102,0.5555,0.559,0.6537,0.5929
0801903045,0.599,0.7369,0.7087,0.6685,0.8156,0.8205,0.6868,0.7589,0.6049,0.6262,0.709,0.6503
0801903046,0.6519,0.8171,0.7748,0.7206,0.8607,0.8202,0.7136,0.7944,0.6366,0.6289,0.691,0.6224
0801903047,0.5479,0.7316,0.6815,0.6464,0.7808,0.745,0.6262,0.7069,0.5318,0.6044,0.6687,0.595
0801903048,0.6615,0.8083,0.7561,0.7202,0.8611,0.8438,0.729,0.8031,0.6471,0.6688,0.7169,0.6963
0801903049,0.6402,0.7691,0.7448,0.6864,0.8238,0.7839,0.672,0.7307,0.6291,0.6219,0.7163,0.648
0801903050,0.619,0.7564,0.7057,0.6583,0.8163,0.7903,0.6713,0.7543,0.6017,0.6152,0.6866,0.6216
0801903051,0.5051,0.6626,0.6085,0.5925,0.719,0.7048,0.5793,0.6366,0.5138,0.5259,0.6031,0.5315
0801903052,0.5192,0.6843,0.6326,0.5773,0.7479,0.7282,0.5825,0.6389,0.5315,0.554,0.6114,0.5433
0801903053,0.564,0.693,0.6654,0.6115,0.7498,0.7404,0.6342,0.653,0.5514,0.5733,0.6188,0.5958
0801903054,0.6233,0.7989,0.7379,0.7009,0.8496,0.8197,0.6874,0.7618,0.6002,0.6182,0.7081,0.6523
0801903055,0.5825,0.7729,0.7106,0.6848,0.7967,0.7641,0.6595,0.7163,0.5553,0.5911,0.6657,0.6025
0801903056,0.6258,0.8016,0.7429,0.6889,0.8229,0.7952,0.6746,0.7453,0.5946,0.5871,0.679,0.6062
0801903057,0.6137,0.7732,0.7217,0.6894,0.8106,0.7917,0.6783,0.7538,0.5792,0.5939,0.6853,0.6274
0801903058,0.6245,0.7498,0.7154,0.6793,0.8093,0.7595,0.6625,0.729,0.5842,0.6272,0.7111,0.6551
0801903059,0.6174,0.7533,0.7274,0.6791,0.8193,0.7715,0.6515,0.7176,0.5402,0.6418,0.681,0.6644
0801903060,0.654,0.814,0.7524,0.702,0.8534,0.7983,0.7065,0.7639,0.6019,0.6116,0.704,0.6845
0801903061,0.6315,0.7593,0.7191,0.6895,0.8041,0.7954,0.6659,0.72,0.5482,0.5785,0.6767,0.6486
0801903062,0.6222,0.7722,0.6937,0.6752,0.8332,0.7988,0.7016,0.761,0.6247,0.6373,0.6899,0.6559
0801903063,0.5806,0.7576,0.709,0.6456,0.8171,0.7622,0.6619,0.7502,0.5978,0.6191,0.6851,0.6274
0801903064,0.5748,0.7804,0.7296,0.6169,0.803,0.7689,0.6426,0.7291,0.5352,0.5625,0.6467,0.58
0801903065,0.6094,0.7886,0.7313,0.6765,0.8696,0.7919,0.6486,0.7387,0.5505,0.5918,0.6842,0.6332
0801903066,0.6046,0.7896,0.7463,0.707,0.8459,0.8021,0.6625,0.7598,0.519,0.5902,0.7083,0.6134
0801903067,0.6147,0.7828,0.7484,0.6836,0.8402,0.7906,0.6685,0.7375,0.5836,0.6088,0.7055,0.6262
0801903068,0.5622,0.7522,0.7018,0.6543,0.7964,0.7307,0.6088,0.69,0.5306,0.5423,0.6533,0.5879
0801903069,0.6408,0.7818,0.7555,0.6925,0.8594,0.7827,0.6648,0.7425,0.5751,0.6098,0.7048,0.6323
0801903070,0.6457,0.7645,0.7259,0.6765,0.826,0.7297,0.5973,0.6893,0.5225,0.5495,0.6349,0.5561
0801903071,0.5897,0.7208,0.696,0.6489,0.7611,0.7029,0.6025,0.6794,0.4949,0.5336,0.6192,0.5527
0801903072,0.601,0.7425,0.7273,0.6704,0.7889,0.7594,0.6543,0.7061,0.5378,0.5783,0.6642,0.5998
0801903073,0.6388,0.7705,0.7517,0.6709,0.8176,0.8098,0.6843,0.7718,0.6094,0.6012,0.6705,0.6054
0801903074,0.5906,0.7525,0.6887,0.6482,0.8008,0.7553,0.6309,0.7404,0.5124,0.5474,0.6252,0.5789
0801903075,0.5686,0.7569,0.7202,0.672,0.8098,0.7843,0.6519,0.7437,0.5342,0.5541,0.6287,0.5988
0801903076,0.5566,0.7526,0.6811,0.6215,0.7883,0.7467,0.6205,0.7332,0.5188,0.5625,0.65,0.6027
0801903077,0.5939,0.7492,0.7044,0.6706,0.7991,0.7701,0.649,0.7204,0.5469,0.5662,0.6444,0.604
0801903078,0.578,0.7644,0.6986,0.6591,0.7928,0.8033,0.6425,0.7243,0.5245,0.56,0.6719,0.5604
0801903079,0.5516,0.7084,0.6683,0.6311,0.7453,0.7319,0.6012,0.6854,0.4621,0.5545,0.6423,0.5539
0801903080,0.5712,0.7698,0.7063,0.6626,0.7988,0.7559,0.6181,0.6907,0.5036,0.559,0.6326,0.576
0801903081,0.5624,0.7738,0.6971,0.6611,0.7901,0.7667,0.6376,0.696,0.5548,0.5454,0.6608,0.6095
0801903082,0.5908,0.8037,0.7253,0.6921,0.8445,0.8086,0.6925,0.7485,0.5785,0.6074,0.6802,0.6112
0801903083,0.6056,0.8054,0.7239,0.6876,0.8413,0.7867,0.6742,0.762,0.5615,0.6088,0.7037,0.6407
0801903084,0.6362,0.8139,0.7879,0.7269,0.8555,0.8359,0.7147,0.774,0.6065,0.667,0.7039,0.6926
0801903085,0.5717,0.7475,0.6748,0.6707,0.8004,0.7943,0.6743,0.7328,0.5677,0.6305,0.6888,0.635
0801903086,0.6856,0.8506,0.7899,0.7385,0.8738,0.8649,0.7624,0.804,0.6335,0.6866,0.7669,0.6969
0801903087,0.6619,0.8276,0.7808,0.7323,0.8493,0.833,0.7287,0.7756,0.5989,0.6648,0.7097,0.6793
0801903088,0.6748,0.8188,0.7589,0.7251,0.8509,0.828,0.7162,0.788,0.5946,0.6343,0.6785,0.6704
0801903089,0.702,0.8366,0.7724,0.72,0.8634,0.8439,0.7425,0.8033,0.6177,0.6778,0.7154,0.6951
0801903090,0.6762,0.8139,0.7814,0.7332,0.8732,0.8491,0.759,0.8067,0.6621,0.6748,0.7324,0.7089
0801903091,0.6228,0.8117,0.7295,0.6589,0.8156,0.7928,0.7053,0.7703,0.5815,0.6186,0.6899,0.6235
0801903092,0.6067,0.766,0.7067,0.6693,0.8153,0.8139,0.679,0.7486,0.5574,0.5933,0.6945,0.6396
0801903093,0.6648,0.8068,0.7662,0.7079,0.8508,0.82,0.7084,0.7878,0.594,0.6338,0.7155,0.6536
0801903094,0.623,0.7813,0.7183,0.6777,0.8263,0.7794,0.6703,0.711,0.5382,0.5975,0.6625,0.6343
0801903095,0.6417,0.7995,0.7595,0.7088,0.8061,0.7935,0.6632,0.7441,0.5479,0.6225,0.7067,0.6463
0801903096,0.5835,0.7637,0.6996,0.6475,0.8159,0.7958,0.6559,0.7371,0.5772,0.5694,0.6849,0.6113
0801903097,0.5239,0.6466,0.6276,0.609,0.7054,0.715,0.5589,0.6714,0.4714,0.5105,0.5891,0.5072
0801903098,0.5635,0.7059,0.6732,0.6232,0.7684,0.7405,0.6171,0.6933,0.5826,0.5558,0.6406,0.563
0801903099,0.6008,0.7616,0.7145,0.6875,0.8029,0.7941,0.6906,0.761,0.6202,0.6263,0.7076,0.6012
0801903100,0.6558,0.766,0.7252,0.6828,0.82,0.8123,0.6908,0.75,0.614,0.6525,0.7197,0.6164
0801903101,0.5146,0.6579,0.5839,0.5492,0.6508,0.6173,0.5314,0.5575,0.407,0.3825,0.4307,0.3493
0801903102,0.6667,0.8022,0.7323,0.6844,0.8393,0.8279,0.7037,0.7805,0.6404,0.6384,0.7068,0.6627
0801903103,0.6704,0.7946,0.7331,0.7146,0.837,0.8055,0.6863,0.7671,0.5493,0.5864,0.7,0.6424
0801903104,0.6002,0.7492,0.6812,0.6515,0.7806,0.7476,0.6426,0.7189,0.5562,0.5726,0.6519,0.5788
0801903105,0.5998,0.726,0.6936,0.6711,0.8042,0.8015,0.6877,0.7543,0.6245,0.6326,0.6818,0.6232
0801903106,0.5842,0.7322,0.652,0.6296,0.799,0.7677,0.6455,0.7235,0.5988,0.6107,0.6813,0.5993
0801903107,0.6562,0.8087,0.7735,0.7115,0.8446,0.8296,0.7207,0.787,0.6112,0.6359,0.7477,0.6561
0801903108,0.6118,0.7719,0.6863,0.6472,0.8267,0.7741,0.682,0.7162,0.6094,0.6439,0.7125,0.6495
0801903109,0.6203,0.7847,0.7269,0.7119,0.8513,0.8074,0.7452,0.7751,0.6641,0.6419,0.7244,0.6559
0801903110,0.6023,0.7613,0.6968,0.6354,0.8006,0.7854,0.6812,0.7481,0.5552,0.6067,0.6888,0.6257
0801903111,0.6389,0.7706,0.7559,0.7336,0.8562,0.8064,0.7098,0.7711,0.6071,0.6744,0.7279,0.6686
0801903112,0.6464,0.8132,0.772,0.6886,0.8596,0.8333,0.7311,0.7922,0.6519,0.6567,0.7226,0.6815
0801903113,0.6512,0.816,0.762,0.7129,0.8223,0.8636,0.7042,0.747,0.6037,0.6753,0.7373,0.6974
0801903114,0.6611,0.8173,0.7688,0.7429,0.8428,0.7586,0.703,0.7683,0.596,0.6303,0.7077,0.6591
0801903211,0.5811,0.7505,0.7104,0.6625,0.8143,0.7912,0.6353,0.7305,0.5254,0.6004,0.6778,0.6151
0801903212,0.5742,0.7388,0.72,0.6684,0.7971,0.7725,0.6279,0.7048,0.4667,0.5257,0.6529,0.5585
0801903213,0.5003,0.6647,0.615,0.5602,0.713,0.6918,0.5149,0.6471,0.4065,0.4715,0.5936,0.5086
0801904001,0.6319,0.8218,0.7701,0.7026,0.8629,0.7918,0.712,0.7722,0.6343,0.6471,0.7214,0.6532
0801904002,0.6868,0.8646,0.7932,0.7358,0.8702,0.8604,0.7507,0.8152,0.6688,0.6952,0.7488,0.7117
0801904003,0.6464,0.8485,0.7757,0.7092,0.8777,0.7552,0.7275,0.7762,0.6367,0.6629,0.7296,0.6906
0801904004,0.6179,0.8244,0.7695,0.6903,0.8573,0.9178,0.7309,0.8,0.639,0.6849,0.716,0.7024
0801904005,0.6486,0.8056,0.7584,0.7132,0.8567,0.8302,0.7209,0.7962,0.6372,0.6746,0.7171,0.6812
0801904006,0.6663,0.8377,0.7406,0.7084,0.8719,0.813,0.7058,0.7902,0.6611,0.6552,0.7179,0.6928
0801904007,0.5422,0.7237,0.6397,0.6459,0.7733,0.7636,0.6377,0.728,0.5553,0.6462,0.6837,0.6367
0801904008,0.6129,0.8139,0.7615,0.685,0.8489,0.8169,0.6953,0.784,0.5895,0.6657,0.6925,0.6595
0801904009,0.6273,0.7987,0.7205,0.6863,0.8585,0.8043,0.6813,0.754,0.6398,0.6201,0.6844,0.6409
0801904010,0.7034,0.8529,0.7712,0.7437,0.9025,0.8717,0.75,0.8266,0.6811,0.7357,0.7489,0.75
0801904011,0.6987,0.8692,0.8058,0.7602,0.9043,0.8773,0.7888,0.8451,0.7195,0.7525,0.7709,0.7498
0801904012,0.6602,0.8362,0.7802,0.718,0.8678,0.8445,0.7348,0.7988,0.6736,0.6988,0.7255,0.7155
0801904013,0.6693,0.8486,0.7763,0.6882,0.8871,0.8268,0.7388,0.7903,0.6908,0.7135,0.7396,0.7303
0801904014,0.622,0.7656,0.7145,0.6652,0.8072,0.7747,0.6697,0.7215,0.6066,0.6341,0.686,0.6444
0801904015,0.6856,0.8416,0.7933,0.7529,0.8866,0.8525,0.7528,0.8041,0.6442,0.6896,0.7295,0.7027
0801904016,0.6608,0.8512,0.7918,0.7727,0.8899,0.8492,0.7631,0.8099,0.658,0.6966,0.7097,0.7057
0801904017,0.6386,0.8337,0.7604,0.6943,0.8559,0.8143,0.7059,0.7681,0.6392,0.671,0.7044,0.6862
0801904018,0.6113,0.8084,0.7222,0.6807,0.8573,0.8187,0.6933,0.7793,0.6515,0.6667,0.7071,0.6825
0801904019,0.6505,0.8323,0.7754,0.7113,0.8822,0.8345,0.7163,0.7939,0.6694,0.6906,0.717,0.6802
0801904020,0.6722,0.8276,0.753,0.6984,0.8627,0.8055,0.7119,0.7723,0.6525,0.6737,0.7004,0.6859
0801904021,0.6828,0.8452,0.7644,0.7135,0.8668,0.8434,0.7479,0.7964,0.6972,0.7185,0.7647,0.7167
0801904022,0.6395,0.8115,0.7433,0.6891,0.8612,0.8289,0.6924,0.8059,0.6649,0.6503,0.7276,0.6792
0801904023,0.7098,0.8564,0.8155,0.7743,0.8935,0.8509,0.7519,0.8178,0.7309,0.7075,0.7083,0.7273
0801904024,0.6502,0.8814,0.8119,0.7531,0.8961,0.8711,0.7347,0.8113,0.7073,0.7537,0.7635,0.7416
0801904025,0.6831,0.833,0.7441,0.7122,0.8642,0.8269,0.7329,0.7972,0.7131,0.7019,0.7131,0.7079
0801904026,0.6732,0.8486,0.7849,0.7378,0.8667,0.8479,0.7422,0.7941,0.7132,0.7151,0.7461,0.7206
0801904027,0.6314,0.807,0.7484,0.699,0.8499,0.8226,0.7107,0.7775,0.6897,0.6768,0.7276,0.678
0801904028,0.6796,0.8087,0.7662,0.6961,0.8474,0.8181,0.7402,0.7741,0.6736,0.6663,0.7293,0.6904
0801904029,0.6983,0.8439,0.8043,0.7108,0.8869,0.8457,0.7658,0.8219,0.704,0.7164,0.758,0.7254
0801904030,0.6899,0.8719,0.8024,0.7663,0.8912,0.8547,0.7682,0.8221,0.6916,0.7146,0.7494,0.7435
0801904031,0.6,0.7288,0.6656,0.6623,0.7773,0.7667,0.6466,0.7247,0.569,0.5924,0.6321,0.5847
0801904032,0.6672,0.8437,0.8096,0.7298,0.8848,0.855,0.7469,0.8144,0.658,0.6644,0.705,0.687
0801904033,0.6578,0.8074,0.7613,0.743,0.8629,0.8501,0.7341,0.8091,0.6112,0.6643,0.7106,0.6596
0801904034,0.7591,0.8868,0.8273,0.7766,0.9113,0.89,0.807,0.8423,0.698,0.7474,0.7683,0.7405
0801904035,0.7021,0.8678,0.7897,0.7502,0.8942,0.881,0.7724,0.8406,0.6651,0.7422,0.7537,0.764
0801904036,0.6334,0.7891,0.7359,0.6868,0.85,0.8133,0.703,0.7768,0.6082,0.6325,0.6825,0.6828
0801904037,0.6746,0.826,0.7793,0.7435,0.8781,0.8511,0.744,0.8041,0.6606,0.6638,0.7421,0.6796
0801904038,0.6281,0.8071,0.7462,0.693,0.8632,0.8148,0.7279,0.7786,0.6227,0.6886,0.7516,0.6917
0801904039,0.632,0.8095,0.7709,0.7035,0.8494,0.7979,0.7043,0.7678,0.6354,0.6522,0.7192,0.6822
0801904040,0.5615,0.7558,0.7032,0.6413,0.7943,0.7724,0.618,0.7116,0.5348,0.6065,0.6851,0.6421
0801904041,0.6187,0.8067,0.7547,0.6963,0.8481,0.8155,0.6706,0.7429,0.538,0.4423,0.6652,0.616
0801904042,0.6296,0.7956,0.7579,0.7166,0.8506,0.8215,0.6773,0.7705,0.5373,0.7368,0.7017,0.6277
0801904043,0.655,0.8482,0.7738,0.7085,0.877,0.8666,0.7699,0.8107,0.6917,0.6677,0.7484,0.7161
0801904044,0.609,0.7819,0.7234,0.6803,0.8408,0.7903,0.6653,0.7308,0.5856,0.6017,0.7109,0.6264
0801904045,0.6072,0.7951,0.7702,0.7375,0.8771,0.8237,0.6988,0.7786,0.6293,0.605,0.6939,0.6444
0801904046,0.6956,0.8618,0.8103,0.7503,0.8885,0.8618,0.7486,0.8131,0.6957,0.712,0.7655,0.7364
0801904047,0.6808,0.8437,0.801,0.7411,0.8846,0.8468,0.7344,0.8039,0.6317,0.6506,0.7361,0.661
0801904048,0.6734,0.8602,0.7795,0.7286,0.87,0.8511,0.7374,0.8022,0.6641,0.66,0.7527,0.6903
0801904049,0.6373,0.8371,0.7699,0.7371,0.8698,0.8535,0.7376,0.7899,0.6789,0.7084,0.7507,0.7001
0801904050,0.6489,0.8522,0.7946,0.7485,0.8764,0.8417,0.7386,0.7931,0.6819,0.729,0.7492,0.7142
0801904051,0.6312,0.8254,0.7423,0.684,0.8396,0.8101,0.6958,0.7597,0.633,0.6549,0.6835,0.6725
0801904052,0.6945,0.8755,0.8147,0.7781,0.9018,0.8561,0.7458,0.8,0.7147,0.7478,0.7373,0.7136
0801904053,0.5575,0.7502,0.6992,0.6373,0.7874,0.7385,0.6441,0.6969,0.5945,0.5725,0.6465,0.5893
0801904054,0.6819,0.8773,0.8242,0.7964,0.8878,0.85,0.753,0.8024,0.7294,0.7233,0.7527,0.7216
0801904055,0.6437,0.834,0.8002,0.7305,0.8669,0.8209,0.7068,0.8077,0.6957,0.7465,0.7355,0.7164
0801904056,0.6234,0.7984,0.7457,0.7181,0.8467,0.7739,0.6543,0.7331,0.6396,0.6507,0.7068,0.6581
0801904084,0.6886,0.8332,0.7922,0.7526,0.89,0.8563,0.7493,0.8186,0.6767,0.7076,0.7539,0.6885
0801905001,0.5914,0.7787,0.7088,0.6584,0.8007,0.7284,0.6235,0.7226,0.5962,0.5498,0.6313,0.5794
0801905002,0.6275,0.7996,0.6949,0.6902,0.8638,0.8397,0.7338,0.785,0.6907,0.6399,0.69,0.6726
0801905003,0.6835,0.8524,0.7802,0.708,0.8785,0.85,0.7274,0.7864,0.7026,0.6604,0.7251,0.719
0801905004,0.5638,0.7131,0.7054,0.6646,0.772,0.6881,0.6417,0.6925,0.5554,0.6264,0.6611,0.5968
0801905005,0.5485,0.6983,0.6476,0.6105,0.7287,0.6988,0.6047,0.6558,0.574,0.6234,0.6211,0.6033
0801905006,0.6776,0.8547,0.7864,0.7244,0.8799,0.8352,0.7437,0.7918,0.7118,0.7111,0.7172,0.68
0801905007,0.6641,0.8182,0.7509,0.6868,0.8232,0.7657,0.6858,0.7162,0.6528,0.6137,0.6305,0.6262
0801905008,0.662,0.828,0.7518,0.721,0.8561,0.7981,0.6809,0.7485,0.6507,0.6732,0.6728,0.6716
0801905009,0.6544,0.8361,0.7641,0.7119,0.8742,0.8394,0.7412,0.8023,0.7219,0.7212,0.7511,0.6906
0801905010,0.7126,0.858,0.779,0.7152,0.8933,0.8505,0.7728,0.8273,0.7325,0.713,0.7097,0.7258
0801905011,0.6934,0.8507,0.784,0.7316,0.8775,0.8569,0.7502,0.8278,0.7262,0.7239,0.746,0.734
0801905012,0.6686,0.8387,0.756,0.7267,0.881,0.8199,0.748,0.7716,0.7089,0.7119,0.7347,0.7095
0801905013,0.7032,0.8631,0.8029,0.7496,0.9008,0.8604,0.7589,0.7889,0.728,0.7076,0.7439,0.719
0801905014,0.696,0.8664,0.7871,0.7298,0.89,0.8481,0.7687,0.8158,0.7239,0.7383,0.7537,0.7505
0801905015,0.6845,0.8499,0.7852,0.7206,0.8949,0.8539,0.7528,0.8015,0.6981,0.7553,0.7647,0.7418
0801905016,0.6225,0.8115,0.7379,0.6783,0.8468,0.8022,0.681,0.7827,0.659,0.6651,0.6969,0.6889
0801905017,0.6722,0.8582,0.8205,0.7563,0.8797,0.8401,0.7294,0.817,0.7302,0.7152,0.7744,0.7165
0801905018,0.6781,0.8386,0.7742,0.7242,0.8525,0.8317,0.7234,0.7701,0.7042,0.6869,0.7327,0.6835
0801905019,0.7452,0.8794,0.8343,0.8138,0.9226,0.8788,0.7903,0.8383,0.7951,0.7853,0.7873,0.7554
0801905020,0.6548,0.8236,0.7643,0.7238,0.8695,0.8235,0.7148,0.7962,0.6793,0.6825,0.7173,0.67
0801905021,0.5881,0.8226,0.7621,0.7429,0.871,0.8245,0.7133,0.7697,0.6963,0.6981,0.7533,0.6942
0801905022,0.6995,0.8442,0.7923,0.7416,0.8626,0.821,0.7223,0.7944,0.6936,0.7194,0.7119,0.6713
0801905023,0.6447,0.8263,0.7397,0.7136,0.8625,0.8368,0.7217,0.7801,0.6473,0.6385,0.6718,0.6889
0801905024,0.7016,0.8793,0.7973,0.7527,0.8952,0.8475,0.7648,0.8039,0.7057,0.7554,0.7401,0.7255
0801905025,0.6912,0.8716,0.7884,0.7775,0.8912,0.8729,0.7513,0.8091,0.75,0.7639,0.7665,0.7497
0801905026,0.6638,0.8632,0.8004,0.7659,0.8828,0.8577,0.7414,0.8117,0.7295,0.7583,0.7801,0.7374
0801905027,0.7318,0.8577,0.8275,0.7837,0.9078,0.8547,0.7717,0.8464,0.7659,0.7982,0.7932,0.7757
0801905028,0.6748,0.851,0.7943,0.7788,0.8488,0.8198,0.7062,0.7778,0.69,0.7298,0.7198,0.7028
0801905029,0.7167,0.861,0.8078,0.7727,0.8958,0.8446,0.7549,0.7956,0.7517,0.7551,0.7588,0.7431
0801905030,0.71,0.848,0.8317,0.7601,0.9218,0.8783,0.7613,0.8279,0.742,0.7727,0.7308,0.739
0801905031,0.649,0.8424,0.7787,0.6884,0.8713,0.8222,0.7156,0.7628,0.6655,0.7055,0.7158,0.7031
0801905032,0.6078,0.7727,0.7211,0.6743,0.8225,0.7677,0.682,0.6839,0.6479,0.6794,0.6661,0.6586
0801905033,0.6452,0.833,0.7628,0.7132,0.867,0.8122,0.7227,0.7758,0.6756,0.6701,0.7085,0.6477
0801905034,0.6747,0.8331,0.7662,0.729,0.8565,0.8445,0.735,0.8032,0.6849,0.6631,0.7035,0.6949
0801905035,0.6452,0.8475,0.8041,0.7315,0.8884,0.8505,0.7286,0.8042,0.6996,0.7515,0.7927,0.7647
0801905036,0.6709,0.8571,0.8034,0.7594,0.8785,0.8389,0.764,0.8166,0.7209,0.7234,0.7504,0.7305
0801905037,0.6342,0.8196,0.7281,0.6839,0.8577,0.8218,0.6891,0.7591,0.6839,0.6813,0.7311,0.7125
0801905038,0.6118,0.7937,0.7171,0.6377,0.8176,0.7605,0.6505,0.707,0.6177,0.629,0.6663,0.642
0801905039,0.6794,0.8916,0.8031,0.7627,0.8913,0.8739,0.7639,0.8317,0.7234,0.7564,0.7385,0.7284
0801905040,0.6296,0.8129,0.7563,0.734,0.8636,0.827,0.7147,0.7783,0.6029,0.6855,0.7139,0.6519
0801905041,0.5753,0.7659,0.697,0.634,0.8087,0.7607,0.6213,0.7102,0.5835,0.6293,0.6631,0.5883
0801905042,0.6555,0.8402,0.7802,0.739,0.8765,0.8367,0.7113,0.8068,0.6793,0.7079,0.7201,0.6541
0801905043,0.6734,0.8434,0.7701,0.7086,0.8727,0.8231,0.7252,0.7791,0.65,0.6683,0.6972,0.653
0801905044,0.5983,0.8165,0.723,0.6607,0.8632,0.8009,0.6825,0.7728,0.6332,0.6584,0.6962,0.6491
0801905045,0.6725,0.8457,0.7917,0.7411,0.8806,0.8306,0.7459,0.8,0.7238,0.7467,0.7496,0.7049
0801905046,0.6947,0.8675,0.8019,0.7533,0.8891,0.838,0.7544,0.8013,0.7318,0.7373,0.7483,0.74
0801905047,0.6804,0.8406,0.776,0.7709,0.8894,0.8441,0.7459,0.8027,0.7151,0.7801,0.7923,0.733
0801905048,0.6384,0.8303,0.7497,0.702,0.881,0.8451,0.7312,0.8158,0.6898,0.7263,0.7645,0.685
0801905049,0.671,0.8515,0.7971,0.7294,0.8907,0.848,0.713,0.7829,0.6945,0.7356,0.75,0.6916
0801905050,0.6281,0.8423,0.7506,0.712,0.8666,0.8297,0.7098,0.7766,0.689,0.6675,0.6892,0.6719
0801905051,0.663,0.8768,0.7997,0.7566,0.8834,0.8497,0.772,0.8085,0.7249,0.7378,0.727,0.6853
0801905052,0.7216,0.849,0.8024,0.74,0.8866,0.8661,0.7618,0.8074,0.7162,0.7521,0.7654,0.7192
0801905053,0.7096,0.8496,0.8132,0.748,0.8844,0.8378,0.7484,0.7884,0.7149,0.7564,0.7525,0.7231
0801905054,0.6921,0.8478,0.8187,0.757,0.8899,0.8333,0.6995,0.7586,0.6549,0.7197,0.7429,0.711
0801905055,0.7006,0.8707,0.7965,0.7794,0.8995,0.8446,0.7306,0.794,0.7084,0.7287,0.7678,0.7126
0801905056,0.5958,0.8237,0.7428,0.7041,0.873,0.8345,0.7041,0.7879,0.6698,0.7126,0.7491,0.7004
0801905057,0.6721,0.8431,0.7713,0.7258,0.8703,0.8419,0.7483,0.7952,0.7211,0.7188,0.7351,0.7135
0801905058,0.6367,0.8154,0.7274,0.6901,0.8549,0.7841,0.6775,0.7217,0.6798,0.7188,0.7517,0.6855
0801905059,0.5997,0.8216,0.7389,0.696,0.8551,0.8035,0.6845,0.7593,0.655,0.6777,0.7008,0.6667
0801905060,0.6624,0.8518,0.773,0.7332,0.8845,0.8434,0.7228,0.7734,0.7148,0.7319,0.7392,0.7008
0801905061,0.6021,0.7729,0.6964,0.6329,0.8042,0.7912,0.651,0.7305,0.6052,0.6088,0.6811,0.6263
0801905062,0.6837,0.8387,0.7942,0.7371,0.8644,0.8217,0.7167,0.7747,0.6854,0.7026,0.7292,0.6943
0801905063,0.6402,0.8187,0.7735,0.7266,0.8655,0.83,0.743,0.7954,0.6918,0.7172,0.7505,0.7093
0801905064,0.6442,0.8096,0.7472,0.6777,0.8343,0.813,0.6973,0.7422,0.6727,0.6722,0.6868,0.6642
0801905065,0.6318,0.826,0.7614,0.7032,0.8514,0.8286,0.7194,0.78,0.6619,0.6941,0.731,0.6694
0801905066,0.7093,0.8578,0.8053,0.7503,0.8763,0.836,0.7435,0.8036,0.6642,0.7133,0.7489,0.7109
0801905067,0.6801,0.8545,0.7912,0.7546,0.8706,0.8343,0.7213,0.7611,0.699,0.6814,0.7481,0.7132
0801905068,0.689,0.8483,0.767,0.7163,0.8546,0.8337,0.7439,0.7776,0.7066,0.7407,0.7275,0.7066
0801905069,0.6643,0.8149,0.7654,0.7376,0.8571,0.8422,0.7426,0.7854,0.6495,0.7034,0.7118,0.6881
0801905070,0.6537,0.853,0.7752,0.7048,0.8912,0.8296,0.7458,0.8053,0.6986,0.715,0.7067,0.7107
0801905071,0.6443,0.8009,0.7322,0.691,0.8268,0.7977,0.6948,0.7661,0.6558,0.6828,0.6944,0.6679
0801905072,0.6734,0.8385,0.7714,0.7232,0.8768,0.8434,0.7432,0.8008,0.6917,0.7036,0.7159,0.7087
0801905073,0.6723,0.8381,0.7665,0.7395,0.8778,0.8366,0.7376,0.7918,0.6608,0.6976,0.7236,0.6899
0801905074,0.7118,0.8566,0.7924,0.7461,0.8908,0.8257,0.7403,0.7888,0.6811,0.7218,0.7384,0.7273
0801905075,0.7075,0.8375,0.7708,0.7108,0.8607,0.8494,0.7642,0.7998,0.6822,0.7303,0.7098,0.7177
0801905076,0.6644,0.8312,0.7724,0.7352,0.8604,0.8407,0.7383,0.7754,0.6598,0.6889,0.7053,0.672
0801905077,0.6867,0.846,0.8177,0.7481,0.8837,0.8271,0.7272,0.8116,0.7217,0.7183,0.734,0.7234
0801905078,0.6683,0.8444,0.783,0.7419,0.8839,0.8412,0.7129,0.8084,0.686,0.7029,0.7034,0.672
0801905079,0.6723,0.8335,0.7765,0.7323,0.8842,0.8418,0.75,0.8065,0.7204,0.7272,0.7629,0.7059
0801905080,0.6795,0.8444,0.7546,0.7254,0.8777,0.8446,0.7517,0.7891,0.6823,0.6537,0.7313,0.6696
0801905081,0.6613,0.8344,0.7834,0.701,0.8714,0.8349,0.7325,0.8072,0.6645,0.7142,0.739,0.7062
0801905082,0.7028,0.8483,0.7874,0.7343,0.8633,0.8584,0.7616,0.8148,0.6805,0.7057,0.7362,0.7177
0801905083,0.6877,0.8404,0.7779,0.7311,0.8599,0.8267,0.7346,0.7786,0.6818,0.6926,0.7421,0.7092
0801905084,0.7037,0.8387,0.7602,0.7361,0.8749,0.8365,0.7433,0.8051,0.6927,0.736,0.738,0.732
0801905085,0.6244,0.7636,0.6818,0.6406,0.8185,0.8116,0.701,0.7442,0.6321,0.6633,0.6912,0.6812
0801905086,0.6246,0.7893,0.7291,0.6538,0.8681,0.8227,0.7143,0.7638,0.6685,0.6459,0.6988,0.6725
0801905087,0.6315,0.7928,0.7403,0.7054,0.855,0.8296,0.7236,0.7684,0.6522,0.7015,0.7152,0.6854
0801905088,0.6424,0.8088,0.7375,0.7121,0.8587,0.8323,0.7294,0.7889,0.6815,0.6969,0.7343,0.7113
0801905089,0.6656,0.8361,0.7694,0.7336,0.8635,0.8393,0.7312,0.7913,0.7197,0.6903,0.7463,0.7229
0801905090,0.6458,0.8126,0.7529,0.7075,0.8427,0.8033,0.6991,0.7637,0.654,0.7055,0.705,0.6899
0801905091,0.6414,0.8188,0.744,0.6761,0.8489,0.8404,0.7407,0.7745,0.6399,0.6901,0.7244,0.6797
0801905092,0.6216,0.8275,0.7251,0.6673,0.8549,0.8173,0.7119,0.7723,0.6636,0.6703,0.6925,0.6724
0801905093,0.681,0.8203,0.7554,0.7073,0.8687,0.838,0.7422,0.8076,0.6671,0.7113,0.7631,0.7317
0801905094,0.6859,0.8503,0.7943,0.7488,0.8881,0.8557,0.7289,0.8044,0.6739,0.7035,0.7428,0.7167
0801905095,0.6715,0.8309,0.7494,0.707,0.849,0.8151,0.6974,0.7666,0.6331,0.658,0.6996,0.6557
0801905096,0.6533,0.8199,0.7618,0.7054,0.8681,0.8146,0.6976,0.7323,0.628,0.6382,0.7066,0.6486
0801905097,0.6553,0.8395,0.7687,0.7172,0.8838,0.8342,0.7454,0.7933,0.7191,0.7084,0.71,0.7075
0801905098,0.6538,0.8194,0.7423,0.699,0.8664,0.8141,0.6971,0.762,0.6768,0.6756,0.7179,0.6846
0801906001,0.6206,0.7879,0.699,0.6815,0.7937,0.7784,0.6759,0.748,0.6539,0.6206,0.6194,0.648
0801906002,0.6279,0.7981,0.7307,0.6811,0.6522,0.825,0.7246,0.7838,0.6398,0.6751,0.7342,0.6582
0801906003,0.6318,0.7977,0.7312,0.6902,0.8417,0.7837,0.6756,0.7448,0.5887,0.6043,0.6671,0.6154
0801906004,0.6537,0.7854,0.7427,0.6906,0.8412,0.8118,0.7144,0.7635,0.6352,0.6647,0.718,0.6583
0801906006,0.6907,0.8385,0.7877,0.7347,0.8805,0.8468,0.7335,0.8005,0.6649,0.6926,0.7251,0.6996
0801906007,0.6018,0.8108,0.7085,0.6608,0.8602,0.8063,0.6989,0.7583,0.6259,0.6386,0.6813,0.6435
0801906008,0.6127,0.7937,0.7144,0.6761,0.8194,0.7869,0.6774,0.7507,0.5906,0.5726,0.6686,0.5918
0801906009,0.6476,0.8163,0.7779,0.7011,0.8627,0.8323,0.6962,0.7685,0.6478,0.6457,0.6635,0.6573
0801906010,0.6888,0.8513,0.7955,0.7417,0.8737,0.8504,0.7478,0.8265,0.6504,0.6751,0.7044,0.6775
0801906011,0.668,0.8272,0.7357,0.6964,0.8257,0.7901,0.6796,0.7477,0.6271,0.6322,0.6796,0.6576
0801906012,0.6905,0.7981,0.7542,0.6667,0.8578,0.8236,0.7447,0.7833,0.684,0.6803,0.6954,0.7028
0801906013,0.603,0.7842,0.7183,0.7068,0.8252,0.8039,0.6717,0.7554,0.6224,0.6218,0.711,0.646
0801906014,0.5896,0.7802,0.7024,0.6492,0.8151,0.7705,0.6474,0.7101,0.5939,0.5516,0.6535,0.5809
0801906015,0.5353,0.7254,0.6895,0.5879,0.7994,0.7365,0.5903,0.6746,0.5272,0.5257,0.6036,0.5354
0801906016,0.5635,0.7504,0.6967,0.6412,0.8118,0.7753,0.6441,0.6963,0.5042,0.5751,0.6582,0.5929
0801906017,0.5888,0.7591,0.7265,0.6917,0.8141,0.7951,0.6496,0.7245,0.5456,0.6176,0.682,0.6095
0801906018,0.5857,0.7752,0.7376,0.6689,0.8073,0.8,0.6745,0.7289,0.5678,0.5706,0.641,0.623
0801906019,0.6241,0.786,0.7344,0.6942,0.8355,0.7943,0.6609,0.7381,0.582,0.5849,0.689,0.6051
0801906020,0.6349,0.8051,0.7387,0.6902,0.8348,0.794,0.6934,0.7616,0.6051,0.6025,0.6988,0.6043
0801906021,0.6567,0.812,0.7454,0.6946,0.8437,0.8228,0.7271,0.7927,0.6684,0.6183,0.6901,0.6854
0801906022,0.5673,0.7526,0.6888,0.6473,0.7958,0.7166,0.6226,0.6835,0.5686,0.5592,0.6408,0.5707
0801906023,0.6923,0.8418,0.7825,0.7465,0.871,0.853,0.7536,0.8069,0.7304,0.7236,0.7525,0.7136
0801906024,0.6372,0.8113,0.7432,0.7118,0.854,0.8267,0.7106,0.7742,0.6419,0.6369,0.6895,0.6571
0801906025,0.6341,0.8171,0.716,0.6768,0.8429,0.8266,0.7276,0.7763,0.6757,0.667,0.739,0.7238
0801906026,0.6057,0.7313,0.665,0.6105,0.8202,0.7643,0.6641,0.6957,0.5952,0.6229,0.7267,0.6835
0801906027,0.6439,0.8246,0.7519,0.7094,0.833,0.803,0.7265,0.7628,0.6398,0.6355,0.7553,0.6954
0801906028,0.6392,0.7857,0.7324,0.6832,0.8393,0.8279,0.6257,0.7828,0.6501,0.6659,0.7086,0.692
0801906029,0.6475,0.7946,0.7301,0.6632,0.8432,0.8004,0.7032,0.7556,0.6637,0.6561,0.725,0.6714
0801906030,0.6285,0.7469,0.7083,0.6611,0.8293,0.7991,0.7024,0.7508,0.6095,0.6142,0.7011,0.6266
0801906031,0.6729,0.8007,0.7028,0.6828,0.8204,0.8284,0.7294,0.7772,0.653,0.6861,0.699,0.691
0801906032,0.6473,0.788,0.7277,0.7014,0.8489,0.7981,0.7126,0.7625,0.6495,0.6393,0.711,0.6579
0801906033,0.668,0.8061,0.736,0.7146,0.8347,0.8164,0.7088,0.764,0.6432,0.6495,0.7202,0.6782
0801906034,0.6408,0.7925,0.733,0.7066,0.8074,0.8,0.7085,0.7506,0.6137,0.6173,0.6658,0.6416
0801906035,0.6787,0.8487,0.7564,0.7051,0.8667,0.8495,0.7478,0.8039,0.7041,0.654,0.7096,0.6719
0801906036,0.6474,0.8011,0.7433,0.6874,0.822,0.8172,0.7341,0.7743,0.643,0.639,0.7007,0.6492
0801906037,0.6337,0.7828,0.7394,0.7105,0.8187,0.7852,0.7152,0.7577,0.6604,0.6745,0.7137,0.659
0801906038,0.6491,0.7834,0.7343,0.7041,0.832,0.8041,0.7305,0.7764,0.6759,0.6451,0.7188,0.6811
0801906039,0.6185,0.7719,0.7091,0.6809,0.8047,0.7929,0.678,0.7366,0.6392,0.6403,0.7268,0.6698
0801906040,0.6407,0.7928,0.7343,0.6833,0.8203,0.7986,0.7111,0.7529,0.6446,0.6587,0.7294,0.6491
0801906041,0.679,0.8369,0.7704,0.7056,0.842,0.8202,0.7216,0.7742,0.6495,0.6635,0.7317,0.6649
0801906042,0.6555,0.7961,0.7622,0.6839,0.8393,0.8175,0.7316,0.7737,0.6645,0.7127,0.7384,0.7135
0801906043,0.6269,0.8002,0.7595,0.7136,0.8502,0.828,0.7442,0.7846,0.6516,0.6819,0.7143,0.6753
0801906044,0.6626,0.8224,0.7554,0.6992,0.8607,0.8026,0.713,0.7457,0.6754,0.6693,0.6991,0.6562
0801906045,0.5893,0.7639,0.677,0.6399,0.8239,0.7734,0.6939,0.7456,0.5972,0.6474,0.6975,0.6435
0801906046,0.5751,0.7517,0.7029,0.6375,0.8047,0.7604,0.6487,0.7202,0.5728,0.627,0.6524,0.5929
0801906047,,0.6238,0.5855,0.5633,0.7005,0.7459,0.6446,0.7114,0.6034,0.6443,0.7046,0.6347
0801906048,0.6091,0.7516,0.6874,0.6592,0.7884,0.7899,0.6319,0.7181,0.5773,0.6104,0.6835,0.5867
0801906049,0.6456,0.8082,0.7503,0.709,0.8552,0.8143,0.7056,0.7695,0.642,0.6475,0.69,0.6424
0801906050,0.5929,0.7353,0.6845,0.6496,0.7915,0.7581,0.6483,0.7303,0.6313,0.6314,0.6906,0.6191
0801906051,0.6777,0.8049,0.7602,0.7173,0.8419,0.8133,0.7141,0.7835,0.6271,0.6688,0.7,0.6852
0801906052,0.6581,0.8084,0.7378,0.7163,0.8571,0.8233,0.7469,0.7891,0.6751,0.6895,0.7531,0.7044
0801906053,0.6017,0.7474,0.691,0.665,0.8079,0.8016,0.7037,0.7335,0.6311,0.6475,0.709,0.6295
0801906054,0.6447,0.7808,0.7214,0.6911,0.828,0.8276,0.7069,0.7693,0.6365,0.6471,0.7084,0.6556
0801906055,0.6102,0.7507,0.6833,0.6534,0.7691,0.7282,0.6499,0.697,0.5799,0.6331,0.6541,0.6284
0801906056,0.6273,0.7495,0.7071,0.6602,0.8082,0.7888,0.686,0.7326,0.6062,0.6075,0.677,0.604
0801906057,0.5853,0.7683,0.6864,0.6686,0.7807,0.7567,0.6522,0.7214,0.5981,0.6006,0.6592,0.5876
0801906058,0.6229,0.7649,0.7268,0.6998,0.8091,0.7928,0.6984,0.7345,0.6326,0.6679,0.7322,0.6487
0801906059,0.6347,0.7964,0.7283,0.6777,0.8281,0.7912,0.7112,0.7357,0.5981,0.6343,0.6738,0.6513
0801906060,0.6219,0.7944,0.7193,0.6907,0.8344,0.834,0.7277,0.7926,0.6424,0.6632,0.7153,0.6825
0801906061,0.64,0.7824,0.7251,0.6953,0.836,0.8076,0.7144,0.7702,0.6515,0.5959,0.6615,0.6474
0801906062,0.6755,0.8306,0.7658,0.7365,0.8679,0.8305,0.7267,0.8051,0.6554,0.6806,0.7241,0.7167
0801906063,0.6406,0.7878,0.7324,0.6967,0.8406,0.8147,0.6982,0.7811,0.6309,0.6407,0.684,0.666
0801906064,0.6841,0.8294,0.766,0.7291,0.8454,0.8226,0.7405,0.811,0.6852,0.7116,0.7398,0.7084
0801906065,0.6976,0.8481,0.7913,0.746,0.8876,0.8492,0.7695,0.8129,0.6595,0.6731,0.7213,0.6712
0801906066,0.6485,0.8172,0.758,0.7244,0.8601,0.8062,0.6865,0.7576,0.6103,0.636,0.7044,0.6471
0801906067,0.6278,0.7992,0.7357,0.7098,0.8453,0.8053,0.697,0.7799,0.6428,0.6772,0.706,0.6788
0801906068,0.6301,0.7911,0.731,0.6898,0.8178,0.8258,0.7057,0.7687,0.6405,0.6294,0.6842,0.6423
0801906069,0.6133,0.8122,0.7289,0.6863,0.8382,0.7877,0.7287,0.7536,0.663,0.6335,0.6681,0.6374
0801906070,0.6028,0.7754,0.7053,0.6698,0.823,0.8082,0.7134,0.7611,0.5689,0.6161,0.6876,0.6304
0801906071,0.6795,0.8342,0.7643,0.7198,0.864,0.8247,0.7429,0.7735,0.6333,0.6735,0.7063,0.6923
0801906072,0.674,0.847,0.7756,0.7192,0.8581,0.8423,0.7453,0.8212,0.6606,0.6947,0.7264,0.7117
0801906073,0.6716,0.8346,0.787,0.7327,0.8588,0.843,0.7355,0.7804,0.6403,0.6622,0.7224,0.6681
0801906074,0.6423,0.7769,0.7093,0.6948,0.8368,0.8057,0.7009,0.7401,0.6182,0.6315,0.6538,0.6307
0801906075,0.727,0.8629,0.7935,0.7529,0.8779,0.8691,0.7914,0.8294,0.6643,0.6784,0.7318,0.701
0801906076,0.7365,0.8404,0.8224,0.7629,0.873,0.8693,0.7915,0.6324,0.6791,0.6561,0.7183,0.7056
0801906077,0.6188,0.7789,0.7182,0.6456,0.8221,0.8075,0.6899,0.7628,0.6136,0.652,0.6957,0.6493
0801906078,0.6509,0.8054,0.7375,0.6957,0.8241,0.8158,0.7448,0.7889,0.6558,0.6837,0.7327,0.6902
0801906079,0.6522,0.8094,0.7393,0.7036,0.8464,0.8545,0.7324,0.7893,0.6436,0.6831,0.7289,0.6713
0801906080,0.6387,0.8121,0.735,0.7115,0.8626,0.8195,0.7441,0.7661,0.669,0.6754,0.7246,0.7182
0801906081,0.6541,0.7945,0.7303,0.68,0.8333,0.8271,0.7344,0.7684,0.6137,0.6401,0.6791,0.6474
0801906082,0.6861,0.82,0.7666,0.7172,0.8482,0.7553,0.6696,0.6955,0.5779,0.5761,0.6371,0.5852
0801906083,0.6959,0.8392,0.7614,0.7225,0.8694,0.8331,0.7515,0.8025,0.6662,0.6989,0.7191,0.7192
0801906084,0.681,0.7981,0.7514,0.7229,0.8498,0.8285,0.7374,0.7675,0.6425,0.6777,0.7022,0.6977
0801906085,0.7345,0.8505,0.7853,0.7321,0.8796,0.8559,0.7758,0.8188,0.7067,0.7089,0.7264,0.7121
0801906086,0.704,0.8721,0.7654,0.7183,0.9023,0.8647,0.7914,0.8263,0.675,0.7054,0.7275,0.7371
0801906087,0.7121,0.8634,0.8189,0.7444,0.9056,0.857,0.7884,0.8185,0.6687,0.7288,0.7609,0.7376
0801906088,0.6935,0.8591,0.8043,0.7591,0.9052,0.844,0.7601,0.7947,0.7154,0.7065,0.7486,0.737
0801907001,0.6011,0.7725,0.7037,0.6821,0.8003,0.7747,0.6833,0.7129,0.5635,0.6275,0.6556,0.6078
0801907002,0.6489,0.7908,0.723,0.6787,0.8235,0.7851,0.6863,0.7346,0.5772,0.6494,0.6908,0.5919
0801907003,0.6706,0.8364,0.7514,0.7376,0.8575,0.8144,0.7287,0.7881,0.6529,0.6259,0.6987,0.6443
0801907004,0.6095,0.7967,0.7433,0.691,0.8292,0.8011,0.6822,0.7517,0.5998,0.6173,0.6759,0.6169
0801907005,0.5831,0.775,0.6977,0.6323,0.8111,0.7901,0.6633,0.7328,0.5597,0.6099,0.6601,0.602
0801907006,0.6611,0.8249,0.7781,0.7014,0.8739,0.8492,0.7516,0.7923,0.6529,0.668,0.7473,0.693
0801907007,0.5463,0.7241,0.6416,0.6148,0.7349,0.6998,0.5893,0.6459,0.5653,0.5545,0.6299,0.582
0801907008,0.6376,0.8156,0.7532,0.7111,0.8057,0.7688,0.6613,0.7153,0.5846,0.6179,0.6495,0.6457
0801907009,0.5731,0.7739,0.7175,0.6685,0.8083,0.7717,0.6313,0.7089,0.5094,0.5713,0.6663,0.5741
0801907010,0.5675,0.7673,0.7049,0.6589,0.8306,0.7905,0.6688,0.5985,0.6145,0.5998,0.6952,0.6347
0801907011,0.58,0.7545,0.663,0.6462,0.791,0.7769,0.6435,0.7004,0.4967,0.5475,0.6379,0.5714
0801907012,0.6054,0.7932,0.7347,0.7023,0.8157,0.8009,0.6929,0.7252,0.5375,0.5972,0.6695,0.6425
0801907013,0.6517,0.8309,0.7707,0.7281,0.874,0.8372,0.7357,0.7943,0.6225,0.6737,0.745,0.6836
0801907014,0.5862,0.7361,0.6761,0.6364,0.7594,0.756,0.647,0.7033,0.4734,0.5586,0.6538,0.5623
0801907015,0.5956,0.7746,0.7234,0.6776,0.8119,0.7704,0.6575,0.7295,0.5483,0.5584,0.6667,0.5927
0801907016,0.6519,0.8413,0.7562,0.735,0.8867,0.8408,0.7422,0.8029,0.6542,0.6415,0.7254,0.6723
0801907017,0.6051,0.7792,0.7079,0.6558,0.8193,0.8129,0.7002,0.7445,0.5911,0.5773,0.6865,0.6189
0801907018,0.563,0.7537,0.6747,0.6429,0.7881,0.7494,0.6388,0.6839,0.5493,0.5779,0.6506,0.6012
0801907019,0.6339,0.8147,0.7568,0.6828,0.8386,0.8068,0.6993,0.7824,0.6243,0.6457,0.732,0.6799
0801907020,0.6477,0.8153,0.7431,0.6873,0.8283,0.7839,0.667,0.7396,0.5874,0.5897,0.6567,0.6088
0801907021,0.6442,0.8061,0.7449,0.6885,0.8791,0.8618,0.697,0.7905,0.6696,0.6732,0.7347,0.6783
0801907022,0.5539,0.7319,0.6682,0.608,0.8052,0.7739,0.6144,0.702,0.5454,0.5768,0.6533,0.5742
0801907023,0.5344,0.712,0.6684,0.6142,0.7912,0.7351,0.5968,0.6797,0.449,0.5799,0.6509,0.5549
0801907024,0.5705,0.7552,0.6739,0.6104,0.7809,0.75,0.6309,0.7126,0.5547,0.5755,0.6644,0.5859
0801907025,0.5661,0.7354,0.6841,0.6473,0.7792,0.7438,0.6262,0.6842,0.5456,0.5597,0.6622,0.5624
0801907026,0.6081,0.7905,0.7388,0.7014,0.8134,0.7793,0.6547,0.7801,0.5468,0.583,0.6871,0.5792
0801907027,0.6432,0.7918,0.7248,0.6618,0.8321,0.7917,0.6803,0.7259,0.5776,0.601,0.6566,0.6188
0801907028,0.5766,0.7449,0.6762,0.6418,0.7976,0.7455,0.6314,0.7001,0.5456,0.5774,0.6464,0.5608
0801907029,0.5662,0.7292,0.6481,0.6468,0.7864,0.7485,0.6346,0.7125,0.5872,0.6097,0.685,0.6381
0801907030,0.5237,0.731,0.6613,0.6111,0.7746,0.7337,0.59,0.6863,0.56,0.535,0.6091,0.5638
0801907031,0.519,0.7262,0.683,0.6197,0.7713,0.7446,0.6107,0.6961,0.5415,0.5461,0.6316,0.5699
0801907032,0.63,0.7793,0.7411,0.6887,0.8186,0.7781,0.654,0.7436,0.6092,0.6168,0.7047,0.6457
0801907033,0.6707,0.8082,0.7304,0.6889,0.8344,0.8176,0.7058,0.7654,0.5991,0.6364,0.7104,0.6698
0801907034,0.6625,0.8214,0.7596,0.6972,0.8436,0.8361,0.7342,0.7974,0.6256,0.6507,0.7172,0.6543
0801907035,0.6586,0.8246,0.77,0.7128,0.8647,0.8403,0.7423,0.8015,0.6403,0.657,0.7318,0.7016
0801907036,0.6287,0.7863,0.7404,0.6909,0.8295,0.772,0.6611,0.7274,0.5974,0.6185,0.675,0.6356
0801907037,0.6585,0.7928,0.7372,0.7087,0.8145,0.7831,0.6947,0.7343,0.5942,0.6516,0.6944,0.6462
0801907038,0.6318,0.7876,0.7765,0.6968,0.8518,0.8189,0.6818,0.7563,0.6226,0.6072,0.7087,0.6333
0801907039,0.593,0.7618,0.7213,0.6623,0.8106,0.8209,0.6784,0.75,0.6185,0.6135,0.6684,0.6178
0801907040,0.624,0.7982,0.7325,0.6727,0.8338,0.8063,0.6605,0.7524,0.5503,0.5679,0.6575,0.5658
0801907041,0.5751,0.718,0.6868,0.6462,0.7914,0.7582,0.6402,0.7179,0.5735,0.5831,0.6611,0.5884
0801907042,0.5728,0.7674,0.6877,0.6479,0.8124,0.789,0.653,0.7262,0.568,0.6092,0.6731,0.636
0801907043,0.6174,0.7986,0.7019,0.6925,0.8166,0.7842,0.6934,0.7332,0.6049,0.6197,0.7034,0.6412
0801907044,0.6367,0.801,0.7405,0.6876,0.8406,0.8226,0.6992,0.7483,0.5906,0.5826,0.6567,0.5982
0801907045,0.5923,0.7754,0.7215,0.6807,0.8202,0.8012,0.6554,0.7169,0.546,0.5995,0.714,0.6078
0801907046,0.5761,0.7203,0.6909,0.6487,0.8134,0.7567,0.6292,0.6985,0.515,0.5645,0.6312,0.5765
0801907047,0.5789,0.7462,0.655,0.6493,0.7686,0.7512,0.6047,0.6685,0.5189,0.5185,0.6448,0.5682
0801907048,0.6229,0.8026,0.7383,0.7105,0.8494,0.789,0.6596,0.7459,0.5538,0.6312,0.6838,0.63
0801907049,0.6038,0.8101,0.7503,0.6831,0.8409,0.8031,0.667,0.752,0.5406,0.5875,0.6949,0.6018
0801907050,0.5838,0.7841,0.7067,0.6091,0.7667,0.7664,0.6432,0.719,0.5397,0.5393,0.6351,0.5622
0801907051,0.5462,0.7324,0.6503,0.6098,0.7912,0.7569,0.6127,0.7066,0.5429,0.5493,0.6407,0.5571
0801907052,0.6254,0.7968,0.73,0.6956,0.8264,0.8127,0.7198,0.7682,0.637,0.6226,0.6914,0.6508
0801907053,0.6425,0.8088,0.7609,0.6783,0.8556,0.8236,0.7241,0.8062,0.6316,0.675,0.7104,0.6564
0801907054,0.6613,0.8562,0.7799,0.7291,0.8718,0.8422,0.7588,0.8017,0.6946,0.699,0.7197,0.699
0801907055,0.6972,0.8646,0.7887,0.7135,0.9025,0.8706,0.7518,0.8165,0.6789,0.6905,0.749,0.7288
0801907056,0.5944,0.7783,0.7317,0.6815,0.812,0.809,0.6722,0.7423,0.5424,0.6032,0.6612,0.6174
0801907057,0.6393,0.8152,0.7496,0.6854,0.8462,0.8111,0.6758,0.7616,0.6142,0.6294,0.699,0.6461
0801907058,0.6344,0.9036,0.7739,0.683,0.8501,0.8098,0.7028,0.7786,0.5834,0.6155,0.6819,0.672
0801907059,0.4684,0.6738,0.6303,0.6017,0.7503,0.7063,0.5396,0.6338,0.4265,0.4317,0.5909,0.5005
0801907060,0.4772,0.6856,0.6384,0.573,0.7531,0.6889,0.5247,0.6346,0.4671,0.4788,0.5969,0.5048
0801907061,0.5774,0.7741,0.7021,0.6488,0.8339,0.7555,0.6099,0.7121,0.4517,0.5546,0.6259,0.5399
0801907062,0.5962,0.7724,0.7433,0.6921,0.8208,0.7917,0.6354,0.7374,0.5471,0.5936,0.6735,0.5717
0801907063,0.4781,0.6751,0.6542,0.5848,0.7709,0.7043,0.5244,0.6453,0.3545,0.4822,0.563,0.4626
0801907064,0.5052,0.6908,0.6528,0.5867,0.7678,0.7145,0.511,0.645,0.34,0.4443,0.5506,0.4629
0801907065,0.4584,0.6689,0.6573,0.573,0.7259,0.667,0.4978,0.6087,0.3117,0.4496,0.538,0.4178
0801907066,0.4909,0.7036,0.6677,0.6013,0.7448,0.6902,0.5149,0.6196,0.4027,0.4923,0.5716,0.4816
0801907067,0.5176,0.7023,0.6807,0.6373,0.7324,0.6792,0.5531,0.6346,0.4212,0.5083,0.5764,0.5005
0801907068,0.5195,0.7085,0.6891,0.6264,0.7867,0.7271,0.5426,0.6914,0.4747,0.5029,0.3603,0.5017
0801907069,0.5156,0.7231,0.6892,0.6353,0.792,0.7328,0.5287,0.6663,0.3743,0.5139,0.6305,0.5148
0801907070,0.5407,0.7331,0.6899,0.6149,0.7917,0.7199,0.5808,0.6953,0.4385,0.5377,0.6159,0.5508
0801907071,0.5421,0.7745,0.7162,0.6402,0.8245,0.7838,0.5852,0.7002,0.4739,0.5585,0.6462,0.5622
0801907072,0.5382,0.7248,0.6719,0.622,0.8072,0.7577,0.5894,0.6994,0.4646,0.535,0.6268,0.5534
0801907073,0.5885,0.7614,0.7238,0.6589,0.8227,0.772,0.6032,0.7113,0.4306,0.5436,0.625,0.5352
0801907074,0.5485,0.7325,0.6764,0.6338,0.7851,0.7396,0.585,0.6727,0.4634,0.5134,0.5957,0.515
0801907075,0.493,0.7237,0.7061,0.6062,0.77,0.7385,0.5802,0.6671,0.3972,0.5066,0.6065,0.5156
0801907076,0.5621,0.7477,0.7288,0.6767,0.8142,0.782,0.5872,0.7197,0.4407,0.5356,0.6485,0.5487
0801907077,0.4842,0.6921,0.678,0.6032,0.7541,0.6844,0.5171,0.6359,0.4123,0.4931,0.5829,0.4814
0801907078,0.5102,0.7335,0.6896,0.6151,0.7769,0.7567,0.5652,0.6752,0.4284,0.5011,0.5985,0.4952
0801907079,0.5378,0.73,0.7172,0.6432,0.8107,0.7346,0.5597,0.6875,0.4317,0.5248,0.6526,0.5238
0801907080,0.5498,0.7541,0.7114,0.6656,0.8031,0.7464,0.5694,0.6851,0.4235,0.53,0.6234,0.5464
0801907081,0.569,0.7701,0.7191,0.6525,0.8178,0.7679,0.6116,0.7195,0.4922,0.5649,0.6588,0.5739
0801907082,0.501,0.6985,0.6663,0.6129,0.7444,0.7151,0.5321,0.632,0.4281,0.4673,0.5601,0.4629
0801907083,0.565,0.7329,0.7122,0.6466,0.7962,0.7569,0.5565,0.6934,0.4278,0.4782,0.5714,0.4682
0801907084,0.5339,0.6941,0.6806,0.6142,0.7784,0.7281,0.575,0.6768,0.4687,0.4984,0.6071,0.5186
0801907085,0.503,0.7215,0.6531,0.6173,0.8052,0.754,0.5884,0.6768,0.4546,0.5371,0.6481,0.5121
0801907086,0.5448,0.7136,0.6594,0.6227,0.7675,0.705,0.5678,0.6524,0.4103,0.5264,0.6348,0.503
0801907087,0.567,0.7457,0.7126,0.6536,0.8091,0.7489,0.5768,0.69,0.4682,0.5322,0.6411,0.5873
0801907088,0.5452,0.7497,0.7218,0.6678,0.8038,0.7783,0.5824,0.7272,0.5315,0.5433,0.6553,0.5857
0801907089,0.5871,0.7884,0.7147,0.6821,0.823,0.7524,0.6327,0.7103,0.5426,0.5477,0.6532,0.5549
0801907090,0.52,0.6813,0.6673,0.6299,0.7801,0.7516,0.5973,0.6352,0.4256,0.5119,0.6011,0.5106
0801907091,0.5691,0.7236,0.6738,0.6643,0.7986,0.7386,0.6302,0.6868,0.4925,0.5508,0.5995,0.5
0801907092,0.5345,0.6714,0.6415,0.6214,0.7328,0.6888,0.5385,0.6034,0.4093,0.4368,0.5611,0.4578
0801907093,0.5932,0.7535,0.7375,0.697,0.8204,0.7711,0.6278,0.693,0.5137,0.5767,0.6833,0.5939
0801907094,0.5753,0.7013,0.6435,0.6538,0.7508,0.7207,0.5868,0.6593,0.4455,0.5054,0.6079,0.5384
0801907095,0.6201,0.7791,0.7085,0.6575,0.8083,0.7682,0.6314,0.6884,0.538,0.5541,0.629,0.6123
0801907096,0.6151,0.7624,0.6841,0.6638,0.7953,0.7767,0.621,0.709,0.4569,0.5734,0.6356,0.5806
0801907097,0.4595,0.6275,0.5599,0.5525,0.6453,0.6341,0.5041,0.5728,0.4472,0.4641,0.5141,0.4696
0801907098,0.6727,0.8386,0.793,0.7324,0.8756,0.8562,0.7435,0.8105,0.6751,0.6993,0.7483,0.7106
0801907099,0.6999,0.8578,0.8033,0.7645,0.8863,0.86,0.7349,0.802,0.6328,0.6854,0.7572,0.6643
0801907100,0.6171,0.7804,0.7383,0.6847,0.8432,0.7193,0.6677,0.7489,0.5342,0.6261,0.686,0.6291
0801907101,0.6353,0.8153,0.7704,0.7171,0.8424,0.7895,0.6533,0.7169,0.5339,0.5719,0.6456,0.5594
0801907102,0.5744,0.7644,0.6626,0.6503,0.8151,0.7516,0.6136,0.732,0.5565,0.5917,0.6345,0.6534
0801907103,0.5577,0.7361,0.7085,0.6306,0.7631,0.7332,0.5921,0.671,0.477,0.5267,0.6197,0.5261
0801907104,0.5945,0.7627,0.7365,0.6638,0.8309,0.7696,0.6164,0.7112,0.5105,0.5379,0.6515,0.5471
0801907105,0.6509,0.8267,0.7867,0.7069,0.872,0.851,0.7445,0.805,0.6258,0.6647,0.747,0.671
0801907106,0.6216,0.7648,0.7521,0.6937,0.8019,0.7814,0.6591,0.7353,0.5665,0.6202,0.6801,0.6471
0801907107,0.6693,0.8373,0.7755,0.7174,0.8716,0.8493,0.7124,0.8025,0.6087,0.6396,0.6887,0.6569
0801907108,0.6327,0.815,0.7465,0.7137,0.8532,0.8177,0.6881,0.7784,0.5879,0.6466,0.7088,0.6395
0801907109,0.6044,0.7767,0.7473,0.6889,0.8244,0.7981,0.639,0.752,0.5301,0.5731,0.6449,0.5628
0801907110,0.6102,0.7787,0.6999,0.669,0.8081,0.7589,0.6477,0.7198,0.5349,0.5837,0.6415,0.6229
0801907111,0.692,0.8373,0.7909,0.7646,0.871,0.8372,0.7373,0.7827,0.6625,0.7114,0.7257,0.71
0801907112,0.5889,0.7947,0.7431,0.6845,0.8446,0.7961,0.6985,0.7449,0.5872,0.6059,0.6888,0.6067
0801907113,0.6194,0.7698,0.7405,0.6903,0.8241,0.8045,0.6298,0.7517,0.5383,0.5896,0.658,0.6094
0801907114,0.6537,0.8238,0.7188,0.7117,0.8747,0.8253,0.7181,0.7853,0.6222,0.6457,0.7268,0.6621
0801907115,0.6793,0.8626,0.768,0.7404,0.8688,0.8433,0.7382,0.8039,0.6599,0.6732,0.7384,0.7151
0801907116,0.642,0.8041,0.7703,0.7071,0.8391,0.8237,0.7037,0.7699,0.5779,0.6228,0.6978,0.6565
0801907117,0.5356,0.6565,0.6332,0.5906,0.7123,0.6784,0.5626,0.6149,0.4727,0.4519,0.5024,0.4434
0801907118,0.6461,0.7848,0.7428,0.6812,0.8592,0.8023,0.6965,0.7751,0.5899,0.6566,0.7079,0.6458
0801907119,0.565,0.7491,0.6833,0.6643,0.8133,0.7743,0.6336,0.7063,0.5216,0.5901,0.657,0.6127
0801907120,0.5865,0.7673,0.6966,0.6667,0.8085,0.7325,0.5862,0.6691,0.4978,0.5558,0.6134,0.5598
0801907121,0.5494,0.7179,0.6689,0.6443,0.8065,0.7575,0.6232,0.7131,0.5565,0.59,0.6568,0.5633
0801907122,0.5775,0.7443,0.6817,0.6528,0.7924,0.7802,0.6559,0.7203,0.5075,0.5863,0.6879,0.577
0801907123,0.6056,0.7794,0.7429,0.6974,0.834,0.8097,0.6682,0.7665,0.5631,0.5839,0.6846,0.6284
0801908001,0.6076,0.7634,0.756,0.6727,0.8161,0.8263,0.6784,0.7668,0.531,0.5758,0.6729,0.6112
0801908002,0.642,0.785,0.7254,0.6789,0.8367,0.7905,0.664,0.7357,0.5371,0.5873,0.6628,0.5992
0801908003,0.6466,0.8004,0.7723,0.703,0.8419,0.8281,0.6827,0.7561,0.5374,0.5285,0.6486,0.5751
0801908004,0.6006,0.7804,0.7308,0.6994,0.8524,0.7921,0.6527,0.7602,0.5795,0.5343,0.6251,0.5358
0801908005,0.6058,0.7845,0.7486,0.6945,0.8305,0.7808,0.6275,0.7227,0.5085,0.5485,0.6177,0.5855
0801908006,0.6169,0.8065,0.7375,0.6971,0.8144,0.8081,0.6697,0.7656,0.5677,0.5227,0.6458,0.5633
0801908007,0.6609,0.8066,0.7755,0.7547,0.8436,0.8305,0.7063,0.7752,0.5152,0.5647,0.6932,0.6092
0801908008,0.6218,0.7867,0.7417,0.6943,0.8484,0.7998,0.6683,0.7688,0.5431,0.5851,0.6574,0.6124
0801908009,0.5934,0.7467,0.7327,0.6814,0.8093,0.7952,0.6664,0.7617,0.5455,0.585,0.6828,0.6298
0801908010,0.6085,0.7933,0.7534,0.711,0.8461,0.7967,0.6678,0.7585,0.5118,0.6663,0.7125,0.6276
0801908011,0.6576,0.8226,0.796,0.7475,0.8637,0.8346,0.7152,0.8011,0.6276,0.6284,0.6892,0.6511
0801908012,0.6048,0.7551,0.7263,0.676,0.8269,0.7763,0.6484,0.7409,0.523,0.6056,0.6762,0.635
0801908013,0.6833,0.8224,0.7643,0.707,0.8495,0.8418,0.729,0.8043,0.6166,0.6487,0.683,0.6356
0801908014,0.5761,0.7888,0.7071,0.6505,0.7711,0.7753,0.6303,0.7183,0.52,0.5562,0.6481,0.5671
0801908015,0.5745,0.7385,0.7324,0.6714,0.7714,0.7655,0.6181,0.7001,0.5318,0.5537,0.6358,0.5512
0801908016,0.5927,0.7546,0.6834,0.6415,0.7456,0.75,0.5967,0.7021,0.513,0.4786,0.6112,0.5336
0801908017,0.625,0.7815,0.7459,0.662,0.8138,0.7884,0.6729,0.7449,0.554,0.5893,0.6968,0.617
0801908018,0.5842,0.7612,0.7368,0.6873,0.7882,0.7758,0.6411,0.7316,0.5322,0.5549,0.6597,0.5842
0801908019,0.5785,0.7436,0.7058,0.6438,0.7782,0.7442,0.6096,0.697,0.4915,0.5376,0.634,0.564
0801908020,0.58,0.7598,0.7119,0.6524,0.8186,0.8049,0.6377,0.745,0.5496,0.5742,0.6619,0.5984
0801908021,0.5747,0.7739,0.7355,0.6639,0.8217,0.8006,0.6328,0.7433,0.5367,0.5941,0.7015,0.576
0801908022,0.6308,0.8024,0.7571,0.6913,0.8332,0.8122,0.6611,0.7443,0.5779,0.6221,0.7113,0.6152
0801908023,0.5581,0.7372,0.6992,0.6368,0.7688,0.7602,0.5888,0.7231,0.4867,0.5511,0.6389,0.5386
0801908024,0.5987,0.7597,0.7261,0.675,0.7825,0.7741,0.601,0.7268,0.5369,0.5657,0.6498,0.5952
0801908025,0.6437,0.767,0.7413,0.6898,0.7907,0.7426,0.5655,0.6876,0.4975,0.5281,0.6204,0.5659
0801908026,0.5898,0.7513,0.7188,0.6624,0.7707,0.7455,0.6141,0.7222,0.5021,0.5882,0.705,0.6251
0801908027,0.603,0.7852,0.7592,0.686,0.8379,0.7755,0.6412,0.7668,0.5609,0.6359,0.7107,0.657
0801908028,0.5407,0.7429,0.7224,0.6644,0.7946,0.7559,0.6358,0.7459,0.5305,0.5767,0.6571,0.5983
0801908029,0.528,0.6848,0.6488,0.5895,0.7563,0.6896,0.5604,0.6596,0.4235,0.4778,0.5807,0.4633
0801908030,0.5953,0.7694,0.7188,0.6883,0.8167,0.7595,0.5864,0.7136,0.5128,0.5724,0.6693,0.593
0801908031,0.6006,0.7922,0.7665,0.7089,0.822,0.7832,0.6161,0.7241,0.4556,0.5568,0.6642,0.5858
0801908032,0.6196,0.7887,0.7699,0.7048,0.8482,0.7996,0.6544,0.7561,0.5278,0.6044,0.6751,0.6297
0801908033,0.5391,0.7007,0.7048,0.6574,0.7685,0.7457,0.567,0.6626,0.4512,0.4715,0.6255,0.4995
0801908034,0.545,0.6762,0.6527,0.6177,0.7436,0.7618,0.5772,0.6671,0.4315,0.5347,0.6212,0.536
0801908035,0.5264,0.6708,0.6274,0.5868,0.6687,0.6119,0.4737,0.5436,0.3873,0.3739,0.4623,0.3624
0801908036,0.5019,0.6736,0.6448,0.6002,0.7697,0.715,0.5506,0.6538,0.4138,0.484,0.6088,0.5029
0801908037,0.5812,0.7509,0.7195,0.6452,0.786,0.7502,0.6104,0.6865,0.4354,0.5692,0.656,0.5887
0801908038,0.5482,0.7006,0.6631,0.6239,0.7318,0.7214,0.5787,0.6338,0.4635,0.4955,0.5923,0.5176
0801908039,0.5819,0.7486,0.7155,0.6933,0.7883,0.7812,0.6453,0.7044,0.5139,0.5283,0.6134,0.5222
0801908040,0.4443,0.6316,0.6065,0.5544,0.6937,0.6924,0.5498,0.6476,0.4225,0.4921,0.5624,0.4899
0801908041,0.4415,0.5784,0.5774,0.513,0.6337,0.646,0.4606,0.5758,0.3881,0.4167,0.5366,0.419
0801908042,0.6377,0.8062,0.7751,0.7043,0.8504,0.8004,0.703,0.7862,0.4598,0.5894,0.6706,0.5828
0801908043,0.5305,0.7078,0.666,0.6357,0.7626,0.6907,0.5666,0.6475,0.4399,0.4949,0.6362,0.5096
0801908044,0.4618,0.66,0.6101,0.5791,0.7189,0.6942,0.5028,0.6235,0.4345,0.4578,0.5807,0.453
0801908045,0.4882,0.6439,0.606,0.59,0.701,0.691,0.5229,0.6262,0.3925,0.4738,0.552,0.4912
0801908046,0.501,0.6594,0.6332,0.5902,0.7233,0.7027,0.5139,0.6317,0.4676,0.4799,0.578,0.5194
0801908047,0.4744,0.6277,0.5864,0.5532,0.6921,0.6641,0.4834,0.5761,0.3829,0.3975,0.5572,0.4319
0801908048,0.4079,0.5756,0.5408,0.4974,0.6285,0.6125,0.3966,0.5188,0.2811,0.3708,0.5068,0.3687
0801908049,0.5021,0.6656,0.6224,0.5717,0.7187,0.6638,0.4953,0.6177,0.3639,0.457,0.5409,0.4576
0801908050,0.6112,0.7946,0.757,0.7049,0.8434,0.8265,0.72,0.7863,0.6221,0.641,0.7387,0.6817
0801908051,0.6148,0.7915,0.7829,0.7005,0.8609,0.8399,0.6794,0.781,0.5377,0.6428,0.7107,0.6087
0801908052,0.6557,0.8033,0.7729,0.72,0.8509,0.8312,0.6634,0.7775,0.5312,0.6509,0.7418,0.6504
0801908053,0.6685,0.816,0.8103,0.7249,0.8578,0.828,0.685,0.7756,0.5697,0.6246,0.7,0.658
0801908054,0.6528,0.8018,0.7636,0.7141,0.8397,0.7927,0.6723,0.7419,0.5605,0.6128,0.7022,0.6329
0801908055,0.6826,0.8451,0.8327,0.778,0.8834,0.8535,0.7187,0.8146,0.5936,0.6358,0.7373,0.6877
0801908056,0.6158,0.7744,0.7114,0.6757,0.804,0.7688,0.6394,0.7487,0.5326,0.5261,0.6374,0.5722
0801908057,0.5514,0.7295,0.6686,0.6441,0.7961,0.7449,0.5971,0.6771,0.5119,0.5,0.6482,0.5672
0801908058,0.5978,0.7444,0.7049,0.6563,0.7902,0.7452,0.5714,0.6806,0.4559,0.5385,0.6423,0.5359
0801908059,0.5527,0.7444,0.6903,0.6415,0.7954,0.7561,0.6106,0.7146,0.4888,0.5849,0.6465,0.5619
0801908060,0.6133,0.7793,0.7718,0.7057,0.8473,0.8217,0.6622,0.7719,0.5435,0.6042,0.6684,0.6134
0801908061,0.6082,0.7794,0.759,0.6915,0.8156,0.78,0.6089,0.7225,0.4668,0.5536,0.6603,0.5646
0801908062,0.6407,0.8304,0.7986,0.7406,0.8291,0.8257,0.6657,0.755,0.5323,0.6241,0.7055,0.6576
0801908063,0.6528,0.8272,0.7998,0.7417,0.8738,0.8083,0.6896,0.7585,0.5671,0.6179,0.7124,0.6453
0801908064,0.5645,0.7316,0.7014,0.6559,0.8006,0.7714,0.6,0.6966,0.4484,0.5587,0.6554,0.5618
0801908065,0.4583,0.6279,0.5893,0.5418,0.6801,0.6333,0.4467,0.5807,0.3657,0.4562,0.5153,0.4068
0801908066,0.4352,0.6362,0.6053,0.5216,0.7001,0.627,0.4294,0.5706,0.3212,0.4133,0.4843,0.4032
0801908067,0.5497,0.7241,0.7093,0.6385,0.7978,0.75,0.5424,0.6706,0.4177,0.51,0.5916,0.5235
0801908068,0.4698,0.6604,0.6429,0.5746,0.75,0.7268,0.5188,0.6528,0.3849,0.4417,0.5412,0.4469
0801908069,0.4871,0.6693,0.6499,0.5772,0.7348,0.6862,0.5439,0.6582,0.402,0.4849,0.5791,0.4494
0801908070,0.4829,0.6715,0.6504,0.5848,0.7116,0.6545,0.4871,0.587,0.4183,0.4181,0.5544,0.4078
0801908071,0.4878,0.6864,0.6681,0.5993,0.7416,0.6986,0.5144,0.6533,0.4142,0.4842,0.5878,0.479
0801908072,0.5795,0.7799,0.7674,0.7087,0.8399,0.7829,0.6317,0.7155,0.4667,0.5584,0.6277,0.551
0801908073,0.4219,0.5708,0.5537,0.5068,0.626,0.6102,0.414,0.531,0.2971,0.3613,0.4845,0.3642
0801908074,0.5011,0.6589,0.6282,0.5889,0.7285,0.6685,0.4916,0.6264,0.3477,0.4159,0.5384,0.4156
0801908075,0.5395,0.7409,0.6935,0.648,0.7853,0.7279,0.553,0.6583,0.428,0.4776,0.5942,0.4838
0801908076,0.5734,0.7441,0.7316,0.6707,0.809,0.742,0.5808,0.6775,0.4577,0.5119,0.6111,0.516
0801908077,0.3929,0.5738,0.5487,0.4972,0.659,0.6275,0.4534,0.5769,0.3301,0.463,0.5758,0.4268
0801908078,0.4811,0.6685,0.6365,0.5966,0.7347,0.6956,0.5058,0.6212,0.4048,0.4314,0.5575,0.4818
0801908079,0.471,0.644,0.6341,0.5648,0.7146,0.6351,0.4777,0.5674,0.43,0.4426,0.5177,0.4252
0801908080,0.5718,0.7127,0.7164,0.6861,0.7807,0.7305,0.5965,0.6755,0.4551,0.5247,0.6047,0.5269
0801908081,0.5409,0.7047,0.6732,0.6355,0.7698,0.7253,0.5267,0.6369,0.4002,0.4772,0.6392,0.4686
0801908082,0.5092,0.733,0.6815,0.6297,0.7906,0.733,0.5681,0.68,0.4316,0.5028,0.61,0.5118
0801908083,0.5532,0.7393,0.6765,0.6746,0.7888,0.7446,0.5891,0.6899,0.4388,0.5483,0.6513,0.5666
0801908084,0.5519,0.7365,0.7183,0.6651,0.8235,0.8509,0.6091,0.7242,0.4723,0.5695,0.6382,0.5752
0801908085,0.5889,0.7465,0.7339,0.6735,0.7839,0.7595,0.5897,0.7002,0.458,0.5206,0.653,0.5327
0801908086,0.5563,0.7259,0.6807,0.6261,0.7871,0.7392,0.5754,0.6869,0.4518,0.5429,0.6478,0.5483
0801908087,0.5847,0.7297,0.7024,0.6552,0.7873,0.7746,0.6033,0.7227,0.4754,0.5699,0.6579,0.5662
0801908088,0.5557,0.7137,0.6667,0.6027,0.7746,0.7324,0.5361,0.673,0.4594,0.4893,0.6095,0.5202
0801908089,0.4967,0.6997,0.667,0.6223,0.7439,0.7167,0.5258,0.6607,0.3851,0.4772,0.5697,0.4774
0801908090,0.5612,0.7443,0.7124,0.6533,0.8034,0.7817,0.545,0.72,0.4688,0.5625,0.6463,0.5554
0801908091,0.6148,0.7756,0.7594,0.6922,0.8317,0.7372,0.6068,0.7165,0.4581,0.4916,0.6193,0.5527
0801908092,0.6511,0.8327,0.8043,0.7306,0.8477,0.8137,0.6375,0.7301,0.526,0.5669,0.6671,0.5908
0801908093,0.582,0.7399,0.7257,0.6692,0.8126,0.7855,0.636,0.7092,0.4677,0.5613,0.6587,0.5546
0801908094,0.6173,0.7829,0.7564,0.6995,0.8383,0.7704,0.6415,0.7426,0.4854,0.6021,0.6987,0.6079
0801908095,0.6709,0.8043,0.7726,0.7141,0.8385,0.7908,0.6533,0.7277,0.5718,0.6025,0.6756,0.6338
0801908096,0.5433,0.7292,0.7083,0.6584,0.7931,0.7718,0.6187,0.7061,0.4765,0.5509,0.6517,0.539
0801908097,0.5545,0.7253,0.7077,0.6158,0.7551,0.7131,0.5346,0.6435,0.4539,0.5362,0.6293,0.5573
0801908098,0.5199,0.7141,0.681,0.618,0.7677,0.7455,0.5496,0.647,0.4561,0.5057,0.6064,0.5195
0801908099,0.5791,0.7195,0.694,0.6524,0.7955,0.728,0.5512,0.694,0.4439,0.5189,0.6333,0.5311
0801908100,0.5461,0.7486,0.7154,0.6363,0.7918,0.7671,0.6065,0.68,0.405,0.4905,0.5903,0.5233
0801908101,0.5846,0.7585,0.7456,0.6618,0.8192,0.7694,0.6184,0.7269,0.4585,0.5624,0.6488,0.5701
0801908102,0.5741,0.7126,0.6648,0.5996,0.7139,0.6685,0.5042,0.6117,0.3375,0.4681,0.5648,0.467
0801908103,0.4195,0.5571,0.5304,0.5005,0.6338,0.5612,0.3778,0.4957,0.3093,0.3536,0.4601,0.3605
0801908104,0.4453,0.5925,0.5801,0.496,0.6461,0.7338,0.4249,0.5388,0.322,0.4282,0.54,0.4494
0801908105,0.5009,0.6595,0.6516,0.5862,0.6829,0.5251,0.4801,0.599,0.4154,0.4815,0.5702,0.4433
0801908106,0.4631,0.6123,0.5863,0.5583,0.7024,0.6639,0.4831,0.5884,0.3862,0.425,0.5184,0.421
0801908107,0.423,0.5754,0.5435,0.5061,0.6777,0.6388,0.3971,0.5372,0.3179,0.3724,0.4971,0.3923
0801908108,0.4384,0.595,0.5678,0.5519,0.6804,0.6264,0.4607,0.5717,0.3651,0.4247,0.5543,0.4339
0801908109,0.3397,0.5782,0.5203,0.428,0.6652,0.5722,0.3953,0.5077,0.3243,0.385,0.4466,0.3587
0801908110,0.4015,0.5605,0.5434,0.4907,0.6022,0.5633,0.3778,0.4976,0.2939,0.3558,0.4608,0.3346
0801908111,0.4846,0.639,0.6323,0.573,0.6569,0.622,0.4606,0.585,0.3488,0.4125,0.5215,0.3831
0801908112,0.4852,0.6471,0.6405,0.5953,0.7108,0.6471,0.4936,0.6138,0.398,0.462,0.5357,0.4518
0801908113,0.5005,0.6384,0.6415,0.5982,0.6979,0.6734,0.4942,0.6102,0.3756,0.4075,0.541,0.4038
0801908114,0.4873,0.6641,0.6476,0.5536,0.721,0.6326,0.4722,0.5909,0.364,0.4058,0.5065,0.4263
0801908115,0.5594,0.6723,0.6804,0.6082,0.7181,0.6863,0.5457,0.6262,0.4091,0.4341,0.5324,0.4546
0801908116,0.4721,0.6033,0.5859,0.5231,0.667,0.6156,0.4539,0.5697,0.3366,0.4,0.538,0.3977
0801908215,0.5787,0.7405,0.7268,0.6698,0.7943,0.7599,0.629,0.7211,0.5019,0.5641,0.6687,0.604
0801909001,0.4291,0.6014,0.5733,0.4869,0.6319,0.5819,0.4386,0.5415,0.3471,0.3427,0.4683,0.3596
0801909002,0.4682,0.6347,0.6197,0.5766,0.6852,0.6634,0.4595,0.6062,0.3771,0.4156,0.5278,0.4243
0801909003,0.4833,0.6362,0.6159,0.5751,0.6956,0.6379,0.4571,0.5852,0.3497,0.4075,0.4939,0.4081
0801909004,0.5233,0.6679,0.6616,0.593,0.7355,0.6969,0.5182,0.6368,0.4091,0.4813,0.582,0.5085
0801909005,0.5773,0.7636,0.7259,0.6489,0.8067,0.7774,0.6104,0.7179,0.5178,0.5752,0.6509,0.5727
0801909006,0.3967,0.6029,0.5705,0.4777,0.682,0.6225,0.4329,0.5546,0.3702,0.4267,0.5254,0.4149
0801909007,0.4757,0.627,0.6073,0.5436,0.6964,0.6316,0.4679,0.5708,0.387,0.4206,0.5478,0.4583
0801909008,0.6851,0.8804,0.8245,0.7733,0.9116,0.8959,0.7831,0.8352,0.706,0.6754,0.7565,0.6982
0801909009,0.5611,0.7519,0.6942,0.6425,0.7815,0.7524,0.6491,0.71,0.4883,0.5602,0.6742,0.6
0801909010,0.5746,0.7687,0.7192,0.6612,0.8047,0.7674,0.6317,0.7088,0.4648,0.5905,0.681,0.5688
0801909011,0.4631,0.6509,0.5816,0.5546,0.6931,0.6648,0.4964,0.61,0.3734,0.4511,0.5658,0.4452
0801909013,0.4647,0.6206,0.601,0.5393,0.6798,0.6404,0.4724,0.5706,0.3601,0.4342,0.542,0.4319
0801909014,0.4576,0.5997,0.5887,0.5382,0.6498,0.5847,0.449,0.548,0.3003,0.3925,0.4724,0.359
0801909015,0.5226,0.712,0.6902,0.6372,0.773,0.7255,0.5542,0.6784,0.4103,0.4983,0.6033,0.475
0801909016,0.6774,0.837,0.7854,0.7453,0.8817,0.8267,0.7412,0.8009,0.6083,0.6533,0.7338,0.6832
0801909017,0.6007,0.8061,0.7288,0.698,0.8291,0.7981,0.6512,0.7401,0.5493,0.5877,0.6678,0.6304
0801909018,0.6419,0.8022,0.7481,0.6939,0.781,0.8054,0.6847,0.7551,0.5338,0.5941,0.713,0.6158
0801909019,0.6727,0.8403,0.8021,0.7583,0.8715,0.8517,0.7319,0.8098,0.6107,0.6735,0.7646,0.6973
0801909020,0.7041,0.8527,0.7797,0.7403,0.8738,0.8508,0.7672,0.7925,0.634,0.6428,0.7124,0.6517
0801909021,0.6742,0.853,0.7599,0.7041,0.8663,0.8045,0.7185,0.7736,0.6155,0.6573,0.7276,0.6753
0801909022,0.6786,0.845,0.7918,0.7137,0.8816,0.8714,0.7709,0.8054,0.6498,0.6375,0.7005,0.6716
0801909023,0.727,0.8562,0.7973,0.7513,0.8898,0.8586,0.7662,0.8201,0.7068,0.7146,0.7668,0.7347
0801909024,0.6761,0.8229,0.7624,0.7327,0.8611,0.8383,0.7621,0.8061,0.6554,0.6772,0.7397,0.7039
0801909025,0.6322,0.7982,0.7405,0.6874,0.8594,0.8545,0.7597,0.8033,0.6374,0.6649,0.7425,0.6835
0801909026,0.655,0.8122,0.7718,0.7334,0.8725,0.8303,0.7239,0.7994,0.6218,0.6653,0.7545,0.6641
0801909027,0.6549,0.8279,0.7806,0.7304,0.8657,0.8347,0.7051,0.8037,0.6041,0.6714,0.7448,0.7062
0801909028,0.6884,0.8741,0.8179,0.7696,0.9236,0.8869,0.7819,0.8656,0.6957,0.7422,0.8079,0.7559
0801909029,0.641,0.8317,0.78,0.7346,0.8539,0.8473,0.7058,0.7998,0.5183,0.6335,0.7301,0.6705
0801909030,0.66,0.824,0.7801,0.7284,0.8818,0.8386,0.7023,0.7763,0.6359,0.6543,0.7384,0.6573
0801909031,0.6833,0.845,0.8115,0.7829,0.8998,0.8698,0.744,0.8113,0.6533,0.6678,0.731,0.7129
0801909032,0.5542,0.7309,0.6961,0.6404,0.8021,0.7647,0.62,0.7083,0.5037,0.5563,0.6474,0.5798
0801909033,0.5921,0.7783,0.7552,0.6887,0.84,0.805,0.639,0.7415,0.5245,0.5887,0.6777,0.592
0801909034,0.6314,0.8124,0.773,0.7145,0.812,0.7877,0.6546,0.7449,0.5267,0.544,0.6654,0.6016
0801909035,0.6039,0.7851,0.7558,0.7107,0.8234,0.8017,0.6661,0.7884,0.5598,0.5808,0.675,0.6272
0801909036,0.6709,0.8195,0.8123,0.7399,0.8285,0.8292,0.7229,0.7838,0.5946,0.6319,0.7181,0.6601
0801909037,0.6002,0.7539,0.7199,0.658,0.8121,0.7687,0.6271,0.7288,0.529,0.58,0.6783,0.6269
0801909038,0.6746,0.8284,0.7686,0.7363,0.8808,0.8323,0.7334,0.8082,0.5925,0.6616,0.7397,0.6915
0801909039,0.6154,0.8101,0.7709,0.7003,0.8593,0.8171,0.682,0.773,0.522,0.618,0.7013,0.6369
0801909040,0.6078,0.7796,0.7202,0.6953,0.8216,0.816,0.7119,0.7817,0.5791,0.6215,0.6854,0.6313
0801909041,0.655,0.8248,0.7464,0.7258,0.8722,0.8234,0.7051,0.7835,0.6042,0.6048,0.7195,0.6389
0801909042,0.6545,0.7914,0.75,0.714,0.8366,0.8047,0.7068,0.7618,0.6002,0.6103,0.6905,0.6436
0801909043,0.6099,0.8078,0.7522,0.6718,0.8288,0.7926,0.6506,0.7391,0.5241,0.5843,0.6727,0.6121
0801909044,0.6712,0.8205,0.7665,0.7279,0.857,0.8048,0.7096,0.7774,0.6578,0.6582,0.7218,0.6894
0801909045,0.6152,0.8107,0.7396,0.6819,0.86,0.8083,0.6637,0.7704,0.5615,0.5913,0.6958,0.6384
0801909046,0.6746,0.8168,0.7676,0.7354,0.8708,0.8295,0.7166,0.799,0.6641,0.6925,0.748,0.6673
0801909047,0.6578,0.8137,0.7476,0.6895,0.8343,0.7972,0.7097,0.7642,0.6226,0.662,0.7204,0.6496
0801909048,0.6704,0.8316,0.7601,0.7229,0.8454,0.8222,0.6955,0.7765,0.6281,0.6015,0.7233,0.6245
0801909049,0.6049,0.7955,0.7269,0.6781,0.8273,0.7908,0.6632,0.7382,0.5833,0.6046,0.6871,0.6292
0801909050,0.6876,0.8176,0.7802,0.7458,0.8689,0.8371,0.7257,0.8051,0.6678,0.6649,0.7253,0.6944
0801909051,0.6383,0.7817,0.7396,0.7063,0.8386,0.8199,0.695,0.7458,0.5926,0.6225,0.7023,0.6211
0801909052,0.6581,0.8226,0.7927,0.7564,0.857,0.8289,0.7338,0.7851,0.6211,0.6564,0.7443,0.6757
0801909053,0.6776,0.8306,0.7695,0.7418,0.872,0.8426,0.728,0.8208,0.6196,0.6613,0.7355,0.6947
0801909054,0.6434,0.7963,0.7448,0.7033,0.8195,0.8086,0.6883,0.7594,0.5958,0.6571,0.6999,0.6667
0801909055,0.5821,0.7731,0.7036,0.6542,0.8084,0.7691,0.634,0.7154,0.5496,0.5245,0.635,0.5417
0801909056,0.6389,0.785,0.7745,0.7368,0.8597,0.8066,0.7001,0.7895,0.5763,0.6295,0.7219,0.67
0801909057,0.6167,0.7822,0.7216,0.697,0.8189,0.7844,0.6537,0.7163,0.5265,0.5717,0.6706,0.5971
0801909058,0.6611,0.8129,0.7534,0.7111,0.8447,0.8303,0.6936,0.7873,0.594,0.6503,0.7136,0.6513
0801909059,0.649,0.8071,0.7657,0.7077,0.847,0.812,0.6942,0.7769,0.5492,0.6086,0.6686,0.625
0801909060,0.6299,0.8052,0.755,0.7238,0.8577,0.8256,0.7011,0.7553,0.5321,0.6002,0.6752,0.6194
0801909061,0.6516,0.8192,0.7637,0.7186,0.8328,0.8266,0.6975,0.7762,0.6465,0.6661,0.7123,0.6801
0801909062,0.6054,0.7663,0.7603,0.6874,0.8337,0.7968,0.6579,0.7708,0.5243,0.6442,0.7243,0.6741
0801909063,0.6626,0.8159,0.785,0.7242,0.8826,0.8433,0.7211,0.7982,0.5789,0.6227,0.7054,0.6502
0801909064,0.6794,0.7923,0.791,0.7292,0.8531,0.8267,0.734,0.7977,0.6688,0.6648,0.7466,0.7075
0801909065,0.665,0.8182,0.7834,0.7247,0.8437,0.8286,0.7059,0.7942,0.6036,0.6405,0.7151,0.649
0801909066,0.6579,0.8152,0.8053,0.7226,0.8497,0.8284,0.728,0.7693,0.5917,0.6374,0.6967,0.6782
0801909067,0.6389,0.7945,0.7392,0.7087,0.8205,0.7989,0.6764,0.7394,0.4991,0.5637,0.656,0.5701
0801909068,0.6479,0.8296,0.787,0.7294,0.8777,0.8319,0.7098,0.7942,0.6038,0.6825,0.7338,0.6848
0801909069,0.5995,0.7824,0.7434,0.6878,0.8333,0.7856,0.6789,0.7273,0.5483,0.6132,0.6966,0.6087
0801909070,0.5427,0.7168,0.7144,0.6519,0.7882,0.7477,0.5967,0.7012,0.4211,0.5344,0.614,0.5665
0801909071,0.6044,0.7653,0.7428,0.6815,0.8284,0.7866,0.6522,0.7286,0.5598,0.591,0.6695,0.6185
0801909072,0.5461,0.7068,0.6718,0.5942,0.7614,0.7342,0.5632,0.6954,0.4757,0.5295,0.6162,0.5305
0801909073,0.6757,0.8285,0.8154,0.757,0.8758,0.7573,0.7168,0.8015,0.6303,0.6395,0.7257,0.6581
0801909074,0.6324,0.789,0.7117,0.6653,0.8244,0.7951,0.6802,0.7381,0.5918,0.6242,0.6891,0.6209
0801909075,0.6261,0.7759,0.7324,0.6932,0.8315,0.785,0.6802,0.7716,0.5915,0.6037,0.6997,0.6381
0801909076,0.5939,0.7616,0.7052,0.6726,0.7836,0.7696,0.6416,0.7087,0.5437,0.5964,0.6769,0.6347
0801909077,0.6357,0.7797,0.743,0.6822,0.8182,0.7911,0.6689,0.7433,0.6087,0.6327,0.6999,0.633
0801909078,0.6351,0.8011,0.7476,0.6942,0.8211,0.7898,0.6748,0.7455,0.5906,0.6469,0.7021,0.6584
0801909079,0.6468,0.8077,0.7471,0.725,0.8472,0.8271,0.6962,0.7738,0.6227,0.6407,0.7139,0.6573
0801909080,0.6305,0.7984,0.7483,0.6983,0.8371,0.7749,0.6696,0.741,0.5776,0.5988,0.6957,0.6339
0801909081,0.569,0.7584,0.7181,0.6955,0.8135,0.7907,0.6559,0.741,0.5475,0.5729,0.6845,0.5941
0801909082,0.593,0.7472,0.7064,0.6797,0.8312,0.7758,0.6334,0.734,0.5631,0.5947,0.6546,0.5947
0801909083,0.6239,0.7847,0.7156,0.6744,0.8195,0.8031,0.6861,0.7533,0.5965,0.598,0.6698,0.617
0801909084,0.6458,0.7987,0.7681,0.7215,0.8425,0.838,0.7224,0.7797,0.6251,0.6605,0.7069,0.6623
0801909085,0.6228,0.7735,0.7265,0.6921,0.8345,0.8142,0.6869,0.7496,0.534,0.6314,0.7191,0.6293
0801909086,0.6346,0.7681,0.734,0.6845,0.8054,0.7689,0.6515,0.7404,0.5158,0.5865,0.669,0.5952
0801909087,0.6813,0.8561,0.8062,0.7455,0.8863,0.8624,0.754,0.8185,0.5746,0.6597,0.7503,0.667
0801909088,0.6432,0.7886,0.7523,0.7003,0.8397,0.7853,0.6683,0.7487,0.5803,0.6558,0.6948,0.6401
0801909089,0.6895,0.7895,0.7649,0.7021,0.8396,0.8285,0.7098,0.7674,0.6152,0.6313,0.6859,0.6241
0801909090,0.6092,0.7786,0.726,0.6817,0.8206,0.7854,0.6721,0.71,0.5634,0.6078,0.6988,0.6371
0801909091,0.6342,0.7858,0.7679,0.7132,0.8547,0.8257,0.7109,0.7805,0.5908,0.6288,0.7191,0.6277
0801909092,0.6372,0.7967,0.7369,0.6851,0.8558,0.8135,0.6642,0.7626,0.5695,0.6206,0.7245,0.6529
0801909093,0.6438,0.8813,0.7691,0.7207,0.8454,0.8247,0.6754,0.7561,0.5586,0.6122,0.686,0.592
0801909094,0.6061,0.7906,0.7443,0.707,0.8316,0.812,0.6958,0.7586,0.5674,0.6465,0.7251,0.6367
0801909095,0.6299,0.8017,0.7377,0.6919,0.8359,0.81,0.6965,0.7782,0.5648,0.6516,0.7314,0.6645
0801909156,0.6229,0.799,0.744,0.6955,0.8259,0.8243,0.6834,0.7561,0.5794,0.5996,0.7109,0.6216
0801910001,0.5676,0.7082,0.6415,0.6419,0.7543,0.7446,0.6374,0.7219,0.5467,0.5599,0.642,0.5595
0801910002,0.6,0.781,0.6854,0.6458,0.8263,0.7844,0.6569,0.7373,0.5518,0.5868,0.6515,0.607
0801910003,0.6219,0.7825,0.7343,0.7061,0.8419,0.8314,0.7092,0.7879,0.6736,0.6089,0.6897,0.6426
0801910004,0.6632,0.8217,0.7828,0.7126,0.8556,0.8385,0.7318,0.7998,0.6148,0.6374,0.7143,0.6774
0801910005,0.6417,0.7903,0.7552,0.7129,0.8551,0.801,0.6743,0.7586,0.6076,0.6369,0.6884,0.639
0801910006,0.6065,0.7782,0.6946,0.6747,0.8305,0.7829,0.6581,0.7586,0.5839,0.6164,0.7013,0.6439
0801910007,0.6842,0.8546,0.7955,0.7757,0.8775,0.888,0.78,0.8357,0.6873,0.6949,0.7766,0.7161
0801910008,0.6145,0.7876,0.7308,0.6834,0.8131,0.7756,0.6766,0.754,0.576,0.6224,0.7011,0.6172
0801910009,0.6393,0.7982,0.7456,0.6829,0.8199,0.7965,0.6988,0.7463,0.5867,0.5875,0.6453,0.6111
0801910010,0.5865,0.7561,0.7179,0.6683,0.8107,0.7883,0.6598,0.7158,0.5373,0.5834,0.6616,0.5804
0801910011,0.6242,0.7858,0.7268,0.6656,0.8279,0.7943,0.6924,0.7386,0.5583,0.6091,0.6682,0.6406
0801910012,0.6581,0.8115,0.752,0.7102,0.8624,0.832,0.7274,0.7926,0.639,0.6536,0.7229,0.6881
0801910013,0.6453,0.7669,0.7233,0.6833,0.8174,0.796,0.6939,0.7453,0.6106,0.6516,0.7219,0.6536
0801910014,0.5965,0.7181,0.6824,0.6486,0.8034,0.7887,0.6779,0.7285,0.5605,0.6211,0.6684,0.6253
0801910015,0.6428,0.7691,0.7325,0.677,0.8233,0.8,0.6808,0.7553,0.5906,0.6366,0.6813,0.6218
0801910016,0.6387,0.8083,0.7482,0.6885,0.8524,0.807,0.7058,0.7901,0.6404,0.6818,0.7044,0.6687
0801910017,0.6262,0.7794,0.7297,0.6734,0.8089,0.8137,0.6782,0.7509,0.5772,0.6491,0.6993,0.6473
0801910018,0.6107,0.7477,0.7289,0.6783,0.8198,0.7996,0.6691,0.7511,0.5966,0.5922,0.6655,0.5873
0801910019,0.6549,0.7913,0.7569,0.6907,0.8478,0.8054,0.7116,0.7849,0.6015,0.6537,0.7276,0.6505
0801910020,0.6063,0.7622,0.7273,0.6847,0.8256,0.7886,0.6749,0.7495,0.5547,0.6374,0.6938,0.657
0801910021,0.6147,0.7516,0.7296,0.6872,0.8185,0.7749,0.6574,0.7407,0.5773,0.6106,0.7083,0.6221
0801910022,0.628,0.7936,0.7541,0.7197,0.8345,0.8146,0.6975,0.7726,0.5927,0.6351,0.7,0.6505
0801910023,0.6045,0.7787,0.6891,0.6933,0.8204,0.7887,0.671,0.7315,0.5815,0.6134,0.6838,0.6273
0801910024,0.6545,0.7964,0.7393,0.7021,0.8332,0.7897,0.69,0.7755,0.6288,0.6286,0.6993,0.6492
0801910025,0.6089,0.7688,0.7166,0.6586,0.8031,0.7798,0.6319,0.7159,0.5341,0.6056,0.6954,0.636
0801910026,0.596,0.7747,0.7332,0.6481,0.8306,0.7968,0.6836,0.7732,0.6158,0.6351,0.7267,0.6396
0801910027,0.6378,0.8034,0.7317,0.7011,0.8407,0.8268,0.7002,0.7818,0.6091,0.6291,0.7536,0.6492
0801910028,0.6207,0.787,0.7563,0.6841,0.8355,0.8086,0.7069,0.7654,0.5961,0.6249,0.694,0.6485
0801910029,0.6346,0.8073,0.7384,0.7006,0.804,0.8061,0.6881,0.7357,0.5751,0.6449,0.7157,0.6419
0801910030,0.6541,0.8007,0.7689,0.7275,0.8706,0.8331,0.7015,0.7719,0.6053,0.623,0.7073,0.6619
0801910031,0.6165,0.7751,0.7267,0.6855,0.8418,0.7993,0.6563,0.7432,0.5603,0.6205,0.6816,0.6146
0801910032,0.6562,0.8247,0.7859,0.7483,0.8862,0.8607,0.7439,0.8052,0.6253,0.6471,0.7368,0.6649
0801910033,0.7025,0.8545,0.8032,0.7896,0.887,0.8357,0.7215,0.7992,0.6455,0.7124,0.748,0.7154
0801910034,0.6283,0.7985,0.7728,0.7062,0.8471,0.8166,0.6727,0.7648,0.5254,0.5916,0.6957,0.6456
0801910035,0.6124,0.8289,0.7728,0.7097,0.8816,0.8485,0.7073,0.7923,0.6101,0.6836,0.7392,0.7156
0801910036,0.6717,0.8285,0.7781,0.75,0.8831,0.869,0.7534,0.8257,0.7026,0.7236,0.7842,0.7175
0801910037,0.5707,0.6843,0.6882,0.6436,0.7738,0.718,0.5804,0.6657,0.5147,0.553,0.631,0.5802
0801910038,0.6043,0.7746,0.7196,0.6844,0.8183,0.8096,0.7123,0.764,0.6099,0.6327,0.6975,0.6547
0801910039,0.6102,0.7687,0.7058,0.6395,0.8016,0.7742,0.6456,0.7204,0.5917,0.6351,0.6909,0.6105
0801910040,0.5932,0.7447,0.7007,0.6416,0.8084,0.7821,0.6379,0.7178,0.5739,0.6026,0.6871,0.5935
0801910041,0.5958,0.7753,0.7081,0.6616,0.8165,0.7955,0.6758,0.7466,0.5726,0.6128,0.6754,0.6282
0801910042,0.5752,0.7418,0.6821,0.6347,0.7986,0.7591,0.6289,0.7105,0.5352,0.6047,0.656,0.5885
0801910043,0.5455,0.6861,0.6695,0.631,0.7591,0.7566,0.6335,0.6848,0.5451,0.5812,0.6572,0.5846
0801910044,0.5899,0.805,0.7398,0.6769,0.8155,0.7675,0.6596,0.7458,0.5714,0.6237,0.685,0.6233
0801910045,0.6508,0.8026,0.775,0.7124,0.8512,0.8219,0.7289,0.7791,0.6912,0.6557,0.6926,0.6796
0801910046,0.6466,0.8096,0.7421,0.7116,0.849,0.808,0.7043,0.7852,0.6331,0.6457,0.6885,0.6573
0801910047,0.6617,0.7967,0.7556,0.7038,0.8599,0.8235,0.7266,0.7846,0.6382,0.672,0.7226,0.6717
0801910048,0.6239,0.7826,0.7444,0.7084,0.8537,0.8015,0.6837,0.7655,0.6101,0.6506,0.7179,0.6353
0801910049,0.6785,0.8226,0.771,0.713,0.8651,0.8104,0.7031,0.7639,0.6051,0.6486,0.6948,0.6491
0801910050,0.6539,0.8087,0.7857,0.7452,0.8725,0.847,0.7466,0.8136,0.641,0.6577,0.713,0.667
0801910051,0.6884,0.8239,0.792,0.7549,0.8775,0.8369,0.7473,0.8154,0.6613,0.6734,0.7356,0.6953
0801910052,0.7119,0.8561,0.8118,0.7595,0.8779,0.8633,0.767,0.8182,0.7377,0.7281,0.7747,0.7317
0801910053,0.7531,0.8707,0.8269,0.7854,0.9098,0.8651,0.7991,0.8612,0.7912,0.7606,0.7907,0.7805
0801910054,0.6532,0.8202,0.7658,0.7453,0.8781,0.8295,0.7422,0.7757,0.7063,0.7101,0.7508,0.702
0801910055,0.7018,0.8657,0.8282,0.7866,0.9085,0.8717,0.7831,0.8341,0.7538,0.7256,0.7628,0.7207
0801910056,0.4767,0.6412,0.6079,0.5765,0.7283,0.7236,0.5922,0.6742,0.5431,0.5687,0.654,0.5434
0801910057,0.5606,0.7402,0.6464,0.6078,0.7763,0.7659,0.6471,0.7126,0.5372,0.5535,0.6516,0.5839
0801910058,0.598,0.7436,0.6684,0.6705,0.8075,0.7578,0.6762,0.6992,0.5211,0.5756,0.6657,0.5835
0801910059,0.5803,0.7473,0.7069,0.6699,0.7873,0.7425,0.6145,0.7115,0.575,0.5875,0.6562,0.6094
0801910060,0.6168,0.7761,0.7261,0.6912,0.8328,0.8002,0.6683,0.7401,0.5973,0.614,0.6785,0.6195
0801910061,0.6923,0.8417,0.7851,0.7363,0.8733,0.8478,0.7511,0.7958,0.66,0.7006,0.7379,0.7094
0801910062,0.6716,0.8436,0.7914,0.7466,0.8772,0.8559,0.7498,0.8163,0.6723,0.6544,0.7408,0.6877
0801910063,0.6409,0.761,0.7144,0.6816,0.8011,0.7691,0.6878,0.76,0.5867,0.613,0.6897,0.6295
0801910064,0.6036,0.7858,0.7152,0.6816,0.8186,0.7809,0.6728,0.7518,0.5898,0.6327,0.6816,0.6411
0801910065,0.6448,0.7884,0.7357,0.7011,0.846,0.8349,0.7404,0.8069,0.6381,0.6372,0.7211,0.6853
0801910066,0.6305,0.8119,0.7369,0.692,0.8579,0.82,0.7173,0.7706,0.6076,0.6462,0.6968,0.6706
0801910067,0.6689,0.8477,0.7963,0.7358,0.8719,0.8583,0.7794,0.8257,0.6883,0.7153,0.7625,0.7295
0801910068,0.6383,0.8234,0.754,0.708,0.8688,0.828,0.7454,0.7807,0.6673,0.6765,0.7274,0.6872
0801910069,0.6244,0.7717,0.7212,0.682,0.831,0.8021,0.6814,0.7689,0.6551,0.6717,0.7313,0.6706
0801910070,0.6318,0.7777,0.7524,0.6942,0.8343,0.8098,0.6974,0.7642,0.589,0.6047,0.6824,0.6288
0801910071,0.6574,0.8269,0.7812,0.7415,0.863,0.8353,0.739,0.7997,0.66,0.6757,0.7402,0.7145
0801910072,0.6007,0.7702,0.7048,0.676,0.8153,0.8093,0.6639,0.7535,0.5945,0.6014,0.6904,0.6314
0801910073,0.6138,0.7701,0.7179,0.68,0.845,0.8189,0.7059,0.7625,0.5933,0.6187,0.708,0.6314
0801910074,0.615,0.7615,0.7356,0.6559,0.8129,0.7969,0.669,0.763,0.5729,0.6121,0.686,0.5985
0801910075,0.609,0.7781,0.7245,0.6966,0.8221,0.8606,0.6632,0.7536,0.5728,0.6,0.7042,0.6366
0801910076,0.6351,0.8248,0.7583,0.7342,0.8556,0.8323,0.7359,0.7963,0.629,0.649,0.7288,0.656
0801910077,0.6655,0.8519,0.8002,0.7548,0.9109,0.8793,0.7831,0.8519,0.747,0.7299,0.7713,0.7289
0801910078,0.6854,0.8786,0.8043,0.7449,0.9025,0.8795,0.7819,0.833,0.7395,0.7169,0.7591,0.7328
0801910079,0.6397,0.7944,0.7496,0.7165,0.8504,0.8299,0.7004,0.7777,0.6447,0.6571,0.7247,0.6927
0801910080,0.5504,0.7889,0.7009,0.6878,0.8348,0.8162,0.7152,0.7563,0.6581,0.6657,0.7105,0.6699
0801910081,0.4988,0.6438,0.6382,0.604,0.7282,0.6628,0.5211,0.5964,0.4052,0.5164,0.5616,0.5093
0801910082,0.3568,0.5268,0.5051,0.4595,0.5972,0.5408,0.3594,0.4657,0.2678,0.3208,0.4444,0.3128
0801910083,0.3839,0.4973,0.5181,0.4757,0.6233,0.5692,0.4259,0.5047,0.3183,0.3774,0.4448,0.3596
0801910084,0.4932,0.6294,0.6366,0.5921,0.7033,0.6794,0.4972,0.604,0.3559,0.4433,0.5626,0.4635
0801910085,0.4779,0.6216,0.5865,0.5335,0.6679,0.6431,0.4967,0.5868,0.4087,0.4469,0.5396,0.4726
0801910086,0.5029,0.677,0.6612,0.6025,0.7043,0.671,0.5129,0.6133,0.3862,0.4535,0.5501,0.4538
0801910087,0.4539,0.6309,0.5991,0.5793,0.6948,0.6258,0.4607,0.5953,0.3559,0.4538,0.528,0.4313
0801910088,0.552,0.7594,0.7339,0.6693,0.8465,0.7788,0.6315,0.7287,0.4988,0.5203,0.6544,0.5561
0801910089,0.4307,0.5918,0.5498,,0.6025,0.5226,0.4092,0.4795,0.2998,0.2856,0.3932,0.2846
0801910090,0.5122,0.7279,0.6767,0.6165,0.756,0.6884,0.5174,0.6498,0.4002,0.4898,0.4914,0.4495
0801910091,0.5604,0.7175,0.6999,0.6226,0.7986,0.7601,0.5812,0.6896,0.4381,0.5273,0.682,0.5617
0801910092,0.6352,0.81,0.7712,0.7147,0.8505,0.8116,0.6642,0.7456,0.5481,0.6009,0.6895,0.6183
0801910093,0.6738,0.8328,0.797,0.7405,0.8606,0.8188,0.6982,0.7669,0.5455,0.6434,0.7428,0.6591
0801910094,0.5596,0.7234,0.677,0.6396,0.8035,0.7722,0.625,0.7254,0.5408,0.5625,0.6694,0.5729
0801910095,0.5075,0.6565,0.613,0.5521,0.7526,0.7262,0.584,0.6697,0.4191,0.4669,0.599,0.4964
0801910096,0.6601,0.8277,0.7557,0.7044,0.8451,0.8106,0.7068,0.7717,0.6325,0.6467,0.6946,0.651
0801910097,0.6308,0.811,0.7509,0.7102,0.8301,0.7831,0.6632,0.731,0.6209,0.6176,0.7051,0.654
0801910098,0.6558,0.8247,0.8041,0.7266,0.8707,0.8318,0.7024,0.797,0.6157,0.6575,0.7407,0.6619
0801910099,0.4874,0.6771,0.6229,0.5793,0.7347,0.6895,0.5182,0.6343,0.4588,0.4764,0.5615,0.4624
0801910100,0.6186,0.7696,0.7465,0.6943,0.811,0.8091,0.669,0.7445,0.5541,0.5784,0.6578,0.5963
0801910101,0.5176,0.7309,0.6699,0.6464,0.77,0.7702,0.6253,0.6952,0.5031,0.5397,0.6501,0.5393
0801910102,0.5943,0.7834,0.7426,0.6899,0.8142,0.7865,0.6484,0.7182,0.5206,0.583,0.6604,0.5821
0801910103,0.6399,0.8115,0.761,0.7013,0.8635,0.836,0.704,0.784,0.609,0.6282,0.7099,0.6338
0801910104,0.6697,0.8646,0.8266,0.78,0.9071,0.8759,0.7464,0.8429,0.6621,,0.7866,0.7194
0801910105,0.6375,0.7956,0.7658,0.7118,0.8618,0.8313,0.6895,0.7685,0.5457,0.6199,0.7199,0.634
0801910106,0.636,0.7878,0.7757,0.7101,0.8611,0.8441,0.7216,0.7967,0.564,0.6343,0.7203,0.6517
0801910107,0.5812,0.8212,0.7747,0.7372,0.8583,0.8284,0.7073,0.8065,0.6065,0.66,0.739,0.6753
0801910108,0.6125,0.7882,0.759,0.7193,0.8514,0.7919,0.6175,0.7394,0.4589,0.6149,0.7002,0.623
0801910109,0.6181,0.7782,0.7546,0.6841,0.8269,0.7792,0.6388,0.7366,0.4711,0.5879,0.6841,0.5852
0801910110,0.6006,0.7755,0.7399,0.6699,0.8177,0.7894,0.6443,0.7411,0.5372,0.5805,0.663,0.5842
0801910111,0.6353,0.7919,0.752,0.7398,0.8634,0.8279,0.6837,0.7645,0.5823,0.5952,0.6926,0.6294
0801910112,0.6729,0.8609,0.8128,0.7835,0.9171,0.8907,0.7725,0.8533,0.6672,0.6692,0.7494,0.7014
0801910113,0.6092,0.7839,0.7506,0.7,0.8287,0.7735,0.6563,0.7287,0.5616,0.5918,0.6871,0.6107
0801910114,0.5645,0.7265,0.6841,0.6541,0.7847,0.7662,0.6096,0.7095,0.451,0.5579,0.6778,0.5412
0801910115,0.5559,0.6913,0.667,0.6347,0.7459,0.752,0.5984,0.7086,0.4631,0.5745,0.6462,0.5988
0801910116,0.5669,0.7198,0.7167,0.6586,0.8133,0.7661,0.608,0.6767,0.4761,0.5775,0.6415,0.5858
0801910117,0.6074,0.7809,0.7417,0.6894,0.8356,0.7921,0.6412,0.7353,0.5208,0.5728,0.6624,0.5888
0801910118,0.6748,0.8327,0.7761,0.7646,0.8888,0.8396,0.7416,0.7764,0.5959,0.6637,0.7233,0.6723
0801910119,0.5769,0.7585,0.7117,0.6797,0.7918,0.7523,0.5719,0.7028,0.4851,0.5354,0.619,0.5592
0801910120,0.6033,0.7361,0.7017,0.6524,0.7807,0.7728,0.6223,0.7283,0.504,0.5592,0.6653,0.5737
0801910121,0.5608,0.7244,0.6817,0.651,0.791,0.7478,0.6198,0.6936,0.5096,0.5693,0.6654,0.6105
0801910122,0.706,0.8658,0.8229,0.7673,0.8834,0.8499,0.7535,0.8263,0.6518,0.6814,0.7756,0.6963
0801910123,0.5783,0.7998,0.7568,0.7049,0.8501,0.8048,0.6683,0.7714,0.5492,0.6411,0.723,0.6429
0801910124,0.5853,0.789,0.7677,0.6844,0.852,0.7986,0.6647,0.7562,0.5535,0.5947,0.7016,0.5973
0801910125,0.6445,0.7664,0.7662,0.7078,0.8236,0.7826,0.652,0.7251,0.5066,0.6081,0.6752,0.6435
0801910126,0.6247,0.8253,0.7652,0.7358,0.8597,0.815,0.6764,0.7907,0.5797,0.6497,0.7087,0.6328
0801910127,0.6113,0.7857,0.7742,0.7158,0.8696,0.828,0.6579,0.7677,0.5679,0.6281,0.6975,0.671
0801910128,0.6679,0.8432,0.8074,0.745,0.8729,0.8331,0.6967,0.7998,0.6038,0.6694,0.7407,0.6969
0801910129,0.669,0.8579,0.7944,0.7816,0.9016,0.8617,0.7497,0.8411,0.6407,0.6866,0.7681,0.6765
0801910130,0.5782,0.7508,0.7345,0.706,0.8133,0.7749,0.6352,0.724,0.511,0.5732,0.6964,0.5759
0801910131,0.624,0.8151,0.7753,0.7252,0.8683,0.8193,0.6783,0.7771,0.5948,0.6438,0.6824,0.6493
0801910132,0.6064,0.8028,0.7669,0.7078,0.8644,0.7903,0.6486,0.7534,0.6017,0.6122,0.6764,0.604
0801910133,0.598,0.7837,0.7736,0.7282,0.8457,0.8003,0.6664,0.7504,0.5256,0.5948,0.6738,0.5843
0801910134,0.6217,0.7452,0.734,0.6921,0.8285,0.8129,0.6701,0.7361,0.5316,0.6078,0.6561,0.5925
0801910135,0.5404,0.7292,0.7412,0.6685,0.8191,0.7603,0.6131,0.7157,0.5511,0.5973,0.6644,0.5938
0801910136,0.6098,0.7825,0.7562,0.7184,0.8117,0.7806,0.6446,0.7236,0.4952,0.5863,0.6825,0.5909
0801910137,0.5355,0.6675,0.6661,0.6056,0.7636,0.6941,0.576,0.6947,0.4721,0.5155,0.6042,0.5343
0801910138,0.4468,0.6487,0.6088,0.5312,0.6888,0.6508,0.4475,0.5766,0.3861,0.4705,0.5543,0.4442
0801910139,0.5338,0.7287,0.7012,0.6597,0.7909,0.7411,0.5664,0.5979,0.4282,0.4731,0.5775,0.4757
0801910140,0.542,0.7,0.6751,0.625,0.7757,0.7113,0.5566,0.6612,0.4313,0.5055,0.637,0.4935
0801910141,0.5208,0.7146,0.6717,0.6033,0.7761,0.7347,0.5659,0.6581,0.4055,0.4964,0.5976,0.5226
0801910142,0.5105,0.6992,0.6509,0.5962,0.7589,0.7234,0.5614,0.6453,0.3933,0.479,0.6011,0.48
0801910143,0.5244,0.697,0.6935,0.6387,0.7738,0.6927,0.5807,0.6597,0.4369,0.5099,0.608,0.5456
0801910234,0.5936,0.7987,0.758,0.7057,0.8556,0.8093,0.6761,0.7573,0.5692,0.6142,0.6981,0.6217
0801910235,0.5713,0.7695,0.7084,0.678,0.821,0.7664,0.6111,0.7104,0.4569,0.5495,0.6523,0.5393
0801910236,0.5986,0.7798,0.7538,0.6877,0.8353,0.7808,0.6407,0.7363,0.4924,0.5646,0.635,0.6014
0801910237,0.5751,0.7612,0.729,0.6913,0.7944,0.7595,0.6223,0.7132,0.4381,0.5902,0.6843,0.6042
0802001001,0.6498,0.8387,0.7753,0.7271,0.8715,0.8445,0.7241,0.783,0.6324,0.5896,0.7149,0.6577
0802001002,0.6204,0.8513,0.7583,0.7159,0.8758,0.8444,0.7238,0.8032,0.6499,0.5847,0.7282,0.6524
0802001003,0.5872,0.8374,0.7446,0.7031,0.8661,0.828,0.6819,0.7732,0.6198,0.5768,0.7303,0.6469
0802101001,0.5797,0.8261,0.7536,0.7,0.8676,0.7705,0.7541,0.7333,0.6406,0.6212,0.6364,0.6349
0802201001,0.5136,0.771,0.6053,0.5702,0.7964,0.7245,0.6476,0.6751,0.5005,0.5128,0.5689,0.5279
0802201002,0.526,0.7564,0.6118,0.5704,0.8132,0.7284,0.6751,0.6827,0.4979,0.5129,0.5562,0.5452
0802201003,0.7028,0.8573,0.7173,0.6952,0.8921,0.8363,0.8055,0.8251,0.7225,0.6585,0.6616,0.7044
0802201004,0.5617,0.7997,0.6591,0.6025,0.8487,0.7648,0.69,0.7203,0.5193,0.5149,0.5841,0.575
0802201005,0.586,0.8129,0.6634,0.629,0.8461,0.7778,0.7175,0.7223,0.5811,0.5681,0.5913,0.5992
0802201006,0.4841,0.7359,0.6063,0.5556,0.7958,0.7465,0.6295,0.7073,0.5222,0.5024,0.5958,0.5372
0802202001,0.429,0.6415,0.5007,0.494,0.6742,0.565,0.5399,0.5688,0.4223,0.3948,0.4541,0.4308
0802202002,0.4528,0.6853,0.5554,0.5265,0.7067,0.6498,0.5786,0.6108,0.4408,0.4441,0.5256,0.4809
0802202003,0.5394,0.8106,0.6874,0.6273,0.8476,0.7755,0.6631,0.7123,0.5251,0.4913,0.5868,0.5879
0802202004,0.5965,0.8309,0.6755,0.5932,0.8456,0.7773,0.7111,0.7477,0.564,0.5305,0.611,0.5914
0802202005,0.4394,0.6655,0.5711,0.5321,0.7165,0.6568,0.5587,0.6152,0.3857,0.4047,0.4862,0.4542
0802203001,0.6049,0.8389,0.6741,0.6227,0.8705,0.8151,0.7622,0.7583,0.6114,0.5735,0.6841,0.611
0802204001,0.6212,0.82,0.6766,0.605,0.8476,0.7785,0.7216,0.7586,0.6063,0.6258,0.6096,0.648
0802301001,0.5914,0.7987,0.7258,0.6687,0.8534,0.7808,0.6543,0.7335,0.5467,0.5269,0.6767,0.5779
0802301002,0.5651,0.7674,0.6567,0.625,0.816,0.7445,0.6465,0.7131,0.4946,0.5648,0.6252,0.5398
0802301003,0.5249,0.7756,0.6964,0.641,0.8467,0.7691,0.6077,0.7131,0.4518,0.4861,0.6423,0.5312
0802301004,0.4834,0.8009,0.7,0.6485,0.8469,0.7828,0.5919,0.6914,0.5037,0.4076,0.645,0.5239
0802301005,0.6446,0.8164,0.7003,0.6488,0.8511,0.7969,0.7163,0.7377,0.5642,0.5689,0.657,0.5773
0802401001,0.7847,0.8549,0.7087,0.6295,0.8537,0.8431,0.867,0.7899,0.6391,0.5247,0.6435,0.6548
0802501001,0.6282,0.7968,0.7315,0.6584,0.8474,0.7954,0.6754,0.7438,0.5474,0.5579,0.6809,0.5951
0802601001,0.6162,0.8883,0.8289,0.7128,0.9126,0.8342,0.7268,0.759,0.7562,0.5164,0.6776,0.6818
0802701001,0.7275,0.8565,0.7638,0.7074,0.8707,0.8222,0.7741,0.8066,0.6671,0.7042,0.6999,0.7005
0802801001,0.5921,0.7331,0.7022,0.6328,0.7706,0.7197,0.6523,0.6613,0.4527,0.6296,0.6099,0.4352
0802901001,0.6291,0.8579,0.7494,0.694,0.8894,0.8477,0.7404,0.7903,0.6473,0.5985,0.73,0.6616
0802901002,0.643,0.8804,0.7913,0.7281,0.8907,0.8531,0.7267,0.8101,0.6871,0.6388,0.738,0.6877
0803001001,,,,,,,,0.7764,0.6272,0.4802,0.7024,0.64
0803001002,0.5425,0.8449,0.7236,0.6775,0.8741,0.8317,0.6793,0.7671,0.6305,0.4806,0.667,0.6338
0803001003,,,,,,,,0.7883,0.646,0.526,0.6985,0.6536
0803101001,0.7111,0.8195,0.7222,0.6695,0.841,0.7797,0.7459,0.7188,0.5847,0.6172,0.6545,0.6152
0803101002,0.7409,0.8298,0.712,0.6681,0.8577,0.8144,0.7414,0.7627,0.589,0.6032,0.6466,0.6289
0803201001,0.6154,0.7824,0.7146,0.6658,0.8097,0.77,0.6493,0.701,0.5883,0.5369,0.6729,0.5871
0803301001,0.6192,0.8242,0.738,0.6885,0.8566,0.8094,0.7011,0.7724,0.6263,0.5726,0.6983,0.6202
0803301002,0.5358,0.7594,0.6824,0.6252,0.8316,0.7604,0.5945,0.7033,0.4839,0.4997,0.6353,0.5529
0803301003,0.5981,0.7868,0.6806,0.6574,0.8116,0.7747,0.6772,0.7199,0.5643,0.575,0.668,0.6168
0803302001,0.6182,0.8067,0.7381,0.6841,0.8499,0.8062,0.6878,0.7582,0.6087,0.5706,0.668,0.6209
0803303001,0.5926,0.7977,0.7429,0.6844,0.8337,0.7811,0.6215,0.7368,0.5191,0.5305,0.6579,0.616
0803303002,0.568,0.7443,0.6859,0.6598,0.8055,0.7935,0.6472,0.7201,0.5448,0.5235,0.6252,0.5537
0803303003,0.4979,0.7742,0.6947,0.6404,0.8407,0.7666,0.5635,0.7187,0.5104,0.4411,0.6248,0.5294
0803303004,0.6252,0.8371,0.7563,0.701,0.8645,0.8284,0.6884,0.7801,0.5813,0.5393,0.6797,0.5931
0803303005,0.4757,0.797,0.7339,0.669,0.8462,0.7958,0.5766,0.7705,0.5593,0.4789,0.6646,0.5776
0803303006,,,,,,0.8478,0.7177,0.7895,0.6318,0.57,0.7195,0.6681
0803401001,0.6892,0.8288,0.7076,0.7051,0.8761,0.8265,0.761,0.7854,0.6655,0.6651,0.7098,0.7098
0803501001,0.5433,0.7239,0.6128,0.5706,0.7212,0.6743,0.6019,0.6249,0.4884,0.5069,0.5754,0.5483
0803501002,0.6715,0.8364,0.7328,0.7096,0.8473,0.7923,0.7018,0.7503,0.6194,0.6245,0.703,0.6068
0803501003,0.4547,0.7019,0.6215,0.5745,0.722,0.6667,0.5426,0.5918,0.4664,0.4558,0.5714,0.457
0803502001,0.5676,0.7729,0.6723,0.6319,0.7817,0.7317,0.6568,0.688,0.5443,0.5428,0.6155,0.5637
0803502002,0.5956,0.7796,0.7124,0.6428,0.7998,0.7573,0.642,0.7196,0.5432,0.5539,0.6317,0.5786
0803503001,0.5946,0.7708,0.7072,0.6635,0.8271,0.7807,0.6581,0.7238,0.5724,0.5705,0.6435,0.601
0803503002,0.5458,0.7365,0.6774,0.6125,0.7709,0.7353,0.633,0.6901,0.5389,0.5344,0.6348,0.5877
0803503003,0.6056,0.7966,0.7199,0.6765,0.837,0.8149,0.6875,0.7325,0.568,0.5548,0.6714,0.6243
0803503004,0.4943,0.7104,0.6753,0.5955,0.755,0.742,0.5852,0.6893,0.496,0.4813,0.616,0.5269
0803601001,0.7593,0.825,0.7107,0.6442,0.8494,0.8221,0.8528,0.7485,0.7547,0.7342,0.7044,0.6645
0803701001,0.659,0.8612,0.7349,0.6663,0.8862,0.8383,0.7472,0.7946,0.6648,0.5757,0.6445,0.6573
0803801001,0.6027,0.7919,0.6633,0.6449,0.8565,0.8052,0.7018,0.7326,0.6039,0.5083,0.6385,0.6131
0803901001,0.7649,0.8412,0.7316,0.7348,0.8849,0.8308,0.7857,0.7797,0.7022,0.7084,0.7401,0.6688
0804001001,0.6259,0.8053,0.7371,0.6639,0.8224,0.7801,0.7006,0.735,0.5858,0.6141,0.7074,0.6324
0804001002,0.5883,0.7859,0.695,0.6637,0.8298,0.7899,0.6805,0.7287,0.5628,0.5326,0.6455,0.5993
0804001003,0.5628,0.7365,0.6419,0.6116,0.8044,0.7475,0.6189,0.6924,0.4901,0.5186,0.6298,0.5511
0804001004,0.6019,0.7992,0.726,0.661,0.8532,0.8006,0.6813,0.7546,0.5753,0.5613,0.6849,0.5828
0804001005,0.5377,0.775,0.6864,0.6304,0.8291,0.7699,0.6353,0.7261,0.4975,0.5153,0.6183,0.5145
0804001006,0.3889,0.6113,0.5315,0.5091,0.6692,0.5962,0.4403,0.5242,0.4,0.3715,0.4902,0.4359
0804001007,,,,,,,,,0.5905,0.5372,0.7188,0.6324
0804001008,0.5017,0.7858,0.6752,0.6235,0.8276,0.7722,0.6325,0.6828,0.4978,0.4837,0.6174,0.51
0804001009,,,,,,,,,0.4976,0.5326,0.649,0.5886
0804001010,,,,,,,,,0.5539,0.5713,0.6958,0.6074
0804101001,0.6116,0.8085,0.771,0.6888,0.8604,0.8028,0.6356,0.7422,0.4994,0.5125,0.6702,0.5674
0804101002,0.5293,0.6655,0.659,0.6174,0.7222,0.6629,0.5108,0.6414,0.3819,0.436,0.5509,0.4431
0804101003,0.4396,0.5836,0.5716,0.4929,0.6391,0.571,0.4371,0.5338,0.3057,0.3733,0.4367,0.3392
0804101004,0.4616,0.6566,0.6228,0.5479,0.711,0.645,0.4693,0.6061,0.3557,0.3878,0.4893,0.3458
0804101005,0.5119,0.6562,0.6521,0.5574,0.6959,0.6253,0.4827,0.5744,0.3876,0.4026,0.4782,0.4192
0804101006,0.6491,0.8385,0.7854,0.7095,0.8558,0.8094,0.6517,0.741,0.4963,0.5496,0.6704,0.5568
0804101007,0.586,0.8079,0.7631,0.7117,0.862,0.8044,0.6343,0.7623,0.5103,0.5182,0.6713,0.5805
0804101008,0.5801,0.8145,0.7543,0.7276,0.8904,0.8277,0.6698,0.7876,0.5895,0.5138,0.701,0.6235
0804201001,,,,,,0.8005,0.7303,0.741,0.5647,0.5916,0.6389,0.5879
0804201002,,,,,,0.8169,0.7568,0.7418,0.4836,0.6171,0.6692,0.5543
0804301001,0.6159,0.7586,0.6933,0.6543,0.812,0.7511,0.6681,0.712,,0.5666,0.6311,0.5451
0804301002,0.5988,0.7438,0.6964,0.6276,0.8182,0.7786,0.6305,0.7108,0.482,0.5255,0.6176,0.4994
0804301003,,,,,,,,,,0.5471,0.6586,0.5151
0804401001,0.5702,0.7726,0.6792,0.6311,0.8197,0.7342,0.6431,0.6849,0.4458,0.5388,0.6207,0.5182
0804402001,0.6794,0.8159,0.7342,0.6736,0.8658,0.7966,0.7128,0.7574,0.5816,0.6358,0.6864,0.6219
0804402002,0.6721,0.8342,0.7416,0.6947,0.8378,0.8062,0.7119,0.7387,0.5551,0.613,0.6729,0.594
0804501001,0.7083,0.8472,0.5833,0.5068,0.8143,0.7324,0.8472,0.6769,0.6508,0.6957,0.6232,0.6667
0804601001,0.6423,0.8251,0.7123,0.6867,0.85,0.7904,0.6711,0.7808,0.6204,0.5605,0.6926,0.6336
0804601002,0.6408,0.8394,0.7404,0.6088,0.8693,0.8339,0.7215,0.7855,0.6434,0.6052,0.7124,0.6891
0804601003,0.6105,0.8092,0.7363,0.6796,0.8525,0.8045,0.6592,0.7614,0.5593,0.5378,0.6706,0.6279
0804602001,0.6019,0.7899,0.7176,0.6781,0.8368,0.7834,0.6519,0.751,0.5361,0.551,0.6842,0.6228
0804602002,0.5892,0.8245,0.7328,0.6934,0.8671,0.8203,0.6887,0.7819,0.5862,0.5886,0.7247,0.639
0804602003,0.6495,0.8471,0.7735,0.7356,0.8938,0.8456,0.7253,0.7972,0.6511,0.5819,0.709,0.684
0804602004,,,,,,,,,0.6593,0.588,0.7225,0.6739
0804602005,,,,,,,,,0.5813,0.5427,0.7019,0.6227
0804603001,,,,,,,,,0.5342,0.4915,0.6815,0.5912
0804603002,,,,,,,,,0.506,0.4932,0.658,0.5334
0804701001,0.6888,0.781,0.6581,0.6126,0.8181,0.7727,0.7213,0.6869,0.5231,0.5489,0.5925,0.5167
0804701002,0.6434,0.771,0.6766,0.5797,0.8477,0.7799,0.733,0.7217,0.5446,0.6216,0.6583,0.5919
0804701003,0.6308,0.762,0.681,0.6045,0.8452,0.793,0.7601,0.6995,0.5065,0.6245,0.6598,0.6259
0804702001,0.6874,0.7463,0.637,0.5655,0.838,0.7623,0.7614,0.6534,0.5,0.6241,0.6157,0.5731
0804801001,0.5891,0.8426,0.7307,0.7199,0.8606,0.7768,0.6944,0.7362,0.6551,0.5096,0.6461,0.6439
0804901001,0.7018,0.8439,0.6677,0.611,0.846,0.7432,0.6598,0.6952,0.591,0.6219,0.586,0.5759
0805001001,0.7692,0.8531,0.7589,0.7021,0.9179,0.8456,0.8551,0.8489,0.7538,0.597,0.6519,0.6875
0805101001,0.6471,0.7947,0.7358,0.6444,0.8488,0.8035,0.7024,0.7399,0.5806,0.6219,0.6958,0.6029
0805101002,0.622,0.8457,0.7413,0.6747,0.8687,0.8427,0.7363,0.8147,0.5896,0.6014,0.6986,0.6301
0805101003,0.611,0.7674,0.6746,0.638,0.8088,0.759,0.6359,0.7254,0.5339,0.5215,0.6564,0.5654
0805101004,0.6223,0.8004,0.7124,0.6688,0.8599,0.8076,0.6729,0.7593,0.53,0.5664,0.664,0.6216
0805101005,0.6715,0.8571,0.802,0.7251,0.884,0.8423,0.7375,0.8073,0.6069,0.6121,0.7343,0.6563
0805101006,0.4625,0.7619,0.6625,0.6468,0.7991,0.7598,0.5404,0.6842,0.4928,0.4151,0.6351,0.5076
0805101007,0.5905,0.7814,0.7356,0.6832,0.8557,0.8093,0.6644,0.7564,0.5055,0.5623,0.6863,0.5497
0805101008,0.5918,0.7916,0.7296,0.6665,0.8568,0.802,0.6768,0.7509,0.5395,0.5997,0.6705,0.5779
0805101009,0.6252,0.85,0.7567,0.7086,0.8668,0.8261,0.6876,0.7758,0.5772,0.6426,0.7301,0.6289
0805101010,0.6413,0.8717,0.7864,0.7196,0.8941,0.8368,0.7051,0.794,0.5935,0.6228,0.759,0.6454
0805101011,0.5802,0.848,0.7577,0.7167,0.8878,0.8131,0.6678,0.781,0.5581,0.502,0.6687,0.5674
0805101012,0.4723,0.7651,0.681,0.6099,0.8112,0.7586,0.5939,0.7115,0.5048,0.4082,0.6211,0.4917
0805101013,0.585,0.8203,0.758,0.665,0.8611,0.8358,0.676,0.7615,0.5552,0.5953,0.7223,0.6261
0805101014,0.5806,0.8338,0.7361,0.6717,0.8792,0.844,0.6877,0.7722,0.5782,0.55,0.6893,0.616
0805201001,0.7778,0.8714,0.6763,0.6241,0.8913,0.7986,0.8403,0.7286,0.7113,0.7949,0.6291,0.6959
0805301001,0.651,0.7972,0.6596,0.6055,0.8304,0.7876,0.7275,0.7153,0.5128,0.6293,0.6505,0.5514
0805301002,0.4913,0.7008,0.6153,0.5451,0.7491,0.682,0.5657,0.6243,0.4143,0.4781,0.5863,0.425
0805401001,0.644,0.8234,0.7609,0.6933,0.868,0.8268,0.6877,0.7703,0.5437,0.5984,0.7334,0.6251
0805401002,0.6397,0.8164,0.7564,0.7013,0.8744,0.8352,0.7019,0.7649,0.5826,0.6017,0.7045,0.6234
0805401003,0.6634,0.8474,0.7759,0.6786,0.8635,0.8311,0.7051,0.7585,0.5391,0.5795,0.7054,0.6155
0805401004,0.6488,0.8261,0.7558,0.711,0.8734,0.8342,0.7167,0.809,0.6283,0.6203,0.7438,0.6602
0805401005,0.5557,0.7911,0.7282,0.6842,0.7814,0.814,0.6286,0.7404,0.4708,0.533,0.6902,0.5569
0805401006,0.5115,0.7515,0.7154,0.6453,0.8038,0.7553,0.5408,0.7041,0.4684,0.5223,0.6429,0.534
0805501001,0.6522,0.8182,0.7148,0.6378,0.856,0.8189,0.6916,0.786,0.6273,0.5093,0.6695,0.6132
0805601001,,,,,,,,,0.3423,0.5322,0.6097,0.4627
0805601002,0.5224,0.7396,0.6834,0.6258,0.7843,0.7252,0.5671,0.6738,0.4727,0.5804,0.6545,0.5282
0805601003,,,,,,,,,0.58,0.6146,0.7153,0.5906
0805601004,,0.7319,0.701,0.6637,,0.7574,,0.7171,0.4636,0.5778,0.6382,0.536
0805601005,0.5405,0.7226,0.6817,0.6475,0.8053,0.7527,0.6184,0.6984,0.4312,0.6047,0.6506,0.5337
0805601006,0.578,0.7557,0.7269,0.6453,0.7981,0.7795,0.628,0.7105,0.477,0.5836,0.6527,0.5526
0805601007,,,,,,,,,0.5911,0.6572,0.7105,0.6491
0805601008,,,,,,,,,0.588,0.6359,0.7149,0.639
0805601009,,,,,,,,,0.4896,0.5766,0.6862,0.5693
0805601010,,,,,,,,,0.5339,0.5773,0.6641,0.5806
0805602001,0.5989,0.7648,0.7279,0.7181,0.796,0.8051,0.6718,0.7395,0.5101,0.6115,0.6742,0.5833
0805602002,0.6295,0.798,0.7588,0.7379,0.8412,0.8172,0.6739,0.7634,0.5327,0.6267,0.7036,0.5795
0805602003,0.5881,0.7464,0.7196,0.6814,0.7749,0.7535,0.6003,0.6849,0.4882,0.5509,0.658,0.5471
0805602004,0.5667,0.7472,0.7126,0.6693,0.8142,0.7662,0.6089,0.691,0.5355,0.5925,0.6938,0.6051
0805602005,,,,,,,,,0.6013,0.6144,0.7343,0.635
0805602006,0.5939,0.757,0.7128,0.6613,0.7938,0.7477,0.5982,0.7183,0.5019,0.5755,0.6401,0.5425
0805602007,,,,,,,,,0.4489,0.4939,0.627,0.4875
0805603001,,,,,,,0.6215,,0.4454,0.5644,0.684,0.5495
0805603002,,,,,,,,,0.565,0.6244,0.7134,0.6218
0805603003,0.5827,0.7707,0.731,0.6459,0.8227,0.7832,0.6241,0.7227,0.5074,0.5859,0.6548,0.5445
0805603004,0.6124,0.853,0.7971,0.7326,0.8796,0.8534,0.705,0.8019,0.5866,0.6222,0.7099,0.6109
0805603005,,,,,,,,,0.6222,0.6627,0.7924,0.7007
0805603006,,,,,,,,,0.6086,0.5669,0.6915,0.6166
0805604001,,0.8115,0.7363,,,,,,0.6022,0.6284,0.7135,0.6298
0805604002,0.4971,0.7583,0.6952,0.628,0.8184,0.7768,,0.7251,0.5336,0.5099,0.6273,0.5356
0805604003,0.4972,0.6928,0.6535,0.6135,0.7609,0.7244,0.5387,0.6614,0.4791,0.4905,0.5961,0.5099
0805604004,,0.6697,0.639,0.5879,0.7633,,,,0.4974,0.4575,0.5807,0.5102
0805604005,,,,,,,,,0.5479,0.5902,0.6663,0.5675
0805604006,,,,,,,,,0.4958,0.4106,0.5964,0.4743
0805604007,,,,,,,,,0.5195,0.5029,0.6346,0.5206
0805605001,,,,,,,,,0.5129,0.4982,0.6334,0.5368
0805605002,0.4758,0.7344,0.6585,0.6171,0.7884,,,,0.5387,0.4689,0.6078,0.5104
0805605003,,,,,,,,,0.4031,0.4315,0.5653,0.4658
0805605004,0.5924,0.8119,0.7421,0.7058,0.862,0.8036,0.6632,0.7486,0.6131,0.6351,0.7489,0.661
0805605005,,,,,,,,,0.6307,0.6422,0.7392,0.6594
0805605006,,,,,,,,,0.4969,0.4669,0.6216,0.5239
0805605007,,,,,,,,,0.4831,0.4972,0.6351,0.4887
0805701001,0.6094,0.9,0.7119,0.75,0.8462,0.8197,0.7705,0.7705,0.7258,0.7031,0.6825,0.75
0805801001,0.5475,0.7587,0.6946,0.637,0.8139,0.7594,0.6392,0.708,0.4968,0.5129,0.6241,0.5367
0805901001,0.6813,0.8592,0.655,0.562,0.8659,0.8488,0.7954,0.75,0.6289,0.6545,0.634,0.6162
0806001001,0.7467,0.9236,0.6993,0.6042,0.9091,0.8222,0.8905,0.7914,0.7681,0.8175,0.6642,0.7698
0806101001,0.6062,0.7872,0.7037,0.6587,0.8225,0.7774,0.6857,0.7088,0.4931,0.5952,0.6501,0.5597
0806201001,0.7094,0.8484,0.7108,0.6475,0.8974,0.8257,0.7542,0.7711,0.6456,0.7004,0.6557,0.6096
0806301001,0.7879,0.9081,0.8103,0.7439,0.9156,0.8675,0.8097,0.8316,0.7429,0.6028,0.7671,0.7495
0806401001,,,,,,,,,,0.5269,0.6034,0.5819
0806401002,,,,,,,,,,0.5817,0.6513,0.6105
0806501001,0.7074,0.8416,0.7099,0.6777,0.8624,0.8195,0.7606,0.7777,0.635,0.6725,0.6824,0.6761
0806601001,0.6657,0.8037,0.7544,0.6784,0.8467,0.81,0.6999,0.7565,0.6217,0.6083,0.7014,0.6041
0806701001,0.6818,0.8331,0.7048,0.6339,0.8394,0.7927,0.7065,0.7646,0.6158,0.6448,0.6795,0.6379
0806701002,0.6557,0.8071,0.6735,0.64,0.8335,0.7788,0.6971,0.7023,0.6002,0.6365,0.6646,0.6113
0806701003,0.6318,0.8026,0.6832,0.6184,0.8608,0.7983,0.7011,0.7621,0.5866,0.5651,0.6154,0.5913
0806701004,0.5962,0.8004,0.667,0.6304,0.8512,0.7933,0.6905,0.7522,0.5544,0.5773,0.6457,0.5783
0806801001,0.6292,0.7722,0.7203,0.6515,0.8339,0.7861,0.6917,0.736,0.5845,0.6173,0.7231,0.6455
0806801002,0.5618,0.7344,0.6677,0.6123,0.7947,0.7589,0.6131,0.6912,0.5038,0.5057,0.6367,0.5137
0806801003,0.5358,0.8054,0.7381,0.7,0.8689,0.8384,0.6595,0.7985,0.5897,0.4762,0.6843,0.5741
0806801004,0.5743,0.7959,0.7231,0.669,0.8489,0.8158,0.6388,0.7525,0.5545,0.5295,0.6801,0.5949
0806801005,0.5031,0.7595,0.6911,0.6306,0.8522,0.7765,0.6111,0.7404,0.5246,0.5305,0.6933,0.6062
0806901001,,,,,,,,,,0.6712,0.7209,0.6868
0806901003,0.5589,0.8065,0.717,0.6624,0.8639,0.8177,0.6338,0.7517,0.5117,0.4901,0.6739,0.5699
0806901004,,,,,,,,,,0.5721,0.7032,0.606
0807001001,0.6061,0.8864,0.7341,0.7293,0.891,0.8722,0.8955,0.7993,0.7612,0.8271,0.7071,0.7021
0807101001,0.6148,0.875,0.6971,0.6792,0.8629,0.8299,0.8583,0.8394,0.7103,0.6554,0.7612,0.692
0807201001,0.4264,0.7727,0.6893,0.6465,0.8371,0.771,0.5306,0.6906,0.4688,0.4389,0.6145,0.5009
0807201002,0.5194,0.7886,0.6953,0.6411,0.818,0.8019,0.6251,0.7408,0.5422,0.5159,0.6487,0.5644
0807201003,0.4908,0.7057,0.6242,0.5788,0.7648,0.727,0.5802,0.6697,0.4946,0.5099,0.6321,0.553
0807201004,0.4917,0.8109,0.7302,0.6886,0.867,0.8189,0.6475,0.7601,0.577,0.5247,0.7028,0.5978
0807201005,0.4151,0.7583,0.688,0.6259,0.8243,0.7655,0.5822,0.7037,0.5361,0.4914,0.659,0.5481
0807201006,0.4869,0.7613,0.6905,0.6244,0.803,0.7603,0.5161,0.7117,0.4089,0.4643,0.6917,0.5269
0807201007,0.4433,0.7513,0.6887,0.6418,0.7948,0.7649,0.5878,0.6929,0.5687,0.4667,0.6662,0.5524
0807201008,0.5136,0.7886,0.7192,0.6766,0.8474,0.8109,0.6335,0.7605,0.5519,0.5174,0.6921,0.5734
0807201009,0.5579,0.7304,0.6431,0.5761,0.7432,0.6977,0.5473,0.6601,0.5065,0.51,0.6304,0.545
0807201010,0.4973,0.7385,0.6113,0.5933,0.7592,0.7226,0.5769,0.6786,0.5318,0.5164,0.6298,0.5311
0807201011,0.4765,0.7908,0.7091,0.642,0.8401,0.7916,0.595,0.7064,0.5186,0.4804,0.6393,0.5441
0807301001,0.6172,0.7929,0.7591,0.7003,0.8324,0.7992,0.6371,0.7368,0.5014,0.5485,0.6875,0.6132
0807301002,0.6263,0.8041,0.7872,0.7463,0.8501,0.8347,0.6953,0.7872,0.5831,0.5674,0.7329,0.6685
0807301003,0.5175,0.7479,0.7093,0.6608,0.8011,0.779,0.6278,0.7295,0.4894,0.4649,0.6636,0.5117
0807301004,0.5634,0.7968,0.7559,0.7006,0.8514,0.8122,0.6433,0.7663,0.5721,0.5476,0.7173,0.624
0807301005,0.5728,0.8002,0.731,0.7066,0.8138,0.7845,0.6159,0.7472,0.5152,0.4848,0.6438,0.5713
0807301006,0.6281,0.8138,0.7409,0.6895,0.8364,0.791,0.6406,0.7492,0.5941,0.5527,0.698,0.6217
0807301007,0.6426,0.8345,0.7778,0.7338,0.8602,0.8442,0.7099,0.801,0.6147,0.5767,0.7418,0.675
0807301008,0.5752,0.8108,0.7407,0.6881,0.8456,0.8148,0.631,0.7369,0.5277,0.5698,0.7312,0.6247
0807301009,0.6019,0.8165,0.7517,0.7177,0.8318,0.7961,0.6534,0.7643,0.5226,0.5675,0.6711,0.6054
0807301010,0.6106,0.8061,0.756,0.7358,0.8551,0.787,0.641,0.743,0.5376,0.5685,0.7157,0.5893
0807301011,0.5502,0.7543,0.7263,0.6732,0.8311,0.8158,0.6304,0.7301,0.4863,0.5158,0.685,0.5337
0807301012,0.5507,0.75,0.6951,0.6607,0.7737,0.76,0.561,0.7189,0.4573,0.4592,0.6057,0.5333
0807301013,0.5504,0.7843,0.7174,0.6775,0.8403,0.8104,0.6356,0.7391,0.5094,0.5061,0.6667,0.5912
0807301014,0.619,0.8166,0.7896,0.7259,0.8644,0.8442,0.6801,0.79,0.5962,0.5749,0.7333,0.6459
0807302001,0.5599,0.7984,0.7536,0.6956,0.8349,0.8147,0.6127,0.7451,0.5379,0.527,0.7259,0.6226
0807302002,,,,,,,,,,0.5185,0.6984,0.5982
0807302003,,,,,,0.8139,0.6475,0.7847,0.5707,0.5498,0.7324,0.6456
0807302004,,,,,,,,,,0.5875,0.7527,0.636
0807303001,,,,,,0.8121,0.6276,0.7647,0.5201,0.5394,0.6839,0.605
0807303002,0.5548,0.7551,0.7525,0.6701,0.7951,0.7572,0.5708,0.6859,0.415,0.4499,0.6486,0.5
0807303003,0.55,0.7555,0.7289,0.6701,0.8269,0.7619,0.6178,0.7275,0.5036,0.5337,0.7016,0.5615
0807303004,,,,,,0.8661,0.7048,0.8065,0.6288,0.5861,0.7778,0.6692
0807303005,0.5481,0.7889,0.7721,0.721,0.878,0.8312,0.6336,0.766,0.5862,0.5298,0.7294,0.6341
0807303006,0.5945,0.8,0.7835,0.7266,0.8492,0.8305,0.6738,0.7707,0.6046,0.5832,0.7328,0.622
0807303007,0.5678,0.7521,0.7565,0.6737,0.829,0.7856,0.6112,0.7315,0.5257,0.4869,0.6761,0.5881
0807303008,0.5844,0.7974,0.7537,0.7009,0.8368,0.795,0.6154,0.7357,0.5399,0.5495,0.6968,0.58
0807303009,0.5529,0.7483,0.7285,0.6955,0.817,0.7764,0.546,0.7155,0.4526,0.4847,0.6681,0.5616
0807303010,,,,,,0.8486,0.6447,0.7911,0.5855,0.5377,0.7229,0.633
0807304001,0.5587,0.7854,0.7844,0.7203,0.8687,0.8357,0.6667,0.7736,0.546,0.548,0.7182,0.6127
0807304002,0.5813,0.7985,0.7811,0.676,0.8471,0.8208,0.681,0.7598,0.5274,0.531,0.6749,0.6007
0807304003,0.5712,0.7815,0.7704,0.72,0.8448,0.7907,0.6544,0.7416,0.5429,0.5377,0.7007,0.6128
0807304004,0.5794,0.7546,0.7353,0.6829,0.7917,0.7471,0.5984,0.6938,0.4738,0.5252,0.6575,0.5706
0807304005,0.6398,0.8135,0.8209,0.7436,0.8873,0.8426,0.6993,0.7871,0.5601,0.6397,0.7296,0.6771
0807304006,0.5964,0.7813,0.7798,0.6932,0.853,0.7814,0.6375,0.7236,0.5192,0.5752,0.6861,0.6289
0807304007,0.5385,0.7307,0.7054,0.6501,0.8254,0.7522,0.5847,0.717,0.4773,0.4508,0.5904,0.5102
0807304008,0.5691,0.7674,0.7592,0.6934,0.8086,0.7549,0.5989,0.7043,0.4947,0.4909,0.659,0.5549
0807304009,0.5556,0.7795,0.7651,0.6892,0.841,0.7966,0.6169,0.7706,0.4745,0.5095,0.6307,0.5393
0807304010,0.5633,0.7399,0.7518,0.6994,0.8161,0.7746,0.6156,0.7216,0.441,0.5172,0.6459,0.5609
0807304011,0.5542,0.7368,0.7159,0.6679,0.8089,0.7695,0.601,0.7015,0.4749,0.476,0.6339,0.5329
0807304012,0.5475,0.7367,0.7324,0.6714,0.7998,0.737,0.6027,0.6835,0.4284,0.4859,0.6317,0.5247
0807304013,0.5971,0.7894,0.7502,0.7082,0.8559,0.8027,0.6321,0.7353,0.5252,0.5728,0.6991,0.6188
0807304014,0.5721,0.7927,0.771,0.6746,0.8063,0.8019,0.6363,0.7578,0.5519,0.5445,0.6782,0.6119
0807304015,0.5876,0.7544,0.7243,0.6667,0.787,0.7103,0.5776,0.6826,0.4753,0.4598,0.6005,0.5426
0807304016,0.5928,0.7966,0.7621,0.6962,0.8101,0.8032,0.6118,0.7586,0.5178,0.5442,0.6978,0.5871
0807304017,0.5815,0.7603,0.7627,0.6816,0.8399,0.7791,0.6049,0.7357,0.4662,0.5611,0.6586,0.5962
0807304018,0.5501,0.7776,0.7512,0.6885,0.8429,0.7964,0.6361,0.7261,0.5129,0.5314,0.654,0.589
0807304019,0.5585,0.7608,0.7141,0.6863,0.8056,0.7311,0.5907,0.6974,0.4625,0.4678,0.6165,0.4925
0807305001,0.5124,0.6893,0.6714,0.6316,0.7299,0.7194,0.5185,0.6283,0.3739,0.4037,0.5616,0.417
0807305002,,,,,,0.64,0.4287,0.5639,0.3516,0.3882,0.5288,0.4
0807305003,0.4883,0.647,0.6475,0.5714,0.7262,0.6632,0.4661,0.622,0.3646,0.3799,0.5326,0.4152
0807305005,0.514,0.6667,0.6488,0.5895,0.7308,0.6966,0.539,0.6379,0.4018,0.3978,0.5466,0.4706
0807305006,0.498,0.7298,0.7319,0.6425,0.7834,0.7231,0.5491,0.6506,0.4219,0.4822,0.5701,0.4972
0807305007,0.4959,0.6653,0.6575,0.5953,0.7593,0.6913,0.4938,0.6245,0.38,0.4326,0.566,0.4424
0807305008,0.4709,0.65,0.6481,0.6037,0.7268,0.6466,0.445,0.6388,0.3468,0.3975,0.5472,0.4165
0807305009,0.628,0.8073,0.7652,0.7546,0.8694,0.798,0.6914,0.7761,0.5557,0.5913,0.6705,0.613
0807305010,0.5691,0.7437,0.7207,0.6705,0.8221,0.7654,0.5551,0.6837,0.4452,0.502,0.627,0.5039
0807306001,,,,,,0.6649,0.4941,0.6168,0.3628,0.4261,0.5627,0.4331
0807306004,,,,,,0.7466,0.554,0.6875,0.4469,0.4737,0.6132,0.5376
0807306005,,,,,,0.7162,0.5384,0.6601,0.3789,0.44,0.5898,0.4972
0807306007,0.5506,0.7007,0.7451,0.6727,0.8076,0.7557,0.6198,0.6992,0.4382,0.4733,0.6535,0.5537
0807306008,,,,,,0.7336,0.5509,0.7044,0.3911,0.4723,0.5957,0.5119
0807306009,0.5687,0.8021,0.7646,0.7149,0.8293,0.7898,0.6083,0.7276,0.461,0.5246,0.6881,0.5794
0807306010,,,,,,0.6897,0.4941,0.6472,0.3526,0.4324,0.5369,0.4627
0807306013,0.5103,0.6816,0.6612,0.6242,0.7328,0.6805,0.5121,0.6236,0.3795,0.457,0.6166,0.468
0807306014,0.5882,0.7386,0.7529,0.6936,0.7451,0.7376,0.5455,0.6577,0.4401,0.5052,0.63,0.5052
0807306015,0.5993,0.8163,0.7822,0.7102,0.8394,0.7744,0.6589,0.7391,0.5568,0.6002,0.7151,0.6211
0807401001,0.5885,0.7106,0.6758,0.6318,0.7669,0.695,0.6017,0.6339,0.5166,0.5225,0.6231,0.5445
0807401002,0.5823,0.7597,0.7193,0.6574,0.8064,0.7664,0.6172,0.7209,0.4854,0.4966,0.6342,0.4945
0807401003,0.569,0.7858,0.7196,0.6372,0.8069,0.7917,0.6498,0.7498,0.5273,0.5527,0.6878,0.5817
0807401004,0.5745,0.7483,0.6946,0.639,0.818,0.7578,0.5979,0.6804,0.4616,0.4997,0.6438,0.5037
0807401005,0.5357,0.7777,0.7307,0.7025,0.8417,0.7831,0.5981,0.7407,0.5559,0.5253,0.6985,0.5927
0807401006,0.5193,0.7449,0.6817,0.6172,0.7794,0.7563,0.5772,0.6857,0.4691,0.4808,0.6443,0.4958
0807401007,0.464,0.7022,0.6551,0.6231,0.7673,0.7191,0.5179,0.6451,0.4374,0.498,0.6224,0.502
0807401008,0.3945,0.6627,0.6349,0.5686,0.7546,0.6566,0.4751,0.6056,0.425,0.4492,0.6211,0.5043
0807401009,0.539,0.7461,0.6667,0.6487,0.7511,0.7238,0.5706,0.6433,0.4248,0.4689,0.6,0.4826
0807401010,0.5015,0.7124,0.6652,0.5556,0.7834,0.7546,0.5853,0.6901,0.4719,0.4791,0.6658,0.5019
0807501001,0.6767,0.8148,0.7186,0.6746,0.8492,0.7695,0.6904,0.719,0.534,0.5671,0.6621,0.5812
0807501002,0.5918,0.7825,0.6881,0.6181,0.8379,0.7556,0.641,0.6978,0.466,0.5346,0.6466,0.495
0807501003,0.6549,0.8061,0.6972,0.6353,0.8615,0.8028,0.6915,0.7347,0.5648,0.5927,0.6644,0.621
0807601001,0.5367,0.7402,0.7019,0.6189,0.8011,0.7571,0.5885,0.7028,0.4931,0.4848,0.6317,0.5488
0807601002,0.5848,0.7714,0.719,0.666,0.8373,0.7977,0.6409,0.7396,0.507,0.5164,0.6529,0.5602
0807601003,0.6349,0.7937,0.7226,0.69,0.8348,0.7514,0.6992,0.7599,0.5946,0.5839,0.6831,0.6353
0807601004,0.5569,0.7809,0.6964,0.6647,0.8332,0.7907,0.6417,0.7572,0.4713,0.5345,0.6726,0.586
0807601005,0.4905,0.7226,0.6524,0.6053,0.7588,0.7219,0.5507,0.6509,0.4214,0.4696,0.5994,0.4674
0807601006,0.6015,0.8461,0.781,0.7358,0.8891,0.8455,0.6684,0.8029,0.6076,0.5721,0.7295,0.6366
0807602001,0.5391,0.7441,0.7044,0.6482,0.8089,0.7407,0.5713,0.6954,0.4614,0.4699,0.6366,0.5106
0807602002,0.4981,0.782,0.7111,0.6575,0.8253,0.7637,0.5843,0.7196,0.48,0.4423,0.6247,0.4897
0807602003,0.6388,0.829,0.7761,0.7166,0.8756,0.8462,0.6903,0.7754,0.5563,0.546,0.7039,0.6423
0807602004,0.526,0.7744,0.7162,0.6542,0.825,0.7583,0.5993,0.7189,0.4843,0.4861,0.6395,0.5614
0807602005,0.4639,0.679,0.6528,0.5736,0.7532,0.6962,0.4686,0.6265,0.3325,0.3828,0.5609,0.425
0807701001,0.6202,0.868,0.8019,0.7586,0.8949,0.8566,0.7061,0.7933,0.6752,0.5735,0.7457,0.6884
0807701002,0.6201,0.8237,0.7722,0.679,0.865,0.8342,0.6925,0.7732,0.603,0.5347,0.6945,0.6351
0807701003,0.6144,0.8224,0.7843,0.7163,0.8687,0.8508,0.7176,0.8101,0.6571,0.5734,0.7349,0.6908
0807701004,0.5495,0.7423,0.7129,0.6768,0.7992,0.7558,0.6169,0.6929,0.517,0.5126,0.6446,0.5886
0807701005,0.6007,0.8167,0.7769,0.7343,0.8671,0.8471,0.694,0.7893,0.6101,0.5637,0.7244,0.6404
0807702001,0.5858,0.8302,0.7718,0.7207,0.8805,0.8257,0.6667,0.7719,0.5927,0.5152,0.7008,0.5892
0807702002,0.5426,0.7652,0.7311,0.6813,0.816,0.7751,0.6095,0.7202,0.5377,0.491,0.6407,0.5737
0807702003,0.5964,0.7832,0.7658,0.7033,0.8669,0.8333,0.6359,0.744,0.5331,0.5313,0.6625,0.6225
0807702004,0.5939,0.7815,0.7581,0.7039,0.8352,0.7912,0.6281,0.7259,0.493,0.5271,0.6545,0.5803
0807702005,0.5472,0.7713,0.7431,0.664,0.8286,0.7902,0.6261,0.7384,0.5536,0.5041,0.6906,0.5858
0807702006,0.6076,0.8184,0.7991,0.738,0.8882,0.8361,0.671,0.7953,0.6213,0.5881,0.7513,0.6689
0807703001,0.5982,0.8009,0.7759,0.7195,0.8438,0.821,0.6716,0.7666,0.5887,0.5359,0.6957,0.6034
0807703002,0.5981,0.7993,0.7701,0.7057,0.8608,0.8266,0.6791,0.7717,0.5682,0.5499,0.7061,0.607
0807704001,0.5597,0.8383,0.8037,0.7333,0.8889,0.8645,0.6766,0.8114,0.7009,0.5435,0.7347,0.7018
0807705001,0.3744,,,,,,,,,0.4417,0.6066,0.5681
0807707001,0.5287,0.827,0.7808,0.7301,0.8946,0.8409,0.6659,0.7719,0.709,0.5395,0.7459,0.6791
0807708001,0.6038,0.8359,0.7796,0.7403,0.8577,0.8273,0.6777,0.7881,0.6042,0.5684,0.7305,0.6218
0807708002,0.6058,0.7841,0.75,0.7006,0.8394,0.7823,0.6425,0.7324,0.5536,0.5037,0.6613,0.6128
0807709001,0.5743,0.7814,0.7527,0.6969,0.8302,0.8151,0.6418,0.779,0.5475,0.5544,0.6911,0.5994
0807709002,0.627,0.8299,0.7936,0.7432,0.8833,0.8393,0.6759,0.7918,0.5867,0.5625,0.7505,0.6496
0807710001,0.6163,0.8084,0.7882,0.7332,0.8426,0.809,0.6696,0.7592,0.5503,0.5768,0.7084,0.6156
0807710002,0.5776,0.8259,0.7929,0.7164,0.8407,0.811,0.6646,0.7663,0.5583,0.5513,0.7039,0.6083
0807710003,0.5625,0.7678,0.7435,0.6915,0.8256,0.7705,0.6062,0.7338,0.5174,0.5276,0.6731,0.5674
0807710004,0.4749,0.6327,0.6531,0.5646,0.7275,0.6656,0.4934,0.6171,0.3961,0.4218,0.569,0.4625
0807710005,0.5,0.6627,0.6811,0.6042,0.7086,0.694,0.527,0.6469,0.4103,0.427,0.5648,0.4736
0807710006,0.5686,0.7593,0.7607,0.7004,0.835,0.7582,0.6127,0.7356,0.5057,0.549,0.6832,0.5761
0807710007,0.5921,0.7969,0.7657,0.7069,0.8446,0.7957,0.6274,0.7551,0.5224,0.5409,0.6902,0.61
0807710008,0.4835,0.6676,0.672,0.6042,0.7233,0.689,0.4826,0.604,0.3572,0.3974,0.5534,0.4179
0807801001,0.7235,0.8219,0.625,0.5114,0.8618,0.8037,0.8227,0.713,0.6364,0.5804,0.6347,0.6776
0807901001,0.827,0.9,0.7493,0.7464,0.9113,0.8503,0.8498,0.7808,0.7367,0.6405,0.7069,0.6627
0808001001,0.8108,0.8333,0.7368,0.7647,0.8421,0.7692,0.9512,0.675,0.7105,0.8864,0.6923,0.7714
0808101001,0.7034,0.8764,0.7391,0.6549,0.8725,0.847,0.8151,0.7851,0.6893,0.4703,0.6098,0.6354
0808201001,0.5671,0.7362,0.6852,0.6242,0.8088,0.7594,0.6244,0.6838,0.4851,0.5478,0.6026,0.4993
0808301001,0.7253,0.9204,0.7688,0.6842,0.9361,0.884,0.8425,0.8571,0.7687,0.5908,0.7079,0.7548
0808401001,0.6755,0.8382,0.7004,0.6769,0.8607,0.8063,0.6767,0.7696,0.6207,0.4562,0.6685,0.6354
0808501001,0.6773,0.848,0.7228,0.662,0.8736,0.832,0.7677,0.7799,0.6364,0.6845,0.6955,0.6447
0808601001,0.5396,0.8126,0.7439,0.6745,0.8636,0.8057,0.6564,0.7482,0.5545,0.5542,0.6901,0.5479
0808601002,0.4558,0.653,0.6154,0.544,0.7384,0.6858,0.501,0.6096,0.3478,0.4173,0.5358,0.3852
0808601003,,,,,,0.6265,0.4489,0.546,0.3374,0.3883,0.5334,0.3969
0808601004,,,,,,0.7572,0.5803,0.6721,0.4542,0.449,0.6132,0.5027
0808601005,0.4981,0.7654,0.72,0.646,0.8319,0.7488,0.6018,0.6967,0.4627,0.5294,0.642,0.5249
0808601006,0.6071,0.843,0.7467,0.704,0.8859,0.8247,0.6829,0.7903,0.6077,0.5686,0.7111,0.6247
0808601007,0.5016,0.8228,0.7299,0.6527,0.8551,0.8205,0.6025,0.7565,0.533,0.5112,0.6909,0.5737
0808601008,,,,,,0.7233,0.5078,0.6651,0.4106,0.4166,0.5582,0.4273
0808601009,,,,,,0.7785,0.6151,0.7256,0.4936,0.4766,0.6404,0.5434
0808601010,,,,,,0.7878,0.5861,0.6847,0.4497,0.4752,0.6684,0.5284
0808602001,0.6142,0.8345,0.7555,0.6887,0.8787,0.8319,0.696,0.7846,0.6444,0.6037,0.6708,0.6355
0808701001,0.8589,0.9321,0.8239,0.7961,0.9189,0.906,0.8912,0.8333,0.7748,0.726,0.7133,0.7246
0808801001,0.6443,0.8274,0.7236,0.6824,0.8524,0.7964,0.6937,0.7547,0.6143,0.6152,0.6806,0.6539
0808801002,0.5955,0.82,0.723,0.6534,0.8604,0.7993,0.6708,0.6854,0.5823,0.5714,0.6474,0.6169
0808801003,,,,,,0.795,0.6422,0.7002,0.4827,0.5582,0.6713,0.5906
0808801004,,,,,,0.8297,0.6937,0.7504,0.5833,0.5817,0.6828,0.6299
0808802001,,,,,,0.851,0.7213,0.7868,0.6744,0.6026,0.6896,0.6675
0808802002,0.6048,0.8051,0.714,0.6723,0.8517,0.7877,0.6859,0.7547,0.5934,0.5814,0.6555,0.6151
0808802003,0.6476,0.8515,0.7523,0.6988,0.8663,0.8174,0.6976,0.7876,0.6301,0.6202,0.7277,0.6276
0808802004,0.6391,0.8546,0.7919,0.7114,0.8927,0.8321,0.6672,0.7967,0.6295,0.6162,0.7614,0.688
0808802005,,,,,,0.8267,0.7266,0.7829,0.6422,0.6034,0.6829,0.6445
0808802006,,,,,,0.8121,0.6466,0.7543,0.559,0.5409,0.661,0.573
0808901001,0.558,0.7611,0.744,0.6634,0.8052,0.7734,0.6432,0.7142,0.5064,0.5007,0.6461,0.5452
0808901002,0.6016,0.7822,0.7428,0.7026,0.8473,0.8244,0.6953,0.7892,0.5682,0.5388,0.7034,0.6329
0808901003,0.5739,0.776,0.7231,0.6605,0.814,0.7624,0.6534,0.742,0.4781,0.5336,0.6923,0.5869
0808901004,0.5829,0.7506,0.7175,0.6669,0.8301,0.7886,0.6393,0.7219,0.4767,0.4953,0.6765,0.557
0808901005,0.4924,0.7124,0.6687,0.6103,0.7589,0.7298,0.5558,0.6051,0.4171,0.4549,0.6062,0.5063
0808901006,0.5438,0.7264,0.6976,0.6416,0.811,0.7525,0.5966,0.712,0.4858,0.5474,0.6756,0.6007
0808901007,0.4392,0.7453,0.6834,0.6119,0.8081,0.7711,0.5512,0.7239,0.5486,0.3977,0.6232,0.5302
0808901008,0.4913,0.8439,0.7412,0.6995,0.8709,0.8255,0.6252,0.7593,0.6454,0.4585,0.6782,0.6062
0808902001,0.6144,0.797,0.7549,0.7148,0.8267,0.7978,0.6552,0.7465,0.5245,0.518,0.6735,0.6056
0808902002,0.5587,0.7462,0.6765,0.6445,0.8253,0.7709,0.6526,0.7249,0.5596,0.4698,0.6472,0.5689
0808902003,0.5827,0.8126,0.7507,0.6977,0.8377,0.8122,0.6624,0.7629,0.4892,0.5284,0.698,0.5798
0808902004,0.5183,0.7465,0.6987,0.6324,0.7997,0.7338,0.5687,0.6687,0.4582,0.4708,0.6456,0.5132
0808902005,0.416,0.6544,0.6406,0.5368,0.7531,0.6959,0.5157,0.6629,0.4094,0.4091,0.6016,0.4419
0808902006,0.5171,0.7315,0.7067,0.6139,0.8113,0.7274,0.5339,0.6585,0.3901,0.4231,0.5981,0.475
0808902007,0.5569,0.7821,0.7368,0.6607,0.8583,0.7916,0.5997,0.752,0.4008,0.46,0.6715,0.5282
0808902008,0.5842,0.8024,0.7636,0.6923,0.8314,0.7983,0.6487,0.7439,0.5233,0.5464,0.6935,0.6008
0808902009,0.5448,0.7705,0.7247,0.6619,0.8167,0.7776,0.6,0.711,0.5118,0.4996,0.6914,0.5836
0808902010,0.5131,0.6908,0.6974,0.618,0.7811,0.7682,0.5939,0.6868,0.4023,0.4646,0.6217,0.4556
0808903001,0.5468,0.7623,0.7317,0.6652,0.7953,0.787,0.6062,0.7205,0.4578,0.4762,0.6728,0.5571
0808903002,0.5749,0.8012,0.7775,0.6334,0.8131,0.7728,0.5964,0.7032,0.4786,0.4675,0.642,0.53
0808903003,0.554,0.7651,0.7501,0.6831,0.8432,0.8072,0.6209,0.7276,0.5112,0.5224,0.7078,0.566
0808903004,0.5013,0.6997,0.6738,0.6032,0.76,0.7015,0.5134,0.6675,0.4045,0.4497,0.6481,0.526
0808903005,0.4493,0.6796,0.6387,0.5637,0.7366,0.6705,0.4905,0.6101,0.3421,0.3893,0.5309,0.3939
0808903006,0.5333,0.7647,0.765,0.6855,0.8128,0.7823,0.6187,0.7171,0.4926,0.5047,0.6752,0.5748
0808903007,0.6452,0.8336,0.7897,0.7316,0.8811,0.85,0.6803,0.805,0.5882,0.6015,0.7205,0.6696
0808903008,,,,,,,,,,0.5083,0.7029,0.5594
0808903009,,,,,,,,,,0.5109,0.7236,0.6265
0808904001,0.5849,0.7757,0.7387,0.6918,0.8445,0.8004,0.6349,0.7499,0.5201,0.5179,0.7046,0.5803
0808904002,0.5164,0.7117,0.6825,0.634,0.7542,0.7305,0.5841,0.6918,0.4331,0.434,0.5997,0.4604
0809001001,0.7519,0.8682,0.7984,0.7891,0.8864,0.8248,0.8696,0.8169,0.7319,0.8705,0.708,0.6929
0809101001,0.6004,0.8055,0.73,0.6929,0.8576,0.7855,0.6646,0.7352,0.5457,0.5579,0.6483,0.5745
0809101002,0.5943,0.797,0.7271,0.6915,0.849,0.8043,0.7092,0.7634,0.5554,0.6155,0.6749,0.5855
0809102001,0.6164,0.7888,0.7232,0.6821,0.8296,0.7943,0.6845,0.7398,0.5483,0.604,0.6593,0.5709
0809201001,0.6298,0.8149,0.706,0.6451,0.8452,0.7979,0.7666,0.7688,0.6114,0.5649,0.6508,0.6337
0809202002,0.6297,0.8365,0.7045,0.6361,0.8574,0.794,0.7323,0.7498,0.596,0.6018,0.6548,0.6251
0809202003,0.6291,0.8165,0.7036,0.6324,0.8455,0.7854,0.7255,0.7262,0.5639,0.558,0.6641,0.6103
0809301001,0.6923,0.8846,0.7308,0.7778,0.92,0.8333,0.9167,0.88,0.84,0.92,0.76,1.0
0809401001,0.7214,0.8492,0.7384,0.7133,0.8731,0.826,0.7438,0.7922,0.6242,0.7109,0.7269,0.6476
0809501001,0.8378,0.8056,0.7042,0.6575,0.8378,0.791,0.8657,0.7424,0.72,0.9176,0.7024,0.6538
0809601001,0.6493,0.8288,0.7357,0.6952,0.8628,0.7982,0.702,0.7564,0.6338,0.5461,0.6559,0.6082
0809601003,0.592,0.8033,0.7053,0.6999,0.832,0.7985,0.6708,0.7462,0.5648,0.5513,0.6782,0.595
0809601004,0.5891,0.8107,0.757,0.7087,0.836,0.8216,0.6978,0.7699,0.6222,0.5469,0.6963,0.61
0809601005,0.6164,0.7908,0.7356,0.6958,0.8408,0.8131,0.6938,0.754,0.6093,0.5865,0.6982,0.6368
0809601006,0.4847,0.61,0.6143,0.5871,0.6964,0.6759,0.5,0.6376,0.411,0.4171,0.5393,0.4452
0809601009,0.4603,0.6871,0.6497,0.5889,0.736,0.6741,0.5141,0.6313,0.3866,0.4112,0.5727,0.4458
0809601010,0.5371,0.7671,0.7606,0.7018,0.7816,0.7477,0.5869,0.6939,0.4416,0.4649,0.6167,0.5271
0809601011,0.5282,0.7487,0.6877,0.6443,0.7414,0.7078,0.5501,0.6543,0.4669,0.4617,0.6102,0.4955
0809602001,0.5815,0.7963,0.7179,0.7001,0.8382,0.798,0.6691,0.7521,0.5741,0.533,0.6665,0.584
0809602002,0.6128,0.8367,0.74,0.7223,0.8578,0.8156,0.7126,0.776,0.6302,0.5835,0.6735,0.6689
0809602003,0.6372,0.8602,0.7375,0.7065,0.8868,0.8395,0.7132,0.8045,0.7221,0.6124,0.7615,0.679
0809602004,0.5221,0.7439,0.7195,0.6406,0.7848,0.7577,0.5937,0.6914,0.4844,0.4777,0.6122,0.5099
0809602005,0.5374,0.7677,0.6981,0.6395,0.7798,0.7755,0.6226,0.7342,0.5113,0.5017,0.6476,0.5565
0809602006,0.5866,0.7889,0.7535,0.7062,0.8201,0.8131,0.6559,0.7585,0.5735,0.5455,0.7164,0.6129
0809602007,0.4884,0.7472,0.6917,0.6576,0.7839,0.7659,0.5942,0.7114,0.5439,0.5078,0.6804,0.572
0809603001,0.5875,0.8214,0.7502,0.706,0.8537,0.8144,0.6884,0.7772,0.6122,0.5614,0.6924,0.6496
0809603002,0.5064,0.7453,0.7002,0.6114,0.8108,0.7575,0.5997,0.7176,0.4997,0.462,0.621,0.5434
0809603003,0.5015,0.7395,0.668,0.6348,0.7656,0.7411,0.55,0.6745,0.4764,0.3869,0.5806,0.4963
0809603004,0.5792,0.8068,0.7393,0.6883,0.8422,0.8146,0.6588,0.7744,0.5888,0.5427,0.6984,0.6262
0809603005,0.5625,0.783,0.7541,0.7029,0.8312,0.8219,0.6545,0.7449,0.5718,0.5283,0.6908,0.6042
0809603006,0.5449,0.8262,0.7399,0.6922,0.8715,0.8289,0.6638,0.7625,0.6188,0.5139,0.7096,0.5932
0809603007,0.5081,0.7306,0.689,0.5986,0.7391,0.7028,0.509,0.6326,0.4493,0.3917,0.5925,0.4536
0809603008,0.4374,0.6575,0.6263,0.56,0.7111,0.6678,0.542,0.6461,0.4412,0.4067,0.5628,0.3682
0809603009,0.5865,0.8321,0.7882,0.6866,0.8512,0.8127,0.699,0.7746,0.6523,0.5171,0.7116,0.6794
0809603010,0.4653,0.7242,0.6834,0.6408,0.8134,0.7741,0.5758,0.7139,0.5085,0.4624,0.6369,0.5741
0809604001,0.6179,0.8236,0.7656,0.7175,0.864,0.8109,0.6773,0.7536,0.6081,0.5392,0.6895,0.6407
0809604002,0.5258,0.7642,0.7109,0.6752,0.8153,0.7818,0.5925,0.7102,0.529,0.4946,0.6556,0.5801
0809604003,0.4788,0.7088,0.6825,0.6314,0.7414,0.6919,0.5565,0.6414,0.4576,0.4257,0.5716,0.4679
0809604004,0.4969,0.6953,0.6796,0.6438,0.7351,0.7034,0.5533,0.65,0.4684,0.4501,0.5941,0.502
0809604006,0.4726,0.7154,0.6971,0.6395,0.7776,0.7474,0.5727,0.7035,0.4411,0.4697,0.6323,0.5366
0809604007,0.5897,0.8166,0.7743,0.7249,0.8748,0.8458,0.6741,0.7881,0.5777,0.549,0.7048,0.6275
0809604008,0.5642,0.7535,0.7357,0.6744,0.815,0.7835,0.6163,0.7378,0.5305,0.5284,0.6974,0.5741
0809604009,0.5854,0.7595,0.7046,0.6732,0.7632,0.7365,0.6119,0.6863,0.5182,0.5074,0.6194,0.5318
0809604010,0.637,0.8461,0.7931,0.73,0.8983,0.8653,0.7151,0.8106,0.6199,0.5594,0.7318,0.6542
0809604011,0.6073,0.8176,0.7838,0.7223,0.8784,0.835,0.7213,0.8048,0.6496,0.5503,0.6909,0.6664
0809701001,0.688,0.8494,0.7167,0.7003,0.8588,0.825,0.7323,0.7661,0.6485,0.6601,0.6825,0.6141
0809801001,0.6395,0.8476,0.6976,0.6615,0.8627,0.8164,0.7031,0.7722,0.6408,0.5683,0.6459,0.6281
0809801002,0.6025,0.7634,0.7002,0.6328,0.8074,0.7699,0.6293,0.6797,0.4707,0.5013,0.663,0.5439
0809901001,0.7074,0.7902,0.6862,0.6502,0.8067,0.7503,0.7053,0.7025,0.6129,0.7293,0.6537,0.6073
0810001001,,,,,,0.8541,0.7911,0.8158,0.7479,0.6522,0.6784,0.7302
0810001002,,,,,,0.8579,0.8004,0.8214,0.7253,0.6721,0.712,0.7358
0810101001,0.6233,0.8314,0.794,0.7369,0.8591,0.7806,0.6405,0.746,0.5357,0.5322,0.6991,0.6177
0810101002,0.5821,0.7896,0.7532,0.689,0.839,0.8047,0.6513,0.6675,0.4948,0.5341,0.6568,0.597
0810101003,0.5957,0.79,0.7294,0.6781,0.8444,0.7979,0.6696,0.7504,0.529,0.5389,0.6866,0.5986
0810101004,0.6231,0.7874,0.7421,0.684,0.8351,0.8295,0.7084,0.7807,0.5929,0.5279,0.6971,0.6304
0810101005,0.6091,0.8084,0.7639,0.7343,0.8723,0.8203,0.6641,0.7527,0.5403,0.5261,0.7087,0.6299
0810101006,0.5282,0.788,0.758,0.6885,0.8333,0.8017,0.6129,0.7282,0.5046,0.5408,0.691,0.5834
0810101007,0.5418,0.7248,0.7265,0.6562,0.7893,0.7584,0.597,0.7243,0.4805,0.5363,0.6711,0.5999
0810101008,0.6134,0.8046,0.7257,0.6919,0.8335,0.8076,0.6798,0.7696,0.5961,0.5553,0.6981,0.6152
0810101009,0.6641,0.8233,0.8126,0.7653,0.8742,0.8237,0.7189,0.7877,0.6216,0.5724,0.7362,0.6764
0810101010,0.5889,0.805,0.7761,0.7019,0.8474,0.7905,0.6648,0.7798,0.5453,0.5804,0.694,0.6265
0810101011,0.5994,0.7889,0.7392,0.6841,0.8527,0.8025,0.6489,0.7672,0.5535,0.5391,0.6966,0.6302
0810101012,0.6249,0.8284,0.8009,0.7163,0.8912,0.852,0.6971,0.8271,0.6361,0.5796,0.7153,0.6661
0810101013,0.613,0.8289,0.7918,0.7369,0.8632,,,,,0.5754,0.7352,0.6567
0810101014,0.5442,0.7518,0.7357,0.6748,0.8194,0.7875,0.6151,0.7149,0.5023,0.4589,0.6504,0.5524
0810101015,0.563,0.7525,0.726,0.6751,0.8091,0.7905,0.6226,0.7262,0.4968,0.5139,0.652,0.5562
0810101016,0.5741,0.8007,0.762,0.6933,0.854,0.8009,0.626,0.7649,0.5248,0.5335,0.6724,0.5874
0810101017,0.5404,0.7772,0.7611,0.6931,0.8373,0.8061,0.6228,0.7622,0.5401,0.5155,0.7065,0.6011
0810101018,0.5813,0.7945,0.7697,0.6903,0.8474,0.785,0.6348,0.75,0.4903,0.5311,0.6883,0.5782
0810101019,0.5833,0.7898,0.779,0.717,0.8449,0.798,0.6663,0.7663,0.555,0.5251,0.683,0.5628
0810101020,0.6089,0.7794,0.7519,0.7151,0.8547,0.8209,0.6664,0.7515,0.555,0.5688,0.6957,0.632
0810101021,0.4941,0.7019,0.708,0.6298,0.7663,0.7366,0.5413,0.686,0.4714,0.4609,0.5928,0.4838
0810101022,0.5736,0.7526,0.7632,0.694,0.8095,0.78,0.6365,0.7599,0.5197,0.5265,0.6613,0.5951
0810101023,0.6299,0.8096,0.7703,0.7095,0.8475,0.8151,0.6569,0.7692,0.5571,0.5437,0.6844,0.6226
0810101024,0.6523,0.8488,0.7963,0.7218,0.874,0.839,0.7403,0.799,0.6205,0.587,0.7324,0.6707
0810101025,0.5045,0.7421,0.7323,0.6786,0.8029,0.752,0.5658,0.6876,0.4991,0.4829,0.6311,0.5539
0810101026,0.5679,0.7493,0.7626,0.683,0.8136,0.7658,0.6025,0.728,0.5048,0.498,0.6775,0.5732
0810101027,0.5571,0.7435,0.7096,0.6639,0.7926,0.7642,0.5631,0.6919,0.4822,0.5109,0.6612,0.5784
0810101028,0.572,0.7313,0.7249,0.6149,0.8081,0.782,0.6026,0.7272,0.4927,0.5322,0.684,0.544
0810101029,0.4672,0.6935,0.67,0.6066,0.7678,0.7165,0.5406,0.6168,0.4175,0.4134,0.5771,0.4577
0810101030,0.5698,0.8015,0.7376,0.6757,0.8445,0.7939,0.6407,0.7439,0.5327,0.4883,0.6296,0.5836
0810101031,0.5627,0.7601,0.7376,0.6883,0.8239,0.7567,0.608,0.7159,0.4843,0.5032,0.6523,0.5433
0810101032,0.4834,0.7586,0.7324,0.6703,0.8162,0.774,0.5629,0.7057,0.4581,0.5043,0.6883,0.5803
0810101033,0.6299,0.8145,0.7886,0.7407,0.8499,0.8393,0.6806,0.7919,0.9192,0.511,0.6619,0.6145
0810101034,0.5702,0.7907,0.7515,0.6884,0.8383,0.7971,0.6825,0.7764,0.3796,0.5138,0.6886,0.6059
0810101035,0.5459,0.7663,0.73,0.6725,0.8289,0.7872,0.6498,0.7272,0.5202,0.4986,0.6658,0.5762
0810101036,0.5744,0.8042,0.7767,0.7153,0.8653,0.8088,0.6659,0.7612,0.5354,0.5241,0.6824,0.5773
0810101037,0.5685,0.8067,0.7728,0.7045,0.8462,0.8144,0.6623,0.7646,0.5319,0.5406,0.698,0.6049
0810101038,0.6148,0.8463,0.8074,0.7492,0.8858,0.8534,0.7,0.8119,0.5612,0.5777,0.7072,0.6694
0810101039,0.5386,0.7838,0.7152,0.6672,0.8109,0.7292,0.564,0.6476,0.4968,0.4984,0.6619,0.5189
0810101040,0.5088,0.656,0.6472,0.6134,0.7013,0.6987,0.5324,0.614,0.4045,0.4647,0.5675,0.476
0810101041,,,,,,,,,0.6716,0.6489,0.7923,0.7227
0810102001,0.5699,0.767,0.7225,0.6379,0.8212,0.7998,0.5802,0.717,0.5071,0.4666,0.6313,0.537
0810102002,0.4394,0.61,0.6203,0.5643,0.6909,0.65,0.4711,0.5941,0.3882,0.3733,0.5208,0.3908
0810102004,0.5368,0.6852,0.6564,0.6236,0.7246,0.7011,0.5115,0.6488,0.415,0.4439,0.6103,0.4754
0810102005,0.5152,0.7037,0.6816,0.6585,0.7416,0.7488,0.5609,0.6853,0.5087,0.4915,0.6156,0.5431
0810102007,0.4848,0.7058,0.6688,0.6426,0.7537,0.7311,0.5665,0.6829,0.4761,0.4369,0.5862,0.4804
0810102008,0.5253,0.717,0.6762,0.6271,0.7747,0.7531,0.5765,0.7048,0.5037,0.4703,0.6094,0.5607
0810102009,0.5293,0.713,0.6814,0.6215,0.7618,0.7648,0.5908,0.6777,0.4656,0.4524,0.5942,0.5118
0810102010,0.5347,0.727,0.695,0.6693,0.8094,0.7224,0.6029,0.7089,0.4512,0.4737,0.5575,0.5381
0810102011,0.437,0.6223,0.6074,0.5445,0.6759,0.6358,0.428,0.5941,0.3509,0.3159,0.4673,0.3755
0810102012,0.5094,0.6527,0.6539,0.6098,0.7175,0.6548,0.5025,0.6164,0.367,0.3576,0.514,0.3735
0810102013,0.5115,0.6732,0.6702,0.5833,0.7487,0.675,0.5168,0.6564,0.4226,0.3941,0.5642,0.4517
0810102014,0.4828,0.6487,0.6258,0.5933,0.7015,0.6524,0.4984,0.6105,0.3755,0.4097,0.5332,0.4262
0810102016,0.5103,0.6845,0.6897,0.6287,0.7402,0.7382,0.5298,0.6299,0.3877,0.4046,0.6083,0.4666
0810102017,0.5066,0.6505,0.6486,0.6209,0.7476,0.6926,0.5292,0.6383,0.4807,0.4458,0.5863,0.4963
0810102020,0.4908,0.6625,0.6498,0.595,0.7104,0.6812,0.4984,0.6423,0.4037,0.4063,0.5711,0.463
0810102021,0.4539,0.6442,0.6401,0.5793,0.6834,0.6805,0.4841,0.6031,0.3965,0.4103,0.5216,0.4247
0810102023,0.5147,0.6619,0.6652,0.6138,0.739,0.6923,0.5472,0.6374,0.4074,0.4286,0.5686,0.483
0810102024,0.4506,0.6212,0.6195,0.5702,0.7085,0.7006,0.5079,0.6373,0.4006,0.4056,0.5614,0.4426
0810102026,0.5203,0.7057,0.6721,0.6448,0.7609,0.7028,0.541,0.669,0.4488,0.454,0.5435,0.4986
0810102028,0.4309,0.604,0.5877,0.5306,0.6578,0.6588,0.4591,0.5744,0.3739,0.3398,0.4951,0.3765
0810102029,0.388,0.5741,0.5625,0.4942,0.6281,0.5962,0.4008,0.5577,0.3637,0.3471,0.5031,0.3754
0810102031,0.4697,0.6358,0.6419,0.5684,0.7096,0.6692,0.503,0.5923,0.3717,0.4151,0.505,0.4459
0810102032,0.5478,0.7292,0.7231,0.6476,0.7421,0.7199,0.5484,0.6573,0.4343,0.4209,0.561,0.4373
0810102033,0.4718,0.6661,0.6475,0.5889,0.7321,0.6637,0.4982,0.5875,0.3883,0.3459,0.5253,0.4313
0810102034,0.4983,0.638,0.6427,0.59,0.7008,0.6793,0.4957,0.6126,0.4266,0.409,0.5321,0.4349
0810102036,0.4642,0.6484,0.6296,0.591,0.728,0.6756,0.555,0.6226,0.4538,0.4619,0.5226,0.4667
0810102037,0.4962,0.6326,0.6381,0.5696,0.7195,0.6968,0.459,0.6308,0.3789,0.4124,0.5299,0.4215
0810102038,0.4886,0.6571,0.6207,0.6205,0.7281,0.7182,0.5312,0.6679,0.4343,0.4178,0.5557,0.4358
0810102039,0.5085,0.7039,0.6462,0.5977,0.7533,0.6982,0.5754,0.6504,0.477,0.4618,0.5892,0.5152
0810102040,0.4964,0.6519,0.6732,0.6155,0.7392,0.6991,0.5356,0.6344,0.4546,0.3879,0.5497,0.4463
0810102042,0.5137,0.6352,0.6553,0.574,0.6784,0.6426,0.5192,0.62,0.3986,0.3881,0.4834,0.452
0810102043,0.4865,0.6796,0.6504,0.6025,0.7236,0.7024,0.5231,0.6415,0.4378,0.4364,0.5745,0.4963
0810102045,0.5571,0.6445,0.6538,0.6181,0.7348,0.6763,0.5275,0.6031,0.4155,0.4202,0.5702,0.4791
0810102046,0.4805,0.6444,0.6414,0.5776,0.697,0.6617,0.5087,0.6035,0.4129,0.4238,0.529,0.4288
0810102047,0.498,0.6618,0.6671,0.6008,0.7328,0.7049,0.5319,0.6546,0.3628,0.3946,0.5363,0.4291
0810102048,0.5092,0.6667,0.6473,0.6124,0.7349,0.7238,0.5243,0.6585,0.3844,0.3951,0.554,0.4557
0810102049,0.4984,0.6767,0.6359,0.599,0.7127,0.7161,0.522,0.6478,0.4475,0.3596,0.5063,0.4308
0810103001,,,,,,0.7369,0.5628,0.6846,0.4482,0.467,0.6114,0.5189
0810103002,0.5599,0.7618,0.7366,0.6533,0.8082,0.7528,0.5758,0.683,0.4588,0.4405,0.6134,0.5264
0810103003,0.5254,0.6937,0.7053,0.6554,0.789,0.7419,0.5998,0.6952,0.4221,0.4655,0.5758,0.5229
0810103004,0.5305,0.7524,,,,0.7646,0.5868,0.7209,0.5367,0.5229,0.6903,0.5972
0810103005,0.553,0.7489,0.7374,0.6598,0.8167,0.7787,0.6257,0.7548,0.5491,0.526,0.6852,0.6015
0810103006,0.5481,0.7081,0.7142,0.6623,0.7743,0.7599,0.5844,0.6994,0.4855,0.4772,0.63,0.5534
0810103007,0.6323,0.8142,0.7933,0.7546,0.8624,0.817,0.6921,0.793,0.5888,0.5666,0.7183,0.6785
0810103008,0.6172,0.7966,0.7695,0.7165,0.8643,0.8383,0.7044,0.7815,0.5877,0.575,0.6985,0.6584
0810103009,0.5365,0.7601,0.7365,0.6793,0.8426,0.8096,0.6101,0.761,0.5268,0.4911,0.6777,0.586
0810103010,0.5363,0.717,0.6904,0.6635,0.7877,0.7264,0.5755,0.6677,0.4848,0.496,0.6242,0.5399
0810103011,0.5023,0.7005,0.66,0.6321,0.771,0.7155,0.5153,0.6219,0.4405,0.4413,0.5739,0.4969
0810103012,0.5408,0.7396,0.6983,0.6747,0.7728,0.7492,0.5958,0.7005,0.5446,0.4914,0.6335,0.5667
0810103013,0.5694,0.7574,0.7249,0.671,0.8338,0.7661,0.6116,0.7364,0.4741,0.518,0.6525,0.5872
0810103014,0.5412,0.75,0.7271,0.6603,0.8143,0.7659,0.5773,0.7242,0.5,0.485,0.6464,0.5541
0810103015,0.545,0.7425,0.7432,0.6918,0.8203,0.7667,0.5885,0.7212,0.525,0.4824,0.6352,0.5577
0810103016,0.6352,0.8326,0.8206,0.7619,0.8761,0.8467,0.7209,0.8024,0.6145,0.5841,0.7357,0.68
0810103017,0.476,0.6901,0.6717,0.5554,0.7093,0.7062,0.4901,0.6223,0.3693,0.376,0.5408,0.4318
0810103018,0.545,0.8293,0.7719,0.7365,0.8613,0.8258,0.6377,0.7571,0.5641,0.5634,0.7138,0.6506
0810103019,0.6066,0.8209,0.8023,0.719,0.8696,0.8393,0.688,0.7911,0.6011,0.5313,0.7093,0.6528
0810103020,0.5255,0.7769,0.7395,0.6793,0.8428,0.7712,0.603,0.7177,0.5336,0.4656,0.6512,0.5536
0810103021,0.6221,0.8233,0.7981,0.7425,0.8525,0.8131,0.6774,0.7821,0.5779,0.5751,0.7137,0.6547
0810103022,0.5153,0.6906,0.6795,0.6129,0.7777,0.7448,0.5658,0.6813,0.4419,0.4338,0.6149,0.5315
0810103023,0.5368,0.759,0.7317,0.6669,0.828,0.7766,0.6074,0.7182,0.4895,0.5298,0.6719,0.5857
0810103024,0.4923,0.6396,0.6482,0.5635,0.7201,0.7247,0.5641,0.679,0.4405,0.442,0.5938,0.4993
0810103025,0.5856,0.7819,0.7489,0.7003,0.8378,0.8041,0.6515,0.7614,0.496,0.5365,0.6968,0.6172
0810103026,,,,,,,0.6792,0.76,0.6276,0.5637,0.7134,0.6479
0810103027,0.5979,0.8115,0.7894,0.738,0.8602,0.8079,0.6299,0.7614,0.5293,0.5471,0.706,0.6636
0810103028,,,,,,0.8301,0.6848,0.7855,0.6018,0.587,0.7386,0.6296
0810103029,,,,,,0.8276,0.665,0.7922,0.5809,0.6038,0.7066,0.6494
0810104001,0.5508,0.7,0.7161,0.6623,0.7522,0.7315,0.5553,0.6728,0.4604,0.4662,0.5911,0.485
0810104002,0.4253,0.6268,0.6303,0.5742,0.69,0.6429,0.4719,0.6074,0.3307,0.3694,0.5361,0.3972
0810104003,0.516,0.7466,0.7563,0.6784,0.8092,0.7558,0.5879,0.7028,0.4299,0.4523,0.6,0.5166
0810104004,0.4902,0.6795,0.6683,0.618,0.7318,0.6982,0.5097,0.6444,0.396,0.4086,0.5272,0.452
0810104005,0.4684,0.6455,0.654,0.5865,0.7068,0.6781,0.4576,0.6142,0.3836,0.3979,0.5363,0.419
0810104006,0.4842,0.6598,0.6716,0.607,0.7155,0.6723,0.4916,0.6277,0.3816,0.4068,0.5895,0.4504
0810104007,0.4631,0.6279,0.6348,0.5665,0.6969,0.6696,0.4705,0.5849,0.3507,0.3449,0.5,0.3531
0810104009,0.4926,0.6681,0.6655,0.5931,0.7122,0.699,0.513,0.6196,0.427,0.3933,0.5764,0.4452
0810104010,0.5168,0.7127,0.719,0.6649,0.7571,0.6965,0.5727,0.6957,0.4791,0.4816,0.6091,0.5245
0810104011,0.5473,0.7365,0.732,0.6395,0.8024,0.7123,0.5714,0.6808,0.4724,0.433,0.5395,0.4786
0810104012,0.539,0.7143,0.7044,0.6159,0.7781,0.7336,0.5837,0.6826,0.4268,0.461,0.6129,0.5239
0810104014,0.479,0.6245,0.6246,0.5747,0.7123,0.6608,0.4804,0.6258,0.3645,0.3873,0.5296,0.4171
0810104016,0.4584,0.6416,0.6452,0.5945,0.6841,0.6646,0.5012,0.6172,0.3598,0.4055,0.5355,0.4052
0810104018,0.4627,0.6593,0.6498,0.5854,0.7214,0.6617,0.4851,0.6186,0.3833,0.3992,0.5492,0.4413
0810104019,0.4265,0.6087,0.6229,0.5796,0.7112,0.6505,0.4627,0.6124,0.3684,0.3397,0.5014,0.4062
0810104020,0.5016,0.6785,0.6653,0.6104,0.7475,0.6972,0.5275,0.6414,0.418,0.4373,0.5498,0.4857
0810104021,0.5274,0.7184,0.7107,0.6519,0.7598,0.6802,0.5483,0.652,0.4221,0.4284,0.5799,0.5007
0810104022,0.3907,0.5665,0.5929,0.5498,0.6574,0.634,0.4381,0.5817,0.3783,0.3772,0.5072,0.402
0810104023,0.5544,0.704,0.7043,0.6615,0.7768,0.7131,0.5495,0.6593,0.4052,0.4677,0.5671,0.4479
0810104025,0.4813,0.6729,0.6391,0.6006,0.7216,0.6807,0.5233,0.6585,0.367,0.4283,0.5642,0.4163
0810104026,0.4833,0.6096,0.5925,0.5563,0.7175,0.6661,0.4681,0.6038,0.3525,0.3807,0.5537,0.4549
0810104027,0.4314,0.5638,0.5804,0.5163,0.6344,0.6061,0.4106,0.5813,0.3338,0.3294,0.4609,0.3295
0810104030,0.4564,0.5923,0.5867,0.5494,0.6492,0.6193,0.4165,0.6018,0.2952,0.3434,0.4348,0.3573
0810104031,0.467,0.6135,0.6015,0.5543,0.6475,0.6497,0.4734,0.5693,0.3391,0.3524,0.5054,0.3811
0810104032,0.5416,0.7098,0.7156,0.6904,0.7661,0.724,0.5318,0.6548,0.4231,0.4259,0.6035,0.5041
0810104033,0.3797,0.5747,0.5335,0.5005,0.6199,0.5941,0.3904,0.5223,0.3395,0.3402,0.5102,0.4116
0810104035,0.3678,0.4906,0.5103,0.4335,0.5732,0.5263,0.3417,0.4617,0.2689,0.3176,0.4453,0.3611
0810104036,0.4761,0.6386,0.649,0.5699,0.7001,0.656,0.4699,0.5993,0.3629,0.4124,0.5632,0.4149
0810104037,0.4514,0.6635,0.6437,0.5837,0.7053,0.6478,0.4846,0.6122,0.3548,0.3497,0.536,0.3782
0810104040,0.5559,0.723,0.7419,0.6995,0.7755,0.7084,0.5762,0.7,0.4586,0.4493,0.5557,0.5022
0810104041,0.5744,0.7604,0.7584,0.6908,0.8102,0.7691,0.5811,0.7293,0.5047,0.5262,0.6467,0.566
0810105001,0.578,0.7973,0.7678,0.7086,0.8416,0.7867,0.5986,0.7291,0.5131,0.5087,0.6667,0.5638
0810105002,0.5189,0.6873,0.6824,0.6122,0.7307,0.6704,0.5261,0.6217,0.4194,0.445,0.5508,0.4788
0810105003,0.5859,0.8003,0.7699,0.7389,0.8644,0.8056,0.675,0.7635,0.5666,0.5724,0.7162,0.6435
0810105004,0.5539,0.7783,0.7382,0.6824,0.7965,0.7596,0.5915,0.7054,0.4665,0.4871,0.6146,0.528
0810105005,0.6241,0.813,0.7781,0.687,0.8251,0.7879,0.627,0.7519,0.4835,0.5409,0.6566,0.6068
0810105006,0.5764,0.7721,0.7614,0.6846,0.8432,0.7972,0.617,0.7506,0.5227,0.5167,0.6875,0.5752
0810105007,0.5425,0.7404,0.7557,0.6708,0.7983,0.7155,0.5779,0.6564,0.5009,0.452,0.5899,0.5096
0810105008,0.5089,0.6717,0.6721,0.603,0.7317,0.7129,0.4994,0.6659,0.3813,0.3726,0.5516,0.4282
0810105010,0.5015,0.7251,0.719,0.6302,0.8006,0.7336,0.5441,0.7002,0.4236,0.424,0.5693,0.4851
0810105011,0.4411,0.6286,0.6334,0.5933,0.7182,0.6659,0.4821,0.6235,0.3905,0.3852,0.5674,0.4373
0810105013,0.4564,0.6135,0.6143,0.5741,0.6929,0.6392,0.4885,0.6041,0.3818,0.3744,0.5459,0.3887
0810105014,0.4122,0.6368,0.6348,0.5718,0.6779,0.5532,0.419,0.6109,0.3458,0.3759,0.5593,0.4178
0810105017,0.4546,0.6356,0.65,0.5779,0.6975,0.6391,0.429,0.5678,0.3417,0.3656,0.5134,0.3934
0810105018,0.493,0.6762,0.7023,0.6445,0.7538,0.7101,0.5355,0.6317,0.3904,0.4061,0.5501,0.4242
0810105020,0.5116,0.7253,0.6881,0.6354,0.7736,0.6911,0.5427,0.653,0.4227,0.4338,0.5963,0.4889
0810105021,0.5935,0.8068,0.7756,0.7334,0.8526,0.8167,0.6778,0.7577,0.5344,0.5821,0.6819,0.6433
0810105023,0.4915,0.6766,0.6739,0.6131,0.7543,0.7101,0.5228,0.6557,0.4045,0.4363,0.6009,0.4645
0810105024,0.4401,0.6062,0.5899,0.543,0.6857,0.6701,0.4825,0.6026,0.3262,0.3585,0.4944,0.3964
0810105025,0.4458,0.6285,0.6523,0.6032,0.7158,0.7129,0.5047,0.6603,0.3889,0.4168,0.5612,0.4291
0810105026,0.4122,0.5686,0.5886,0.502,0.6099,0.6044,0.4144,0.5533,0.336,0.3625,0.5154,0.3763
0810105028,0.5073,0.6708,0.6721,0.6252,0.739,0.7199,0.5279,0.6438,0.4214,0.4234,0.5927,0.4864
0810105029,0.4528,0.6286,0.6518,0.5777,0.7167,0.6485,0.4838,0.6285,0.4016,0.4268,0.5548,0.4499
0810105030,0.5404,0.6957,0.7138,0.6539,0.7838,0.7302,0.5421,0.6642,0.462,0.4827,0.6148,0.5042
0810105031,0.4553,0.6459,0.678,0.5913,0.7118,0.6897,0.4505,0.5989,0.3678,0.3939,0.5522,0.4123
0810105032,0.5156,0.6938,0.6763,0.64,0.7509,0.7007,0.5368,0.6663,0.4562,0.4503,0.5791,0.5068
0810105033,0.5235,0.6517,0.6503,0.5865,0.7233,0.6667,0.538,0.6329,0.4113,0.4319,0.5811,0.4468
0810105034,0.5293,0.6915,0.6565,0.6156,0.6946,0.674,0.5168,0.648,0.4471,0.4283,0.5395,0.4718
0810105035,0.6141,0.8178,0.805,0.7131,0.8762,0.794,0.6168,0.7762,0.5272,0.531,0.6753,0.6036
0810105037,0.5398,0.7609,0.7013,0.6781,0.773,0.7434,0.5696,0.7052,0.4556,0.4574,0.63,0.49
0810105038,0.5141,0.6726,0.6439,0.583,0.7179,0.7123,0.5387,0.6549,0.4018,0.4256,0.5926,0.4678
0810106001,0.5632,0.7365,0.7319,0.6618,0.8057,0.7502,0.589,0.7044,0.4804,0.4954,0.6358,0.5301
0810106002,0.5561,0.7306,0.7194,0.6616,0.7846,0.7517,0.5578,0.6858,0.448,0.4484,0.6115,0.5104
0810106005,0.5906,0.7736,0.802,0.7126,0.8336,0.8077,0.6465,0.7527,0.5217,0.5321,0.6624,0.6012
0810106006,0.4825,0.669,0.6874,0.6222,0.7568,0.7185,0.5221,0.6604,0.4362,0.4471,0.6006,0.4941
0810106007,0.5466,0.7168,0.7121,0.6621,0.7986,0.7391,0.54,0.7106,0.4426,0.4651,0.5997,0.5532
0810106008,0.5063,0.7179,0.6841,0.6252,0.7702,0.7006,0.5227,0.6667,0.4162,0.4354,0.6006,0.4695
0810106009,0.5944,0.7824,0.769,0.6721,0.81,0.7504,0.6062,0.7356,0.4886,0.491,0.6361,0.5724
0810106010,0.6043,0.8078,0.79,0.7029,0.8345,0.7943,0.6099,0.7363,0.5293,0.5519,0.6701,0.5791
0810106011,0.5067,0.7128,0.6712,0.632,0.7786,0.7541,0.548,0.6965,0.4329,0.4585,0.6218,0.5065
0810106012,0.4934,0.7154,0.7196,0.6529,0.8032,0.7534,0.5604,0.7118,0.4223,0.4556,0.6204,0.5126
0810106013,0.5975,0.7908,0.7753,0.7135,0.8131,0.8209,0.6419,0.7564,0.4596,0.5316,0.6452,0.6023
0810106014,0.6039,0.7997,0.7916,0.7355,0.8633,0.7824,0.6156,0.7565,0.5035,0.5308,0.6662,0.5994
0810106015,0.5974,0.7713,0.7731,0.7169,0.8436,0.8023,0.6861,0.7646,0.4959,0.5896,0.7109,0.6132
0810106016,0.4424,0.6519,0.6364,0.5784,0.7311,0.6818,0.4804,0.6385,0.3906,0.4082,0.5535,0.4524
0810106017,0.5409,0.7149,0.7176,0.6694,0.6589,0.7353,0.554,0.7068,0.424,0.5014,0.6265,0.4993
0810106018,0.656,0.8317,0.8271,0.7742,0.8864,0.8639,0.7536,0.8293,0.667,0.6505,0.7373,0.687
0810106019,0.6068,0.7823,0.7608,0.7044,0.8293,0.7968,0.6485,0.7565,0.5339,0.5802,0.6878,0.623
0810106021,0.5781,0.7881,0.7821,0.7134,0.8555,0.7768,0.6099,0.7165,0.5068,0.5279,0.6551,0.5617
0810106022,0.5165,0.7679,0.7202,0.6513,0.8434,0.7642,0.5557,0.7002,0.4268,0.491,0.6518,0.543
0810106023,0.642,0.8285,0.8006,0.7531,0.8721,0.7973,0.673,0.773,0.5739,0.5713,0.668,0.6206
0810106024,0.5491,0.7434,0.7219,0.68,0.8205,0.7513,0.5525,0.6997,0.4586,0.4458,0.6414,0.5578
0810106025,0.6324,0.8316,0.8133,0.7757,0.8813,0.8225,0.6893,0.791,0.5991,0.5669,0.728,0.6287
0810106026,0.5071,0.7486,0.7029,0.6586,0.8162,0.7767,0.6059,0.7331,0.5014,0.4765,0.6341,0.4777
0810106027,0.6079,0.8117,0.8021,0.7477,0.8748,0.8106,0.6612,0.7801,0.5348,0.5824,0.7239,0.6293
0810106030,0.6052,0.7723,0.7663,0.6678,0.8439,0.7987,0.6192,0.763,0.4611,0.5429,0.6569,0.5776
0810106031,0.6141,0.7889,0.7914,0.7348,0.8541,0.8132,0.6221,0.7639,0.4967,0.558,0.6888,0.5688
0810106032,0.4824,0.6629,0.6178,0.5884,0.7507,0.6883,0.51,0.6246,0.3843,0.402,0.5501,0.4458
0810201001,0.5197,0.6937,0.6015,0.5602,0.7265,0.6683,0.5665,0.6273,0.4473,0.4893,0.5313,0.5012
0810202001,0.6209,0.8257,0.711,0.6741,0.8499,0.7903,0.6877,0.7504,0.6231,0.5882,0.6218,0.619
0810202002,0.6063,0.7763,0.7027,0.6548,0.8106,0.7503,0.6588,0.7242,0.5467,0.5644,0.649,0.5971
0810202003,0.6065,0.7979,0.681,0.6282,0.8041,0.7854,0.6869,0.7249,0.5732,0.5734,0.6224,0.5792
0810203001,0.5481,0.7295,0.6199,0.6122,0.7728,0.7529,0.6046,0.6812,0.5407,0.5085,0.5536,0.5185
0810203002,0.5823,0.8133,0.7142,0.6448,0.8368,0.7787,0.6797,0.7326,0.5801,0.5712,0.6605,0.6164
0810203003,0.6159,0.8097,0.6814,0.6719,0.8293,0.7802,0.691,0.7109,0.561,0.5863,0.6753,0.6071
0810203004,0.571,0.7873,0.6894,0.636,0.8351,0.7675,0.645,0.7084,0.5251,0.5545,0.6072,0.5769
0810203005,0.5796,0.7708,0.7233,0.6614,0.8409,0.7681,0.6589,0.6918,0.4975,0.614,0.6352,0.533
0810203006,0.629,0.8552,0.7553,0.6871,0.8908,0.838,0.7247,0.7905,0.6463,0.6412,0.7278,0.6926
0810203007,0.616,0.8452,0.7491,0.7,0.8885,0.8436,0.7141,0.7949,0.6314,0.6137,0.6859,0.6628
0810203008,0.5987,0.7978,0.7481,0.6863,0.8633,0.7734,0.6691,0.7336,0.5558,0.5603,0.6479,0.5896
0810203009,0.612,0.8643,0.7565,0.6931,0.8758,0.8545,0.7253,0.8081,0.6132,0.6366,0.6973,0.6385
0810203010,0.6039,0.8563,0.7641,0.6758,0.8977,0.826,0.693,0.7816,0.6092,0.6184,0.708,0.6412
0810204001,0.567,0.7744,0.6802,0.6317,0.7734,0.7357,0.6424,0.6953,0.5799,0.5674,0.6604,0.5778
0810204002,0.5997,0.7759,0.6845,0.6541,0.8086,0.7605,0.6776,0.7082,0.5914,0.5786,0.611,0.6017
0810204003,0.6209,0.7832,0.7184,0.6762,0.8234,0.7942,0.6614,0.7309,0.5777,0.5902,0.682,0.6184
0810204004,0.6163,0.8059,0.7132,0.6622,0.8345,0.8011,0.7003,0.7508,0.6242,0.5887,0.6333,0.5976
0810204005,0.6005,0.8055,0.7023,0.6541,0.8476,0.8047,0.681,0.7471,0.5674,0.5638,0.6451,0.6076
0810205001,0.5769,0.7923,0.7113,0.6477,0.8116,0.7701,0.6421,0.7298,0.5533,0.5593,0.6231,0.5652
0810205002,0.5633,0.7441,0.6707,0.6358,0.8096,0.741,0.6361,0.6732,0.5298,0.5792,0.5181,0.5708
0810205003,0.6004,0.7993,0.7073,0.6579,0.8059,0.7691,0.6757,0.7249,0.5692,0.5496,0.6463,0.5743
0810205004,0.601,0.8218,0.7496,0.6545,0.8563,0.8053,0.7158,0.7751,0.5757,0.5974,0.6875,0.6273
0810205005,,,,,,,,,,0.4596,0.5069,0.4195
0810205007,0.6111,0.811,0.7014,0.6645,0.8417,0.7948,0.6819,0.7643,0.5754,0.5924,0.6735,0.6013
0810301001,0.6145,0.8189,0.683,0.632,0.8354,0.7922,0.7185,0.7301,0.5862,0.707,0.6567,0.6233
0810401001,0.7671,0.8438,0.6525,0.6362,0.8486,0.7902,0.794,0.7549,0.6385,0.7734,0.6738,0.6526
0810501001,0.5122,0.7292,0.7007,0.6349,0.785,0.7399,0.5734,0.6714,0.4401,0.4797,0.6094,0.4893
0810501002,0.5523,0.7275,0.7173,0.651,0.8399,0.7784,0.6126,0.7012,0.4971,0.5213,0.6664,0.5631
0810501003,0.5902,0.7806,0.7557,0.6784,0.8257,0.775,0.6444,0.7238,0.4833,0.5462,0.6743,0.5834
0810501004,0.5522,0.755,0.6998,0.6705,0.7808,0.7624,0.5996,0.6866,0.4311,0.5252,0.6591,0.5112
0810501005,0.5387,0.7169,0.7219,0.6168,0.783,0.745,0.5889,0.6835,0.4436,0.4843,0.6155,0.494
0810501006,0.5779,0.778,0.7345,0.648,0.7859,0.7489,0.6152,0.6935,0.4456,0.5093,0.6289,0.5165
0810501007,0.5608,0.7291,0.7228,0.6402,0.7824,0.7333,0.5982,0.681,0.4539,0.5378,0.5921,0.5064
0810501008,0.6261,0.8247,0.8201,0.7228,0.8883,0.8659,0.6942,0.8073,0.5899,0.5911,0.7072,0.6227
0810501009,0.6205,0.8234,0.7908,0.7208,0.8791,0.8534,0.6715,0.784,0.5424,0.5804,0.7294,0.6035
0810601001,0.5827,0.7425,0.6973,0.6635,0.806,0.7611,0.6046,0.7135,0.4861,0.5474,0.6476,0.5627
0810601002,0.5967,0.7794,0.7261,0.6534,0.813,0.752,0.6153,0.698,0.4896,0.5113,0.6489,0.5393
0810602001,0.6179,0.8029,0.7324,0.6832,0.8668,0.805,0.6891,0.7399,0.5779,0.5674,0.6797,0.612
0810602002,0.6373,0.8413,0.7843,0.6977,0.8722,0.8253,0.6999,0.7622,0.5393,0.5886,0.6806,0.6003
0810602003,0.5648,0.7684,0.7008,0.6426,0.825,0.7607,0.6232,0.7142,0.5449,0.557,0.6654,0.575
0810602004,0.5235,0.7986,0.6944,0.6775,0.8481,0.7693,0.5926,0.7327,0.5652,0.4664,0.6583,0.5628
0810701001,0.5955,0.8031,0.7115,0.6599,0.8513,0.7759,0.6551,0.7216,0.4964,0.5265,0.6679,0.5683
0810701002,0.6004,0.7776,0.6999,0.655,0.835,0.8041,0.6452,0.7466,0.5095,0.5377,0.6474,0.5742
0810701003,0.4953,0.7954,0.745,0.6454,0.8626,0.7806,0.5798,0.7188,0.4321,0.4663,0.6664,0.5302
0810701004,0.4765,0.7461,0.6771,0.6269,0.825,0.7555,0.5715,0.7051,0.4054,0.4314,0.6192,0.5
0810701005,0.5123,0.7677,0.7137,0.6526,0.8193,0.7656,0.612,0.7231,0.4614,0.4779,0.6773,0.5381
0810701006,0.5441,0.7572,0.725,0.6687,0.818,0.773,0.5767,0.6919,0.4443,0.488,0.6632,0.5553
0810701007,0.532,0.7964,0.7114,0.6583,0.8314,0.7693,0.6236,0.7405,0.5148,0.4996,0.6985,0.5615
0810701008,0.5136,0.777,0.6699,0.6336,0.8376,0.8363,0.5859,0.6811,0.4205,0.415,0.6492,0.4936
0810701009,0.5792,0.7877,0.7513,0.6958,0.8591,0.8002,0.6106,0.7498,0.4565,0.4694,0.6257,0.4966
0810701010,0.4919,0.7618,0.7186,0.6441,0.8341,0.769,0.5543,0.7105,0.443,0.4076,0.6446,0.5102
0810801001,0.5624,0.8151,0.7619,0.7108,0.8601,0.8086,0.6341,0.7574,0.5174,0.5303,0.6736,0.5998
0810801002,0.6109,0.8202,0.7714,0.7142,0.8636,0.8243,0.6604,0.7641,0.5513,0.6032,0.6946,0.59
0810801003,0.5975,0.8166,0.7372,0.6826,0.8665,0.8106,0.6747,0.7394,0.5532,0.5711,0.6968,0.5791
0810801004,0.6176,0.7828,0.7092,0.6718,0.8512,0.7868,0.6599,0.7231,0.5303,0.5989,0.713,0.587
0810901001,0.8372,0.9014,0.8131,0.75,0.9023,0.8846,0.8302,0.8502,0.7864,0.4978,0.671,0.7009
0811001001,0.592,0.778,0.7171,0.6836,0.8468,0.7835,0.6865,0.7217,0.5211,0.5416,0.6359,0.5632
0811001002,0.592,0.777,0.7054,0.6541,0.8035,0.7596,0.6456,0.702,0.5168,0.5212,0.6739,0.5796
0811001003,0.5609,0.7428,0.6974,0.6209,0.7963,0.7473,0.6123,0.6741,0.4564,0.5182,0.6278,0.5238
0811001004,0.5436,0.7175,0.6793,0.6096,0.7688,0.7285,0.6337,0.6551,0.4768,0.5375,0.636,0.53
0811001005,0.5458,0.7331,0.6848,0.6309,0.7733,0.7361,0.6186,0.6894,0.461,0.5011,0.6534,0.5133
0811001006,0.5354,0.7396,0.6719,0.6324,0.7815,0.734,0.5968,0.672,0.4694,0.4681,0.6218,0.4938
0811002001,0.6246,0.7869,0.7106,0.6641,0.8233,0.7628,0.6942,0.7064,0.5404,0.5559,0.6177,0.5486
0811002002,0.615,0.7765,0.6787,0.6321,0.79,0.7559,0.6685,0.7083,0.5379,0.5471,0.6347,0.5759
0811002003,0.4581,0.6914,0.6471,0.5928,0.7459,0.6844,0.5661,0.6343,0.4381,0.4146,0.5933,0.4689
0811101001,0.7628,0.9263,0.8565,0.8486,0.9381,0.9302,0.8894,0.9028,0.8591,0.7164,0.7437,0.8578
0811201001,0.586,0.8159,0.6898,0.6112,0.8465,0.7676,0.6839,0.7361,0.5898,0.5103,0.6104,0.601
0811201002,0.5692,0.8067,0.6391,0.6248,0.8217,0.7437,0.6153,0.6933,0.5808,0.5204,0.596,0.5533
0811202001,0.5519,0.8321,0.6811,0.6246,0.8671,0.8162,0.7149,0.75,0.5753,0.529,0.6484,0.6496
0811202002,0.5068,0.7793,0.681,0.6029,0.8342,0.7663,0.6542,0.7374,0.4929,0.4769,0.6231,0.5689
0811202003,0.599,0.8077,0.7008,0.6428,0.825,0.7628,0.6764,0.7207,0.5805,0.5388,0.5992,0.5748
0811202004,0.4832,0.7538,0.6711,0.5914,0.7779,0.7127,0.6315,0.696,0.4742,0.4893,0.5711,0.5455
0811203001,0.5081,0.7575,0.6531,0.5622,0.8,0.7704,0.6114,0.6976,0.4698,0.4619,0.6099,0.5502
0811203002,0.5258,0.7889,0.6702,0.6063,0.8127,0.7379,0.6403,0.6912,0.4958,0.4339,0.5574,0.5083
0811203003,0.5013,0.7066,0.6258,0.5829,0.7439,0.6826,0.561,0.6542,0.4205,0.4405,0.5233,0.4581
0811203004,0.4598,0.7931,0.6713,0.5707,0.8381,0.7735,0.6112,0.7234,0.4893,0.4855,0.6031,0.5729
0811204001,0.5556,0.7873,0.6855,0.6165,0.8416,0.7724,0.6759,0.7292,0.5435,0.4877,0.6205,0.5534
0811204002,0.5839,0.8126,0.6833,0.6225,0.8599,0.7885,0.7038,0.7537,0.6016,0.5261,0.6467,0.6427
0811301001,0.5246,0.66,0.5881,0.5674,0.7091,0.6887,0.5701,0.6418,0.5334,0.4975,0.5695,0.5297
0811301002,0.4828,0.6455,0.5687,0.5317,0.6933,0.6526,0.5633,0.5959,0.5241,0.45,0.5443,0.508
0811302001,0.6284,0.8113,0.7065,0.6667,0.8282,0.8088,0.7018,0.7613,0.5997,0.5692,0.6435,0.6559
0811302002,0.5665,0.825,0.6838,0.6403,0.8547,0.8037,0.6857,0.7604,0.6095,0.5551,0.6675,0.6267
0811302003,0.5869,0.8134,0.7004,0.6491,0.819,0.7917,0.6819,0.7466,0.615,0.5652,0.6813,0.6318
0811302004,0.5863,0.8164,0.6897,0.6594,0.8422,0.8024,0.6632,0.7462,0.5899,0.5365,0.6894,0.6558
0811302005,0.5347,0.7746,0.6579,0.608,0.8042,0.7592,0.6436,0.7277,0.536,0.4748,0.603,0.5882
0811302006,0.5131,0.7381,0.6673,0.6103,0.7647,0.7446,0.5679,0.6849,0.4746,0.419,0.5918,0.522
0811302007,0.5448,0.7634,0.6801,0.6484,0.8029,0.7559,0.6076,0.702,0.516,0.4919,0.6015,0.5513
0811302008,0.4685,0.7534,0.642,0.5946,0.7835,0.7299,0.5765,0.6569,0.4905,0.4419,0.565,0.5413
0811302009,0.5241,0.7546,0.6575,0.6197,0.8044,0.746,0.6156,0.6927,0.5198,0.437,0.6051,0.5502
0811302010,0.5863,0.8139,0.7135,0.669,0.8443,0.7952,0.6785,0.7565,0.6232,0.5576,0.6735,0.6502
0811302011,0.5917,0.8076,0.6906,0.6514,0.8479,0.8101,0.6741,0.7295,0.5706,0.515,0.6372,0.6257
0811302012,0.5791,0.8511,0.7175,0.6743,0.8467,0.7952,0.6957,0.737,0.5871,0.5159,0.6393,0.6253
0811302013,0.5284,0.792,0.679,0.6227,0.7973,0.7398,0.6092,0.6862,0.5593,0.5082,0.6054,0.5533
0811302014,0.5268,0.763,0.6709,0.6006,0.8054,0.7411,0.6165,0.6965,0.5391,0.4819,0.6297,0.594
0811303001,0.5056,0.701,0.6398,0.6028,0.7469,0.7192,0.5804,0.6389,0.5247,0.4731,0.5708,0.5213
0811303002,0.515,0.6667,0.6246,0.5458,0.7076,0.7066,0.5952,0.6605,0.5276,0.4547,0.5554,0.5152
0811303004,0.5016,0.6981,0.6269,0.5748,0.7335,0.7059,0.5682,0.6541,0.4856,0.4511,0.5498,0.544
0811303005,0.5489,0.777,0.7082,0.6471,0.8172,0.7854,0.6236,0.7094,0.5268,0.4764,0.6049,0.5613
0811303006,0.543,0.7698,0.6726,0.6395,0.8199,0.7466,0.5902,0.7037,0.51,0.4941,0.5955,0.5841
0811304001,0.5026,0.7109,0.6148,0.5935,0.7709,0.7258,0.6021,0.677,0.547,0.4816,0.5955,0.5592
0811304003,0.5361,0.7695,0.6765,0.6548,0.7654,0.7265,0.6076,0.6805,0.5411,0.4847,0.5945,0.5682
0811304004,0.5798,0.8104,0.7084,0.6731,0.8082,0.7811,0.6395,0.7259,0.5997,0.5365,0.6454,0.6405
0811304005,0.5575,0.8123,0.7034,0.6864,0.8397,0.7888,0.6448,0.7431,0.5486,0.5018,0.6099,0.581
0811304006,0.5423,0.7537,0.6675,0.6244,0.8148,0.7572,0.6444,0.7043,0.5584,0.508,0.61,0.5992
0811304007,0.5259,0.7681,0.6472,0.62,0.8249,0.7781,0.6375,0.7219,0.5527,0.4727,0.6151,0.5821
0811304008,0.5409,0.8115,0.7119,0.6664,0.8557,0.7786,0.6416,0.733,0.5479,0.495,0.6384,0.588
0811304009,0.557,0.7628,0.6745,0.6148,0.8254,0.766,0.6104,0.6994,0.5436,0.5043,0.6501,0.5872
0811304011,0.5193,0.747,0.6452,0.626,0.8016,0.7256,0.5774,0.6736,0.4854,0.4426,0.6027,0.5254
0811304012,0.5398,0.7675,0.6573,0.6183,0.7903,0.7312,0.6104,0.6408,0.4872,0.4301,0.5685,0.5592
0811304013,0.5591,0.8243,0.7282,0.6547,0.848,0.7977,0.6846,0.7434,0.5692,0.5101,0.6663,0.6307
0811304014,0.5858,0.8392,0.7082,0.6563,0.8719,0.8207,0.6953,0.7689,0.6055,0.5328,0.6676,0.6402
0811304015,0.5316,0.8243,0.6992,0.6375,0.8682,0.8156,0.6395,0.7545,0.5671,0.506,0.6431,0.6077
0811305001,0.4345,0.6648,0.5612,0.5217,0.683,0.6417,0.5097,0.6195,0.4571,0.4466,0.5217,0.5082
0811305002,0.4402,0.6297,0.5498,0.5277,0.7175,0.6495,0.5,0.5774,0.3966,0.4023,0.517,0.4799
0811305003,0.515,0.7602,0.6768,0.6061,0.8092,0.7375,0.5805,0.6896,0.5088,0.4481,0.5845,0.5548
0811305004,0.5163,0.7613,0.6778,0.6204,0.8,0.7407,0.59,0.7117,0.5024,0.5156,0.624,0.5666
0811305005,0.4737,0.7341,0.6341,0.5493,0.762,0.7125,0.5386,0.6628,0.4477,0.4351,0.6125,0.5137
0811305006,0.4806,0.7484,0.6648,0.5929,0.7979,0.7427,0.6002,0.6846,0.4886,0.4522,0.6156,0.5366
0811305007,0.4605,0.75,0.6809,0.617,0.7952,0.7669,0.5394,0.6687,0.481,0.4886,0.5909,0.5284
0811305008,0.4937,0.739,0.6293,0.6015,0.8115,0.7811,0.5882,0.7359,0.5206,0.4602,0.6306,0.5832
0811305010,0.5005,0.7036,0.6673,0.627,0.7552,0.6938,0.546,0.6758,0.4057,0.4059,0.5705,0.4952
0811305011,0.4848,0.7475,0.6354,0.5783,0.7768,0.7454,0.5944,0.6759,0.5072,0.4636,0.5833,0.5234
0811305012,0.4649,0.7299,0.6316,0.5677,0.7655,0.7243,0.5178,0.6102,0.4006,0.3875,0.5697,0.4722
0811305013,0.5477,0.7802,0.7252,0.6113,0.8157,0.7634,0.6218,0.7028,0.5,0.5063,0.6471,0.5957
0811305014,0.5323,0.7921,0.6837,0.6478,0.8193,0.7705,0.6127,0.6996,0.5259,0.5027,0.6429,0.6074
0811305015,0.5117,0.7274,0.6699,0.5918,0.7956,0.7405,0.5719,0.6333,0.3957,0.4564,0.6312,0.5273
0811305017,0.5523,0.8342,0.7286,0.6712,0.8712,0.8111,0.6492,0.7666,0.5439,0.5186,0.6758,0.6131
0811305018,0.4738,0.751,0.6685,0.617,0.7981,0.7476,0.5522,0.6748,0.3992,0.3981,0.6039,0.5076
0811306001,0.5051,0.6368,0.6361,0.5582,0.6746,0.6381,0.4836,0.5765,0.3323,0.411,0.5199,0.4025
0811306002,0.5052,0.7195,0.6474,0.5858,0.7661,0.7011,0.602,0.6542,0.5403,0.4184,0.5736,0.5392
0811401001,0.5375,0.7246,0.6421,0.6353,0.7558,0.7394,0.629,0.6721,0.5214,0.5487,0.6318,0.5591
0811401002,0.531,0.6537,0.5863,0.5557,0.6968,0.6284,0.5268,0.5967,0.4233,0.4844,0.5494,0.4377
0811401003,0.5564,0.7138,0.6546,0.6163,0.7955,0.7373,0.6199,0.7136,0.5079,0.5124,0.6116,0.5303
0811402003,0.4986,0.6833,0.6619,0.5974,0.7432,0.6963,0.5548,0.6295,0.4381,0.4989,0.5996,0.4956
0811403002,0.5333,0.6601,0.6419,0.6286,0.7464,0.6902,0.561,0.6244,0.3989,0.5154,0.6005,0.4696
0811403004,0.5234,0.6934,0.6691,0.5942,0.7409,0.7066,0.5955,0.6462,0.3977,0.5556,0.6,0.5086
0811403005,0.5243,0.692,0.6538,0.6166,0.7526,0.6848,0.5809,0.6403,0.4328,0.5205,0.555,0.4751
0811403006,0.5648,0.7519,0.7141,0.6337,0.8067,0.7523,0.6078,0.6726,0.4948,0.5199,0.5731,0.4872
0811403007,0.6258,0.8207,0.7886,0.7208,0.8811,0.8279,0.7284,0.7904,0.5818,0.6781,0.7328,0.6636
0811403008,0.5808,0.8141,0.7785,0.7116,0.8703,0.8326,0.6919,0.7974,0.5789,0.6114,0.7087,0.6257
0811403010,0.6814,0.8627,0.812,0.7736,0.9017,0.8787,0.7645,0.8489,0.6673,0.6614,0.7849,0.6806
0811404001,0.5481,0.7717,0.7449,0.6772,0.8408,0.779,0.6491,0.7528,0.5636,0.5976,0.7052,0.6078
0811404002,0.6153,0.8477,0.8037,0.7231,0.8932,0.8515,0.7065,0.8097,0.609,0.6296,0.7405,0.6567
0811404003,0.5447,0.7698,0.7483,0.6652,0.8138,0.7555,0.6228,0.7095,0.5143,0.5819,0.681,0.5934
0811404004,0.6122,0.8423,0.799,0.7369,0.8943,0.8378,0.6696,0.8056,0.5432,0.6111,0.7156,0.6104
0811501001,0.5746,0.7625,0.7156,0.6576,0.7976,0.7608,0.6045,0.7105,0.4492,0.5621,0.6384,0.5388
0811501002,0.6216,0.8423,0.7695,0.7105,0.868,0.8268,0.697,0.7673,0.5739,0.5919,0.7129,0.6287
0811501003,0.5872,0.775,0.7463,0.6785,0.8204,0.7609,0.6239,0.6985,0.4667,0.5393,0.679,0.5623
0811601001,0.6024,0.8818,0.7234,0.6696,0.8923,0.8226,0.786,0.8061,0.6865,0.7381,0.7087,0.6814
0811701001,0.6573,0.8698,0.7142,0.6725,0.8916,0.8414,0.7621,0.7982,0.6419,0.6256,0.6728,0.6605
0811702001,0.5541,0.791,0.6977,0.6045,0.8538,0.7922,0.6889,0.7481,0.5929,0.5393,0.5732,0.6144
0811801001,0.5452,0.8118,0.7223,0.6857,0.8356,0.8039,0.6544,0.7619,0.6252,0.4913,0.6947,0.6442
0811801002,0.5799,0.7912,0.7203,0.694,0.827,0.7663,0.6537,0.7186,0.5921,0.4975,0.6705,0.5839
0811801003,0.6151,0.8355,0.7505,0.7135,0.8522,0.8175,0.7096,0.7881,0.6337,0.6047,0.7051,0.6337
0811801004,0.6295,0.8583,0.7919,0.7434,0.8969,0.8665,0.7058,0.8164,0.6532,0.6003,0.7431,0.6595
0811801005,0.5829,0.7862,0.6982,0.6718,0.8221,0.7705,0.6789,0.7315,0.5839,0.5318,0.67,0.5951
0811801006,0.5464,0.791,0.7081,0.6323,0.8202,0.7642,0.6043,0.716,0.5216,0.4961,0.6378,0.5635
0811801007,0.6309,0.8268,0.7574,0.7126,0.8739,0.8235,0.6939,0.7674,0.5919,0.57,0.6957,0.6471
0811801008,0.5693,0.8022,0.7391,0.6894,0.8434,0.7806,0.6264,0.74,0.5255,0.5569,0.6825,0.5481
0811801009,0.6122,0.8238,0.7469,0.7158,0.8688,0.7975,0.6968,0.7785,0.6425,0.5537,0.7125,0.6725
0811801010,0.6157,0.8088,0.7337,0.7107,0.8545,0.814,0.7119,0.7786,0.6329,0.5749,0.7101,0.637
0811802001,0.6385,0.8338,0.7511,0.697,0.8758,0.8137,0.7055,0.7931,0.6672,0.6189,0.7326,0.6752
0811802002,0.5613,0.8435,0.7175,0.6958,0.8641,0.8261,0.673,0.7787,0.6438,0.55,0.6801,0.6464
0811802003,0.6266,0.8027,0.7162,0.6643,0.8266,0.8177,0.7031,0.773,0.6283,0.5977,0.7098,0.6395
0811802004,0.5785,0.8151,0.7463,0.7076,0.8421,0.8034,0.6629,0.7617,0.6009,0.538,0.6945,0.6081
0811901001,,,,,,,,,,0.5965,0.6219,0.5203
0811901002,,,,,,,,,,0.5705,0.6876,0.5764
0811901003,,,,,,,,,,0.5941,0.6448,0.5396
0811901004,,,,,,,,,,0.6363,0.7111,0.6069
0811901005,,,,,,,,,,0.517,0.6437,0.509
0811901006,,,,,,,,,,0.4397,0.5732,0.4645
0812001001,0.584,0.8714,0.7268,0.6817,0.8984,0.8507,0.6965,0.7878,0.6637,0.5855,0.7025,0.6778
0812001002,0.5929,0.8629,0.7411,0.6698,0.8762,0.8208,0.7057,0.7908,0.6641,0.6238,0.6848,0.6709
0812001003,0.5686,0.8768,0.7558,0.7116,0.8918,0.8422,0.6733,0.7979,0.6827,0.527,0.6896,0.6575
0812001004,0.5491,0.8668,0.7554,0.6937,0.8869,0.8275,0.6784,0.7937,0.6745,0.5427,0.6836,0.6689
0812101001,0.6068,0.8272,0.7427,0.7029,0.8695,0.8242,0.7092,0.7809,0.6345,0.581,0.7193,0.6677
0812101002,0.5894,0.8151,0.7249,0.6958,0.8653,0.8161,0.677,0.7539,0.6116,0.5174,0.6876,0.6508
0812101003,0.6358,0.8366,0.7422,0.7074,0.8544,0.8059,0.7068,0.7767,0.6538,0.5462,0.6928,0.6521
0812101004,0.6368,0.8505,0.7493,0.7348,0.8846,0.849,0.7864,0.82,0.6781,0.6004,0.7464,0.7047
0812101005,0.6182,0.8455,0.7333,0.7113,0.8732,0.8507,0.7295,0.7875,0.6592,0.5706,0.6867,0.6746
0812101006,0.5875,0.8576,0.7582,0.7002,0.8886,0.8242,0.7236,0.7733,0.6278,0.5618,0.7204,0.6819
0812101007,0.6438,0.8486,0.7712,0.7345,0.8705,0.826,0.7376,0.786,0.6383,0.5878,0.7291,0.6784
0812101009,0.6338,0.8368,0.7453,0.7115,0.888,0.8408,0.736,0.7952,0.6305,0.5795,0.7107,0.6906
0812102001,0.6213,0.8501,0.7509,0.7185,0.8683,0.8326,0.7351,0.7948,0.6345,0.5628,0.7282,0.6569
0812102002,0.6013,0.8191,0.7267,0.6938,0.8422,0.8023,0.6819,0.7356,0.5631,0.5242,0.6559,0.5932
0812102003,0.5864,0.7815,0.7225,0.669,0.8453,0.8127,0.6476,0.7148,0.5605,0.578,0.6745,0.6031
0812102004,0.453,0.6438,0.6067,0.5651,0.692,0.6547,0.5139,0.6012,0.3875,0.4218,0.5609,0.4628
0812102005,0.5295,0.7655,0.7054,0.6678,0.7984,0.749,0.5997,0.6922,0.4885,0.4772,0.6369,0.5413
0812102007,0.5719,0.8143,0.7441,0.66,0.8549,0.809,0.6463,0.75,0.5111,0.5237,0.7014,0.5904
0812102008,0.567,0.8054,0.7011,0.6944,0.8483,0.7966,0.7052,0.771,0.6565,0.568,0.7159,0.6664
0812102009,0.6184,0.8512,0.7609,0.7083,0.8638,0.8114,0.6889,0.7865,0.6215,0.5613,0.6877,0.6669
0812102010,0.5746,0.7887,0.7189,0.6728,0.8299,0.7991,0.6913,0.7441,0.6216,0.5396,0.6653,0.6148
0812102011,0.5925,0.8429,0.7544,0.7043,0.8526,0.8267,0.7124,0.7825,0.5988,0.5874,0.7107,0.641
0812102012,0.5516,0.786,0.7274,0.6815,0.8366,0.7785,0.6756,0.7523,0.5321,0.4995,0.6602,0.6041
0812103001,0.4918,0.7369,0.6787,0.6301,0.7899,0.7412,0.6337,0.6772,0.4659,0.4761,0.5993,0.5109
0812103002,0.4722,0.6429,0.6581,0.6091,0.7246,0.709,0.5911,0.6634,0.3273,0.4637,0.5602,0.4066
0812103003,0.5213,0.6965,0.6754,0.6272,0.7839,0.6981,0.5546,0.6644,0.4061,0.4635,0.6002,0.4465
0812103004,0.5071,0.7015,0.6875,0.6204,0.7534,0.695,0.5555,0.6234,0.3995,0.4615,0.5734,0.4612
0812103005,0.4791,0.6884,0.6768,0.5805,0.8027,0.7156,0.5266,0.6405,0.3424,0.4586,0.5934,0.4705
0812103006,0.5248,0.8081,0.7305,0.6627,0.8669,0.8101,0.6639,0.7544,0.5342,0.5587,0.7178,0.6011
0812103007,0.5399,0.7315,0.7116,0.6404,0.794,0.7742,0.6311,0.7174,0.4756,0.517,0.6525,0.5381
0812103008,0.5517,0.7434,0.7083,0.6634,0.8126,0.7424,0.6118,0.695,0.4746,0.5361,0.6651,0.5402
0812103009,0.5361,0.7872,0.7117,0.632,0.821,0.7692,0.6321,0.6982,0.4693,0.5073,0.6487,0.5218
0812103010,0.5699,0.8351,0.7698,0.7106,0.8768,0.8543,0.7356,0.7953,0.6405,0.5799,0.7143,0.682
0812103011,0.554,0.8045,0.7315,0.6796,0.8318,0.7827,0.6469,0.7313,0.5137,0.5203,0.6713,0.598
0812103012,0.4973,0.797,0.6882,0.6688,0.8527,0.7635,0.6275,0.7223,0.5417,0.4622,0.6506,0.5775
0812103013,0.5496,0.8146,0.7442,0.6802,0.8713,0.809,0.6686,0.7613,0.5082,0.5341,0.699,0.6062
0812103014,0.5592,0.8342,0.7996,0.7129,0.8909,0.8384,0.673,0.7914,0.54,0.575,0.7366,0.6112
0812104001,0.5982,0.8442,0.7226,0.6571,0.8366,0.782,0.6727,0.7291,0.5281,0.5311,0.6722,0.5663
0812104002,0.5178,0.7335,0.7211,0.6265,0.7982,0.6976,0.5455,0.6562,0.3257,0.4572,0.607,0.4661
0812104003,,,,,,,,,,0.4799,0.5978,0.4637
0812104004,0.4732,0.7575,0.6755,0.6261,0.83,0.7804,0.5955,0.6946,0.4419,0.4647,0.6628,0.5201
0812104005,0.5152,0.7951,0.7281,0.6678,0.835,0.7902,0.6036,0.728,0.457,0.5244,0.6918,0.56
0812104006,0.5454,0.8337,0.7433,0.6769,0.895,0.8382,0.6805,0.7742,0.5465,0.5697,0.7263,0.6098
0812104007,0.4841,0.7642,0.707,0.6481,0.8349,0.756,0.5594,0.6868,0.3866,0.4708,0.6213,0.4737
0812104008,0.5159,0.8201,0.751,0.6984,0.8915,0.819,0.6542,0.7844,0.5494,0.5384,0.7317,0.655
0812104009,0.4809,0.7679,0.6798,0.6265,0.8416,0.7644,0.5966,0.6947,0.4549,0.4776,0.6456,0.5365
0812105001,0.4966,0.767,0.6926,0.6495,0.8249,0.7641,0.6286,0.7231,0.4827,0.54,0.6579,0.5783
0812105002,0.4257,0.734,0.68,0.6132,0.7997,0.7339,0.5436,0.6676,0.3812,0.4363,0.5967,0.4467
0812105003,0.4894,0.7664,0.6973,0.6239,0.7907,0.7386,0.5951,0.6778,0.4153,0.4629,0.5884,0.5039
0812105004,0.5076,0.7606,0.7254,0.6771,0.8181,0.7661,0.5943,0.69,0.4691,0.5211,0.6754,0.52
0812105005,0.5128,0.7541,0.7027,0.6152,0.7791,0.7064,0.5582,0.6544,0.4161,0.4384,0.6058,0.489
0812105006,0.4418,0.6951,0.6364,0.567,0.7406,0.6841,0.5168,0.6048,0.3443,0.4052,0.5568,0.428
0812105007,0.4979,0.7871,0.7333,0.6655,0.8286,0.7655,0.6144,0.7216,0.3902,0.5218,0.6658,0.5337
0812105008,0.4167,0.6783,0.6303,0.5502,0.7691,0.6887,0.5349,0.6129,0.3502,0.4269,0.5702,0.4281
0812105009,0.4389,0.715,0.6507,0.5803,0.7878,0.7111,0.5662,0.6584,0.3752,0.4661,0.555,0.4382
0812105010,0.4482,0.6303,0.6247,0.5779,0.6941,0.631,0.4961,0.5743,0.3512,0.4134,0.5087,0.3795
0812105011,0.4783,0.6166,0.658,0.6008,0.7724,0.7286,0.573,0.6582,0.4252,0.4798,0.624,0.4926
0812105012,0.5581,0.7899,0.7424,0.6913,0.8314,0.7837,0.6686,0.7235,0.4674,0.5521,0.6611,0.5304
0812105013,0.4989,0.7103,0.6881,0.6558,0.7749,0.7382,0.5899,0.677,0.3734,0.4886,0.5905,0.4905
0812105015,0.5244,0.7274,0.6799,0.6261,0.8394,0.7782,0.5997,0.7034,0.4567,0.4834,0.6573,0.5477
0812105016,0.4807,0.6853,0.6758,0.6023,0.7518,0.7034,0.5056,0.6304,0.367,0.4461,0.6036,0.4876
0812105017,0.5388,0.7275,0.6999,0.6547,0.7888,0.7359,0.5943,0.6623,0.3745,0.4814,0.5781,0.4622
0812105019,0.5288,0.7032,0.6872,0.6476,0.8132,0.7682,0.6474,0.701,0.4088,0.5559,0.638,0.5103
0812105020,0.501,0.6847,0.6558,0.6093,0.7467,0.6893,0.5503,0.6354,0.3675,0.4368,0.5561,0.4563
0812105021,0.571,0.8221,0.812,0.7597,0.883,0.8386,0.7116,0.7741,0.5685,0.5766,0.7392,0.6531
0812106001,0.6045,0.8002,0.7304,0.6971,0.8495,0.8046,0.693,0.767,0.6049,0.5539,0.7115,0.6471
0812106002,0.6112,0.7939,0.7458,0.6839,0.8333,0.7803,0.6627,0.7462,0.5736,0.5864,0.6896,0.6354
0812106003,0.5829,0.8321,0.7227,0.6871,0.8714,0.8239,0.6983,0.7595,0.604,0.5476,0.7016,0.6512
0812106004,0.5552,0.8278,0.7174,0.6862,0.8452,0.7875,0.6762,0.7641,0.5824,0.5579,0.6879,0.6206
0812106005,0.5557,0.782,0.7316,0.6724,0.8226,0.7956,0.649,0.7318,0.4903,0.5317,0.7115,0.575
0812106006,0.6133,0.8096,0.7539,0.7257,0.875,0.8398,0.7194,0.7949,0.5591,0.5911,0.7284,0.6332
0812106007,0.515,0.7886,0.7044,0.6705,0.8386,0.7845,0.64,0.7453,0.483,0.559,0.6922,0.5891
0812106008,0.5844,0.8114,0.7544,0.6918,0.8541,0.8079,0.6863,0.7476,0.4699,0.5781,0.7027,0.6006
0812106009,0.4158,0.6204,0.5677,0.4995,0.6954,0.654,0.4852,0.5887,0.381,0.419,0.562,0.4922
0812106010,0.5154,0.7558,0.695,0.6376,0.797,0.7655,0.6137,0.6892,0.4774,0.4902,0.6418,0.5432
0812106011,0.5514,0.7998,0.726,0.6851,0.8389,0.819,0.6538,0.7558,0.5278,0.5281,0.6852,0.606
0812106012,0.5418,0.7342,0.7126,0.6408,0.7923,0.7699,0.6071,0.6951,0.4331,0.4934,0.633,0.5238
0812106013,0.5206,0.7024,0.6198,0.622,0.7415,0.69,0.5767,0.6377,0.4412,0.4907,0.6133,0.5214
0812106014,0.5679,0.8063,0.7575,0.7124,0.8645,0.8107,0.675,0.7628,0.5337,0.5538,0.7039,0.6281
0812201001,0.5901,0.753,0.6637,0.636,0.7933,0.7343,0.6672,0.6803,0.4774,0.6125,0.6022,0.5374
0812301001,0.6412,0.7904,0.6988,0.6775,0.8259,0.8208,0.717,0.7681,0.6408,0.6062,0.7109,0.6434
0812301002,0.615,0.8057,0.7397,0.6978,0.8486,0.8018,0.7044,0.7622,0.6135,0.5854,0.6481,0.6478
0812301003,0.6532,0.8073,0.7455,0.7098,0.8468,0.8127,0.6866,0.7607,0.5988,0.5564,0.7483,0.6348
0812302001,0.6019,0.8372,0.7761,0.7114,0.8748,0.8498,0.7125,0.7946,0.6186,0.5753,0.7276,0.6567
0812302002,0.6094,0.8406,0.7689,0.7117,0.8737,0.8234,0.7104,0.8073,0.6309,0.5618,0.7046,0.6651
0812302003,0.659,0.7887,0.7712,0.7325,0.8681,0.8189,0.7049,0.7686,0.5589,0.5711,0.7094,0.6396
0812302004,0.6196,0.8263,0.7864,0.7132,0.8649,0.8209,0.6691,0.7728,0.5625,0.5813,0.7183,0.6331
0812303001,0.6457,0.8433,0.783,0.7271,0.8886,0.8538,0.7233,0.807,0.6543,0.6277,0.7593,0.7005
0812303002,0.6569,0.858,0.7639,0.7176,0.9005,0.8535,0.7373,0.8171,0.6458,0.5831,0.7499,0.6846
0812303003,0.6419,0.8498,0.7827,0.7146,0.8764,0.8566,0.7412,0.8097,0.662,0.5422,0.7284,0.6784
0812303004,0.625,0.8205,0.758,0.6954,0.862,0.8192,0.6482,0.7744,0.5732,0.5258,0.7091,0.6056
0812304001,0.5686,0.7541,0.7043,0.6196,0.8233,0.7669,0.5919,0.7037,0.528,0.4995,0.6656,0.5907
0812401001,0.5455,0.7675,0.6964,0.6531,0.7833,0.7425,0.6159,0.6985,0.4898,0.4576,0.6217,0.5475
0812401002,0.4992,0.7215,0.6842,0.604,0.8174,0.7592,0.6015,0.6993,0.4722,0.4624,0.6377,0.5179
0812401003,0.5404,0.7429,0.7135,0.6567,0.7984,0.7467,0.6017,0.703,0.5073,0.5278,0.629,0.5304
0812401004,0.6025,0.8194,0.7751,0.7139,0.8701,0.8171,0.6724,0.7809,0.5862,0.5448,0.6802,0.6223
0812401005,0.5602,0.7716,0.7546,0.6716,0.8199,0.7638,0.6003,0.7065,0.4981,0.5212,0.6698,0.5342
0812401006,0.5894,0.7472,0.7223,0.6651,0.8037,0.7722,0.6032,0.6968,0.4681,0.4705,0.633,0.5261
0812401007,0.5457,0.7683,0.7287,0.6558,0.8179,0.7796,0.6025,0.7076,0.4771,0.5303,0.6641,0.552
0812402001,0.5924,0.7695,0.7395,0.6896,0.8294,0.7944,0.6735,0.7586,0.5658,0.5589,0.6905,0.6124
0812402002,0.6104,0.8224,0.7647,0.7244,0.871,0.8399,0.6945,0.7991,0.5899,0.5507,0.7201,0.6521
0812402003,0.5277,0.7409,0.7073,0.6597,0.8109,0.7573,0.5708,0.7244,0.4506,0.4618,0.6226,0.5264
0812402004,0.5622,0.7788,0.7736,0.7143,0.8521,0.8045,0.6418,0.7744,0.5108,0.4963,0.6794,0.5713
0812402005,0.5279,0.8029,0.7386,0.7063,0.8547,0.8095,0.6157,0.7623,0.5061,0.5024,0.6769,0.593
0812402006,0.5215,0.7244,0.6982,0.6167,0.7174,0.6856,0.5209,0.6221,0.4116,0.4229,0.5548,0.4524
0812402007,0.5263,0.7799,0.7429,0.6823,0.8309,0.7742,0.5692,0.7229,0.4681,0.4634,0.6625,0.5634
0812402008,0.6459,0.875,0.8369,0.7647,0.9066,0.8643,0.7247,0.823,0.6414,0.5902,0.7565,0.6728
0812402009,0.6508,0.8695,0.8548,0.7544,0.9076,0.8601,0.6919,0.8227,0.6627,0.6275,0.7531,0.7004
0812403001,0.5404,0.7445,0.7127,0.6484,0.8161,0.7652,0.6055,0.7084,0.4767,0.4766,0.6248,0.5435
0812403002,0.5805,0.7683,0.7492,0.6795,0.8286,0.7954,0.629,0.7502,0.5229,0.5491,0.6533,0.544
0812403003,0.5833,0.7537,0.7355,0.6519,0.831,0.7901,0.661,0.746,0.5263,0.5296,0.6745,0.6031
0812403004,0.5579,0.7996,0.7202,0.6819,0.8227,0.782,0.6241,0.7219,0.4979,0.4776,0.6616,0.5427
0812403005,0.5996,0.8052,0.7611,0.7251,0.8509,0.8067,0.6641,0.7567,0.5504,0.5526,0.6872,0.6265
0812403006,0.4494,0.582,0.5691,0.537,0.656,0.616,0.4721,0.5718,0.3482,0.4141,0.4949,0.3929
0812403007,0.4676,0.701,0.6718,0.6167,0.7707,0.7372,0.5265,0.6645,0.4062,0.4406,0.5781,0.4596
0812403008,0.5831,0.7695,0.7759,0.7088,0.8457,0.8061,0.5885,0.7742,0.5097,0.51,0.6743,0.5664
0812403009,0.5408,0.7415,0.6995,0.6599,0.8392,0.7724,0.5987,0.6992,0.4608,0.5047,0.6243,0.5332
0812403010,0.4966,0.7502,0.7134,0.6497,0.8067,0.7397,0.5653,0.7034,0.4088,0.4553,0.6133,0.4935
0812403011,0.5256,0.8072,0.748,0.6812,0.8558,0.8129,0.6096,0.7612,0.5015,0.527,0.7097,0.5777
0812403012,0.5676,0.7527,0.7322,0.6654,0.8327,0.7925,0.605,0.7423,0.5014,0.4869,0.684,0.5776
0812403013,0.5307,0.8262,0.7449,0.6812,0.8679,0.8469,0.6109,0.7608,0.5103,0.4806,0.7019,0.5826
0812403014,0.5287,0.7911,0.7595,0.6777,0.8495,0.7991,0.5919,0.7155,0.4638,0.4825,0.6799,0.5472
0812403015,0.5069,0.7511,0.7115,0.6425,0.8155,0.7992,0.5741,0.7286,0.4422,0.4418,0.6551,0.5371
0812501001,0.606,0.7845,0.7652,0.7069,0.8272,0.8223,0.6718,0.7628,0.5517,0.5872,0.6634,0.5841
0812501002,0.6146,0.7974,0.7164,0.6627,0.8335,0.8033,0.6639,0.7534,0.5791,0.5486,0.6412,0.566
0812501004,0.5606,0.7316,0.6823,0.629,0.786,0.7444,0.6237,0.6993,0.4384,0.5379,0.6169,0.5187
0812501005,0.643,0.7928,0.7719,0.7055,0.8375,0.8053,0.6457,0.7551,0.5416,0.575,0.6962,0.5806
0812502001,0.4737,0.6359,0.6131,0.5219,0.6639,0.5931,0.4618,0.5314,0.2936,0.4369,0.5068,0.3936
0812502002,0.5844,0.7777,0.7475,0.6768,0.8279,0.7902,0.6454,0.7441,0.5058,0.5407,0.6786,0.5479
0812502003,0.6209,0.8019,0.7339,0.6902,0.8511,0.8217,0.6774,0.766,0.5639,0.6047,0.7178,0.6231
0812503001,0.5404,0.7584,0.6956,0.6272,0.7856,0.7419,0.568,0.6861,0.4647,0.495,0.6619,0.5414
0812503002,0.5481,0.8109,0.7384,0.6616,0.8345,0.8007,0.5705,0.7424,0.4956,0.4805,0.6624,0.5508
0812503003,0.5711,0.7847,0.7309,0.6975,0.8304,0.81,0.5841,0.743,0.4858,0.5096,0.6801,0.5743
0812503004,0.5921,0.83,0.7871,0.7239,0.8841,0.8309,0.6502,0.7866,0.5795,0.5845,0.7295,0.6247
0812503005,0.5164,0.7734,0.7414,0.6729,0.8376,0.7969,0.6096,0.7393,0.5023,0.5038,0.6712,0.5394
0812503006,,,,,0.8512,0.8314,0.6245,0.771,0.5359,0.5469,0.6985,0.5946
0812504001,0.559,0.7733,0.718,0.6234,0.8389,0.7756,0.5831,0.7107,0.5106,0.5235,0.6621,0.5547
0812504002,0.5699,0.7615,0.7421,0.6818,0.8264,0.8099,0.6396,0.7656,0.5615,0.5618,0.6886,0.5955
0812504003,0.5205,0.7441,0.6892,0.653,0.785,0.7416,0.5831,0.6923,0.5052,0.4633,0.6255,0.536
0812505001,0.5133,0.6742,0.6686,0.5904,0.7614,0.7003,0.5203,0.6261,0.3366,0.4406,0.559,0.4418
0812505002,0.5612,0.7313,0.7131,0.6254,0.7836,0.742,0.5498,0.6945,0.4113,0.4884,0.6181,0.4859
0812505003,0.4442,0.6379,0.6258,0.5222,0.7107,0.6505,0.4877,0.5659,0.3397,0.4114,0.5487,0.435
0812506001,0.6018,0.8164,0.7644,0.6622,0.8772,0.8169,0.6254,0.7448,0.5776,0.5343,0.6969,0.6409
0812506002,0.6146,0.8323,0.7978,0.7087,0.8797,0.8549,0.6365,0.8062,0.5902,0.5506,0.7532,0.639
0812506003,0.4563,0.7254,0.7022,0.591,0.7866,0.7349,0.4935,0.6656,0.4236,0.4484,0.6105,0.5054
0812601001,0.5356,0.8295,0.7376,0.6635,0.8595,0.819,0.6528,0.7586,0.5684,0.494,0.6736,0.6044
0812601002,0.5665,0.7835,0.731,0.6788,0.844,0.7838,0.6326,0.7386,0.5004,0.4896,0.6641,0.5461
0812601003,0.5969,0.8244,0.7491,0.6838,0.8516,0.7965,0.648,0.7399,0.5198,0.5132,0.6757,0.5956
0812601004,0.5799,0.8067,0.7516,0.6922,0.8511,0.8207,0.6382,0.7646,0.5626,0.5042,0.6932,0.6046
0812701001,0.6854,0.771,0.6917,0.6531,0.8303,0.7966,0.711,0.7228,0.5682,0.6511,0.6466,0.61
0812701002,0.5676,0.7405,0.6285,0.5864,0.7886,0.7396,0.6287,0.6721,0.4507,0.5767,0.6101,0.5182
0812801001,0.775,0.8453,0.6702,0.6661,0.8627,0.7868,0.8082,0.7392,0.5963,0.6594,0.6047,0.5576
0812901001,0.7763,0.8621,0.7061,0.6905,0.8714,0.8388,0.7882,0.821,0.7044,0.6109,0.6078,0.6512
0813001001,0.8737,0.8646,0.6875,0.5895,0.9062,0.8241,0.8532,0.7364,0.6449,0.7282,0.5922,0.7115
0813101001,0.7459,0.8195,0.7439,0.669,0.8528,0.7895,0.7544,0.7409,0.6345,0.6433,0.6709,0.6223
0813201001,0.8112,0.8586,0.6834,0.5561,0.8509,0.7784,0.7928,0.7444,0.567,0.8315,0.6374,0.6271
0813301001,0.7348,0.7557,0.5938,0.5625,0.754,0.7656,0.8281,0.7805,0.6667,0.8483,0.7569,0.6643
0813401001,0.735,0.8105,0.6974,0.6679,0.8329,0.7708,0.6745,0.7288,0.6021,0.5993,0.6692,0.5928
0813501001,0.6809,0.8356,0.8023,0.7351,0.8875,0.8253,0.7306,0.7812,0.6011,0.6102,0.7223,0.6406
0813501002,0.6684,0.7893,0.7522,0.6825,0.8407,0.7917,0.682,0.743,0.5438,0.6061,0.6938,0.6335
0813501003,0.6366,0.7985,0.7761,0.7176,0.8362,0.7884,0.7009,0.7609,0.5764,0.5884,0.7174,0.6259
0813501004,0.6514,0.7842,0.7461,0.7132,0.844,0.7916,0.7102,0.7377,0.5675,0.6101,0.699,0.6067
0813501005,0.6855,0.8206,0.7829,0.7505,0.8753,0.847,0.7189,0.7998,0.5829,0.6079,0.7319,0.6153
0813601001,0.5686,0.7742,0.7514,0.6776,0.8568,0.8109,0.6238,0.7561,0.4729,0.529,0.6679,0.5299
0813601002,0.6154,0.7842,0.7582,0.6995,0.8166,0.775,0.6556,0.711,0.4404,0.5632,0.6559,0.5168
0813601003,0.5694,0.7769,0.7385,0.6743,0.8416,0.8003,0.6438,0.7405,0.4877,0.5671,0.7,0.5645
0813601004,0.6251,0.8201,0.7766,0.7003,0.8722,0.8113,0.6693,0.772,0.5319,0.5823,0.7109,0.6113
0813601005,0.5916,0.8106,0.7522,0.6875,0.8607,0.8131,0.6425,0.7617,0.5025,0.5492,0.6964,0.5739
0813601006,0.6109,0.8389,0.7649,0.7109,0.8952,0.8455,0.7039,0.7963,0.5426,0.5935,0.7513,0.6176
0813601007,0.596,0.8184,0.7815,0.7273,0.8772,0.8377,0.663,0.7878,0.5683,0.5982,0.724,0.611
0813602001,0.4678,0.5647,0.5827,0.4973,0.6306,0.6088,0.4758,0.5246,0.3105,0.4094,0.4477,0.3562
0813602002,0.5541,0.7391,0.7193,0.6428,0.7687,0.753,0.6065,0.6613,0.4286,0.5249,0.6106,0.4758
0813602003,0.5107,0.6395,0.6252,0.5826,0.6912,0.6826,0.539,0.5961,0.3687,0.4364,0.5527,0.4185
0813701001,0.8969,0.8821,0.7774,0.7176,0.8955,0.8467,0.8913,0.7647,0.6912,0.8185,0.6133,0.6128
0813801001,0.5675,0.795,0.6599,0.6182,0.8266,0.7642,0.6602,0.7271,0.5655,0.5599,0.6343,0.5865
0813801002,0.543,0.8044,0.6592,0.6073,0.8226,0.7796,0.6724,0.738,0.5549,0.571,0.6232,0.5895
0813801003,0.5876,0.8188,0.7073,0.6516,0.8404,0.7879,0.6828,0.7522,0.6017,0.5896,0.6522,0.6171
0813901001,0.9222,0.9415,0.7778,0.7543,0.8983,0.8814,0.9435,0.8605,0.788,0.893,0.6839,0.7056
0814001001,0.6195,0.7825,0.6667,0.6334,0.8257,0.7696,0.6602,0.7144,0.5017,0.4478,0.61,0.5505
0814001002,0.6206,0.8278,0.7243,0.6747,0.8664,0.7967,0.6853,0.7444,0.5533,0.5109,0.6521,0.5845
0814001003,0.6437,0.8121,0.7077,0.6486,0.8524,0.7898,0.6837,0.7439,0.5806,0.5329,0.6623,0.6235
0814101001,0.7208,0.8515,0.7248,0.6935,0.8709,0.8068,0.7722,0.748,0.6359,0.6223,0.6925,0.6525
0814101002,0.7331,0.817,0.7145,0.6965,0.8804,0.8078,0.7572,0.7505,0.6417,0.6818,0.7174,0.6902
0814101003,0.5916,0.7695,0.6511,0.6088,0.8236,0.749,0.6571,0.7061,0.5326,0.5167,0.6085,0.5514
0814101004,0.6856,0.8318,0.7194,0.6502,0.8815,0.8367,0.7672,0.7658,0.6018,0.6152,0.672,0.6307
0814102001,0.7177,0.8238,0.6714,0.6179,0.8804,0.7545,0.7078,0.7339,0.6262,0.5708,0.659,0.6154
0814201001,0.8538,0.9535,0.7955,0.7744,0.922,0.9065,0.8723,0.8603,0.7832,0.8369,0.7214,0.7836
0814301001,0.679,0.8104,0.7235,0.6537,0.8592,0.7881,0.7412,0.7415,0.568,0.6078,0.6374,0.6613
0814301002,0.5466,0.7277,0.6717,0.6182,0.8077,0.7658,0.6469,0.7079,0.5112,0.5406,0.6348,0.5567
0814401001,0.7058,0.8168,0.6895,0.6234,0.8498,0.7924,0.7969,0.7632,0.6332,0.6586,0.6414,0.6108
0814501001,0.5566,0.792,0.7134,0.6613,0.8321,0.7634,0.6468,0.7275,0.5593,0.5598,0.6531,0.5625
0814501002,0.7185,0.8744,0.7924,0.7136,0.8937,0.8497,0.7984,0.8073,0.6878,0.7145,0.7351,0.6933
0814601001,0.6361,0.8218,0.7306,0.6738,0.8496,0.8174,0.74,0.764,0.6,0.6574,0.7199,0.6129
0814601002,0.5,0.8049,0.7457,0.7009,0.8039,0.7848,0.6072,0.7279,0.5365,0.4688,0.6339,0.4899
0814701001,0.4802,0.7321,0.6931,0.6205,0.7742,0.729,0.5224,0.6676,0.4047,0.4358,0.5917,0.4857
0814701002,0.5615,0.7752,0.7244,0.6385,0.8117,0.7842,0.6123,0.7043,0.5087,0.5523,0.6892,0.5865
0814701003,0.6511,0.8002,0.7335,0.6903,0.8324,0.7873,0.676,0.7464,0.5783,0.5683,0.6653,0.6311
0814701004,0.5903,0.8306,0.7537,0.6906,0.8645,0.8021,0.6675,0.765,0.5796,0.5587,0.7033,0.6401
0814701005,0.5352,0.7982,0.741,0.6554,0.8473,0.8027,0.6215,0.7267,0.4965,0.4611,0.6555,0.5605
0814701006,0.5475,0.7688,0.7355,0.672,0.8394,0.7878,0.6071,0.7237,0.5062,0.517,0.6534,0.5705
0814701007,0.5333,0.7416,0.7048,0.6408,0.8055,0.755,0.5812,0.7088,0.4889,0.5073,0.6429,0.5904
0814701008,0.5987,0.7935,0.7453,0.6852,0.8447,0.8025,0.6395,0.7574,0.535,0.5708,0.6919,0.6027
0814701009,0.5771,0.8416,0.7687,0.7024,0.8687,0.8492,0.6719,0.7774,0.5793,0.5572,0.7324,0.6211
0814701010,0.5276,0.7692,0.7343,0.6497,0.8441,0.7968,0.5812,0.7391,0.5025,0.5252,0.669,0.575
0814701011,0.484,0.7596,0.6987,0.6365,0.8283,0.7837,0.5918,0.7078,0.5122,0.5122,0.6695,0.5787
0814701012,,,,,,0.7916,0.6076,0.7325,0.4959,0.5119,0.6783,0.5608
0814801001,0.555,0.7794,0.7231,0.6864,0.8195,0.7791,0.6241,0.725,0.5134,0.5438,0.6457,0.5199
0814801002,0.5279,0.759,0.7012,0.6512,0.7863,0.7669,0.6195,0.6903,0.4868,0.4709,0.613,0.4803
0814901001,0.5709,0.853,0.6647,0.573,0.8709,0.7825,0.6846,0.7163,0.5888,0.5228,0.5902,0.6199
0815001001,0.8438,0.9059,0.7326,0.7294,0.902,0.8406,0.8911,0.8023,0.6717,0.6667,0.6561,0.6831
0815101001,0.8785,0.8796,0.7257,0.618,0.8952,0.8438,0.7788,0.78,0.6682,0.7759,0.6303,0.6609
0815201001,0.6341,0.8947,0.7368,0.7018,0.8319,0.8103,0.8583,0.8034,0.7304,0.7031,0.75,0.6783
0815301001,0.737,0.8649,0.806,0.7175,0.8924,0.8229,0.7584,0.7976,0.7083,0.6768,0.7168,0.6688
0815401001,0.7023,0.853,0.7709,0.7098,0.8978,0.8374,0.756,0.7762,0.6352,0.7414,0.7209,0.6567
0815501001,,,,,,,,,,0.6257,0.7161,0.6125
0815501002,0.601,0.8152,0.7567,0.6831,0.8702,0.823,0.6884,0.7473,0.5448,0.5831,0.6995,0.5832
0815501003,0.5187,0.7232,0.6826,0.6076,0.7934,0.7424,0.5614,0.6821,0.463,0.4717,0.6135,0.483
0815501004,0.5799,0.7814,0.6948,0.6381,0.8266,0.7886,0.6526,0.7092,0.5015,0.5569,0.6565,0.5548
0815501005,0.5039,0.7112,0.6599,0.6226,0.773,0.7217,0.5823,0.6598,0.4497,0.424,0.5953,0.4399
0815501006,,,,,,,,,,0.642,0.7132,0.6323
0815601001,0.5216,0.6958,0.6441,0.6154,0.7311,0.7093,0.5864,0.6619,0.4858,0.5138,0.6046,0.5176
0815601002,,0.7956,,0.653,,,,,,0.5538,0.626,0.5561
0815601003,0.5425,0.7786,0.7275,0.6563,0.8438,0.7834,0.6299,0.7337,0.5466,0.5075,0.6417,0.5819
0815601004,0.6096,0.8322,0.7627,0.6832,0.8634,0.8306,0.671,0.7771,0.5695,0.5598,0.7011,0.6066
0815601005,0.6353,0.8634,0.7882,0.7325,0.8973,0.8558,0.7002,0.8239,0.6054,0.6525,0.7415,0.6884
0815601006,0.5708,0.8168,0.7722,0.6942,0.868,0.8369,0.6618,0.7765,0.5775,0.5856,0.728,0.6182
0815601007,0.5627,0.813,0.7455,0.7133,0.8686,0.8156,0.6167,0.7617,0.5588,0.5445,0.6851,0.578
0815601008,0.5416,0.7782,0.7041,0.6457,0.8254,0.78,0.6245,0.7194,0.5465,0.5735,0.6689,0.5589
0815601009,,,,,,,,,,0.5702,0.6512,0.5808
0815701001,0.6482,0.798,0.7714,0.7004,0.8503,0.8261,0.6885,0.7627,0.5723,0.6427,0.7296,0.6377
0815701002,0.6063,0.7646,0.733,0.6887,0.8299,0.7878,0.6637,0.7261,0.5387,0.5859,0.6756,0.5663
0815701003,0.6331,0.7955,0.7457,0.7114,0.8636,0.8157,0.7027,0.7738,0.5686,0.6121,0.6992,0.6179
0815701004,0.6296,0.801,0.7218,0.6587,0.8315,0.7897,0.6845,0.7474,0.6176,0.6198,0.6858,0.6224
0815701005,0.6635,0.828,0.7917,0.7077,0.8862,0.8381,0.7251,0.7851,0.6197,0.6624,0.7339,0.6464
0815801001,0.615,0.7941,0.689,0.6553,0.8388,0.7992,0.6629,0.7388,0.5811,0.5833,0.6843,0.5925
0815801002,0.6327,0.7689,0.7089,0.6813,0.8228,0.7801,0.6557,0.7205,0.5481,0.6003,0.6764,0.578
0815901001,0.5819,0.7783,0.731,0.656,0.8515,0.7868,0.6602,0.7346,0.5012,0.5217,0.6371,0.5533
0815901002,0.586,0.8034,0.7226,0.6352,0.853,0.797,0.6493,0.7241,0.5414,0.5454,0.646,0.5824
0815901003,0.5775,0.7791,0.7101,0.643,0.8129,0.7835,0.636,0.7327,0.5124,0.5347,0.6495,0.5778
0815901004,0.5802,0.7808,0.7538,0.6744,0.891,0.8163,0.6663,0.7538,0.5203,0.5569,0.6899,0.5939
0815902001,0.5595,0.7562,0.7157,0.6593,0.8064,0.7839,0.6043,0.744,0.502,0.5381,0.6623,0.5868
0815902002,0.5895,0.7759,0.7201,0.6801,0.8387,0.7909,0.6302,0.7106,0.513,0.5096,0.6471,0.5243
0815902003,0.5386,0.7537,0.7092,0.6418,0.8305,0.7664,0.5976,0.7337,0.4475,0.5366,0.6575,0.5397
0815902004,0.5645,0.7768,0.74,0.6748,0.8401,0.7762,0.6219,0.7177,0.518,0.5291,0.6604,0.5493
0815902005,0.6299,0.8352,0.7687,0.7226,0.8926,0.8215,0.6546,0.7795,0.6068,0.5771,0.7109,0.64
0815902006,0.5696,0.7847,0.7474,0.6544,0.8553,0.8152,0.66,0.7654,0.5617,0.5529,0.6888,0.5735
0815902007,0.608,0.8317,0.7694,0.714,0.882,0.8182,0.6476,0.7676,0.5701,0.5732,0.7033,0.5918
0816001001,0.5422,0.8085,0.6576,0.6361,0.8237,0.7975,0.7994,0.7382,0.6383,0.806,0.6284,0.6667
0816101001,0.5124,0.7497,0.6722,0.623,0.819,0.738,0.5856,0.6989,0.4551,0.4964,0.6176,0.52
0816101002,0.5222,0.7187,0.6622,0.5896,0.7799,0.7354,0.5748,0.6694,0.3995,0.5046,0.5971,0.4878
0816101003,0.5718,0.7619,0.6945,0.6531,0.811,0.75,0.6261,0.694,0.4851,0.548,0.6311,0.5252
0816101004,0.4896,0.7386,0.6885,0.6395,0.8085,0.7299,0.5376,0.6613,0.4169,0.3936,0.6031,0.4534
0816101005,0.5333,0.7393,0.6872,0.6327,0.7839,0.7355,0.5882,0.6947,0.4526,0.4964,0.616,0.5256
0816101006,0.526,0.7371,0.7043,0.6135,0.7744,0.7119,0.532,0.6655,0.4007,0.4139,0.5768,0.4701
0816101007,0.5858,0.7747,0.7457,0.695,0.8305,0.7634,0.5655,0.7017,0.5085,0.516,0.6447,0.5756
0816101008,0.5022,0.7393,0.6964,0.6366,0.7702,0.7186,0.528,0.6608,0.3777,0.4369,0.5917,0.4776
0816101009,0.4835,0.7349,0.6718,0.6054,0.7853,0.7077,0.5447,0.647,0.4113,0.4221,0.5975,0.4869
0816201001,0.6571,0.7975,0.7155,0.6839,0.8386,0.7811,0.7145,0.7465,0.5307,0.6423,0.6579,0.5614
0816301001,0.5861,0.7538,0.7135,0.6466,0.8207,0.7623,0.6311,0.7024,0.5054,0.5503,0.6459,0.5795
0816301002,0.6144,0.7444,0.6805,0.638,0.7839,0.7378,0.6175,0.6777,0.4904,0.5303,0.6515,0.5706
0816301003,0.5753,0.7651,0.6932,0.6546,0.8263,0.7468,0.624,0.7092,0.5489,0.5095,0.6455,0.5705
0816301004,0.5383,0.7282,0.6496,0.6136,0.7981,0.7456,0.6094,0.6589,0.4749,0.5035,0.6142,0.5289
0816301005,0.5458,0.7382,0.6691,0.6074,0.7883,0.7516,0.5981,0.6894,0.4577,0.5318,0.6277,0.5198
0816301006,0.553,0.7275,0.6924,0.6357,0.7557,0.742,0.5865,0.6459,0.4289,0.4992,0.6031,0.5257
0816301007,0.6005,0.7651,0.7068,0.6389,0.8021,0.7607,0.6383,0.6943,0.4772,0.525,0.6377,0.5558
0816301008,0.5794,0.7444,0.6979,0.6145,0.7303,0.7152,0.6142,0.6499,0.4366,0.5313,0.6053,0.4882
0816301009,0.553,0.7412,0.6913,0.6213,0.7995,0.7593,0.6248,0.6936,0.4945,0.5313,0.6485,0.5609
0816301010,0.5535,0.7367,0.6486,0.6171,0.7793,0.7311,0.6057,0.6463,0.5054,0.4813,0.6168,0.514
0816301011,0.6083,0.7815,0.708,0.6787,0.8163,0.783,0.6555,0.7345,0.5342,0.5662,0.6651,0.6019
0816301012,0.5803,0.7167,0.7024,0.6334,0.7653,0.7254,0.6159,0.6768,0.442,0.508,0.6079,0.4987
0816301013,0.5971,0.7767,0.7285,0.6682,0.7978,0.7757,0.6562,0.7221,0.4473,0.5723,0.6606,0.5802
0816301014,0.5502,0.7133,0.6804,0.5997,0.7522,0.7473,0.6114,0.6483,0.4315,0.5348,0.6448,0.5163
0816401001,0.7287,0.8452,0.7146,0.6769,0.8857,0.8394,0.767,0.8013,0.6409,0.6806,0.7069,0.6422
0816501001,0.6831,0.7995,0.7127,0.6671,0.87,0.7903,0.7138,0.7006,0.5526,0.6406,0.6592,0.5634
0816601001,,,,,,0.7827,0.789,0.7261,0.5863,0.7328,0.6789,0.6429
0816701001,,,,,,0.8028,0.6605,0.7582,0.4977,0.5951,0.6736,0.5517
0816701002,0.5366,0.7247,0.6854,0.6239,0.8109,0.7372,0.5676,0.6707,0.4138,0.52,0.6269,0.4714
0816701003,0.5805,0.8298,0.7634,0.7081,0.8568,0.8036,0.6389,0.7482,0.5102,0.5466,0.6801,0.5784
0816701004,0.6173,0.8238,0.7955,0.7069,0.874,0.8414,0.697,0.7811,0.5209,0.633,0.7273,0.6019
0816701005,,,,,,0.7997,0.6294,0.7735,0.4689,0.5699,0.6838,0.586
0816801001,0.7974,0.7421,0.6267,0.6453,0.8159,0.7284,0.7934,0.7216,0.5471,0.6959,0.6416,0.5517
0816901001,0.5976,0.7852,0.7555,0.7135,0.8618,0.8363,0.6806,0.765,0.5465,0.5685,0.7066,0.6232
0816901002,0.5993,0.7979,0.755,0.7036,0.8422,0.8009,0.6671,0.7525,0.5453,0.5307,0.6982,0.6082
0816901003,0.6094,0.7946,0.7525,0.736,0.8402,0.8122,0.7014,0.7761,0.5969,0.5714,0.7181,0.6497
0816901004,0.5795,0.739,0.774,0.6863,0.8215,0.7961,0.6323,0.7391,0.5026,0.5181,0.6778,0.5825
0816901005,0.4971,0.7187,0.73,0.6512,0.7784,0.7841,0.5729,0.7101,0.4869,0.5025,0.6678,0.547
0816902001,0.5497,0.7611,0.7476,0.7124,0.8315,0.7727,0.6402,0.749,0.5137,0.5365,0.6685,0.565
0816902002,0.5808,0.7883,0.7639,0.7344,0.8446,0.8123,0.6843,0.771,0.545,0.5386,0.6912,0.6284
0816902003,0.5298,0.7337,0.7277,0.6657,0.7836,0.7261,0.5564,0.6827,0.4503,0.4765,0.6319,0.5414
0816902004,0.5553,0.7489,0.7777,0.6898,0.8283,0.7934,0.6201,0.7432,0.4672,0.5293,0.6883,0.5761
0816902005,0.5279,0.7408,0.747,0.6716,0.8483,0.7692,0.598,0.7249,0.4694,0.5184,0.6618,0.5781
0816902006,0.6311,0.8344,0.83,0.7763,0.8958,0.8732,0.6987,0.8296,0.5802,0.604,0.7773,0.6967
0816902007,0.6033,0.823,0.8071,0.73,0.8811,0.8384,0.6619,0.791,0.5433,0.556,0.7047,0.616
0816903001,0.5743,0.8109,0.7502,0.7252,0.853,0.8151,0.7102,0.767,0.5934,0.5825,0.7115,0.6327
0816903002,0.5747,0.7613,0.7578,0.6922,0.8499,0.8003,0.6283,0.7506,0.4928,0.5423,0.6646,0.5799
0816903003,0.563,0.766,0.7492,0.6841,0.8414,0.7772,0.5957,0.7281,0.4582,0.5068,0.6597,0.5335
0816903004,0.5096,0.7227,0.7087,0.6462,0.7966,0.7367,0.5337,0.6852,0.431,0.4964,0.6718,0.5233
0816903005,0.5915,0.7686,0.7377,0.6966,0.8056,0.7924,0.6362,0.7438,0.5312,0.5466,0.6858,0.5884
0816903006,0.5563,0.7498,0.7658,0.6995,0.8338,0.8132,0.6172,0.7476,0.509,0.5495,0.6909,0.6279
0816903007,0.5887,0.7964,0.7972,0.7518,0.8569,0.8294,0.6565,0.7679,0.5281,0.5733,0.7127,0.6428
0816903008,0.5214,0.7133,0.7133,0.6618,0.8049,0.764,0.5777,0.7072,0.4355,0.4922,0.6265,0.5284
0816903009,0.5216,0.7537,0.7463,0.6963,0.8242,0.7804,0.5821,0.7181,0.4514,0.5258,0.6837,0.5864
0816903010,0.5067,0.7674,0.7622,0.6985,0.8124,0.7642,0.5698,0.7043,0.4711,0.5107,0.6705,0.5526
0816903011,0.5481,0.7898,0.8035,0.7309,0.8603,0.7924,0.6398,0.7503,0.4966,0.5271,0.71,0.589
0816903012,0.5903,0.8168,0.8093,0.7366,0.9205,0.8255,0.6896,0.8008,0.548,0.5907,0.7239,0.6174
0816903013,0.575,0.7832,0.7976,0.7181,0.8737,0.8256,0.6318,0.7787,0.5236,0.5399,0.7262,0.6087
0816904001,0.5054,0.7191,0.7151,0.6233,0.7795,0.7247,0.5584,0.706,0.4207,0.4813,0.6008,0.4831
0816904002,0.4572,0.637,0.632,0.5802,0.7222,0.648,0.473,0.5963,0.3473,0.451,0.5773,0.4507
0816904003,0.5015,0.6334,0.6357,0.5645,0.7187,0.6578,0.4934,0.6062,0.3499,0.399,0.5556,0.4148
0816904004,0.4021,0.5667,0.5822,0.5362,0.6621,0.5915,0.4029,0.5326,0.3021,0.312,0.4763,0.355
0816904005,0.4481,0.6062,0.6307,0.5774,0.7001,0.6482,0.4525,0.5899,0.3306,0.3745,0.5079,0.3841
0816904006,0.2586,0.2667,0.2688,0.2237,0.4106,0.3093,0.1951,0.2736,0.1061,0.2227,0.254,0.1737
0816905001,0.6062,0.7556,0.762,0.7176,0.8278,0.7831,0.6275,0.7466,0.4802,0.5243,0.6582,0.5717
0816905002,0.5183,0.7853,0.7827,0.7049,0.8536,0.8054,0.6295,0.7455,0.477,0.5224,0.6674,0.5846
0816905003,0.526,0.7187,0.6795,0.6427,0.7853,0.7819,0.5616,0.6988,0.3971,0.4897,0.6709,0.5141
0816905004,0.5917,0.829,0.8156,0.729,0.8858,0.8507,0.6829,0.8138,0.5478,0.5861,0.7464,0.6657
0816905005,0.5692,0.786,0.7568,0.7199,0.8454,0.8113,0.6277,0.7647,0.4832,0.5412,0.7037,0.5909
0816905006,0.563,0.7721,0.7481,0.6903,0.8398,0.7655,0.6186,0.7425,0.467,0.5482,0.6851,0.5838
0816905007,0.5583,0.7451,0.7627,0.6999,0.8261,0.795,0.6128,0.7489,0.468,0.5099,0.6651,0.5603
0816905008,0.5839,0.808,0.8213,0.7323,0.8762,0.8502,0.6432,0.7905,0.5377,0.5469,0.7293,0.6327
0816905009,,,,,,,,,0.5353,0.5906,0.7242,0.6489
0817001001,0.6,0.7915,0.6555,0.6133,0.8018,0.7647,0.6855,0.7285,0.6072,0.6937,0.5677,0.5996
0817101001,0.7767,0.8296,0.6838,0.6251,0.8673,0.7796,0.7877,0.7487,0.6078,0.6897,0.6484,0.6474
0817101002,0.756,0.8397,0.647,0.6004,0.8622,0.7762,0.8074,0.7376,0.6013,0.6973,0.6082,0.603
0817201001,0.5884,0.8256,0.7479,0.694,0.8516,0.8253,0.6932,0.7598,0.6138,0.5446,0.7231,0.638
0817201002,0.647,0.837,0.7606,0.7274,0.8677,0.8386,0.7199,0.7961,0.6044,0.5772,0.7138,0.6673
0817201003,0.596,0.796,0.7309,0.7006,0.8513,0.8172,0.6651,0.7302,0.5422,0.4947,0.6709,0.6073
0817202001,0.6456,0.8279,0.744,0.7257,0.8588,0.8207,0.6982,0.7749,0.6489,0.5896,0.7071,0.6586
0817202002,0.5506,0.7321,0.7076,0.6667,0.7907,0.7677,0.5972,0.7164,0.4685,0.4414,0.5991,0.5224
0817202003,0.5532,0.767,0.7137,0.6754,0.8257,0.7751,0.627,0.7312,0.473,0.47,0.6274,0.5504
0817202004,0.4749,0.6971,0.6667,0.5944,0.7429,0.6938,0.5213,0.6401,0.3808,0.4116,0.5708,0.4182
0817203001,0.5792,0.782,0.721,0.6773,0.8191,0.7811,0.6318,0.7343,0.5686,0.4898,0.6614,0.5777
0817203002,0.5448,0.7304,0.673,0.6596,0.7929,0.7616,0.5791,0.6973,0.4617,0.4662,0.61,0.5164
0817203003,0.5573,0.7788,0.7405,0.6851,0.8258,0.7869,0.6255,0.7349,0.5085,0.527,0.6968,0.5903
0817203004,0.5619,0.7879,0.7387,0.6976,0.8494,0.8114,0.6624,0.7685,0.582,0.5184,0.7152,0.6271
0817203005,0.4912,0.6954,0.6576,0.5954,0.7804,0.7245,0.5107,0.665,0.3711,0.4286,0.5894,0.4724
0817203006,0.557,0.8085,0.7331,0.6896,0.8051,0.7702,0.6188,0.7351,0.5611,0.5184,0.6884,0.6
0817203007,0.5485,0.8004,0.723,0.6995,0.8616,0.84,0.6558,0.7825,0.6024,0.5086,0.6971,0.6141
0817203008,0.564,0.8086,0.7319,0.6718,0.8605,0.825,0.6652,0.7758,0.5745,0.5194,0.7156,0.6417
0817203009,0.5534,0.8136,0.7301,0.6967,0.8343,0.798,0.6416,0.7528,0.6203,0.5401,0.6859,0.6327
0817401001,0.7995,0.8568,0.7766,0.7219,0.9143,0.8418,0.8173,0.8299,0.6898,0.7906,0.7075,0.6555
0817501001,0.6326,0.7697,0.6465,0.6092,0.7972,0.72,0.648,0.6829,0.5178,0.5177,0.5713,0.5535
0817501002,0.6161,0.8138,0.6852,0.618,0.8291,0.7648,0.694,0.7305,0.5833,0.5354,0.6253,0.6003
0817502001,0.6346,0.7926,0.6846,0.6699,0.8141,0.7605,0.7425,0.7485,0.6612,0.576,0.6479,0.6846
0817601001,0.7062,0.828,0.7152,0.6987,0.8491,0.8199,0.7375,0.7532,0.6538,0.6287,0.6626,0.6957
0817701001,0.5238,0.825,0.625,0.75,0.907,0.7949,0.8205,0.75,0.5714,0.9,0.6897,0.7097
0817801001,0.722,0.8618,0.7372,0.7103,0.8975,0.8625,0.8234,0.8176,0.7098,0.7204,0.7081,0.6681
0817901001,0.753,0.8148,0.7375,0.6839,0.8399,0.8118,0.7618,0.7327,0.5661,0.589,0.6685,0.5545
0818001001,0.5278,0.7789,0.7266,0.6571,0.8249,0.8006,0.5922,0.7186,0.4485,0.4922,0.6525,0.5215
0818001002,0.585,0.8039,0.7531,0.6702,0.8458,0.7904,0.6651,0.7527,0.5384,0.5857,0.6977,0.5909
0818001003,0.5632,0.7631,0.7483,0.6735,0.8269,0.7896,0.6375,0.7222,0.5138,0.5776,0.6785,0.5803
0818001004,0.5476,0.7455,0.7041,0.6393,0.8033,0.7591,0.5871,0.7083,0.5015,0.531,0.655,0.5395
0818001005,0.5155,0.746,0.7204,0.6251,0.8022,0.761,0.5641,0.7004,0.4571,0.5119,0.6469,0.5382
0818001006,0.5655,0.7191,0.7147,0.6629,0.785,0.7234,0.6018,0.6914,0.4068,0.518,0.6151,0.4852
0818001007,0.5192,0.7278,0.7199,0.6537,0.8002,0.7344,0.5777,0.6809,0.4255,0.4225,0.5845,0.4748
0818001008,0.4763,0.741,0.7173,0.6655,0.8205,0.7666,0.5729,0.7046,0.485,0.4557,0.6437,0.531
0818001009,0.6196,0.8341,0.8089,0.7383,0.8853,0.8349,0.687,0.7948,0.6013,0.5945,0.7463,0.649
0818001010,0.5613,0.8159,0.7588,0.6656,0.8819,0.8453,0.6908,0.8012,0.561,0.5926,0.7197,0.6263
0818001011,0.5561,0.8362,0.7861,0.689,0.8863,0.828,0.6549,0.79,0.5256,0.6025,0.7252,0.6099
0818001012,0.5373,0.83,0.7666,0.7055,0.888,0.8312,0.6499,0.7917,0.5229,0.5893,0.7109,0.6202
0818001013,0.5727,0.8385,0.8145,0.725,0.9065,0.8628,0.6742,0.8111,0.5245,0.6012,0.7426,0.6319
0818002001,0.5216,0.7741,0.7342,0.6605,0.8376,0.7946,0.5902,0.7241,0.4536,0.5431,0.6464,0.53
0818002002,0.5217,0.7701,0.7368,0.6539,0.8175,0.7817,0.6142,0.7232,0.4483,0.5136,0.6229,0.4857
0818002003,0.4801,0.7581,0.7166,0.6291,0.8157,0.731,0.5283,0.6785,0.4053,0.5128,0.6337,0.5284
0818002004,0.5276,0.7802,0.7321,0.646,0.825,0.8084,0.6271,0.7435,0.4258,0.5249,0.6607,0.5557
0818002005,0.4681,0.6721,0.657,0.5859,0.7681,0.6973,0.4792,0.6271,0.3348,0.4047,0.5543,0.4163
0818002006,0.5129,0.7487,0.6987,0.6283,0.804,0.7652,0.58,0.6959,0.4469,0.4856,0.654,0.5194
0818002007,0.5006,0.7135,0.6891,0.5996,0.7658,0.7377,0.5572,0.6812,0.3935,0.463,0.5973,0.4646
0818101001,0.5825,0.8423,0.7414,0.6897,0.8788,0.8278,0.6563,0.7547,0.6334,0.543,0.6788,0.6262
0818101002,0.6284,0.8058,0.7154,0.6301,0.8552,0.8063,0.6688,0.739,0.538,0.5747,0.655,0.5678
0818101003,0.5099,0.8025,0.7391,0.662,0.8252,0.7884,0.6109,0.7352,0.5557,0.5072,0.6649,0.5637
0818101004,0.5473,0.7801,0.7108,0.6215,0.8299,0.7785,0.6373,0.7075,0.5346,0.5028,0.6021,0.5501
0818101005,0.5918,0.829,0.7388,0.6691,0.8515,0.8059,0.6968,0.7306,0.6228,0.6047,0.7052,0.6307
0818201001,0.6066,0.7789,0.7274,0.64,0.8396,0.7666,0.7035,0.6985,0.4606,0.5669,0.6289,0.5276
0818301001,0.5768,0.8035,0.6688,0.5968,0.8345,0.7766,0.669,0.7399,0.5604,0.5038,0.6063,0.5613
0818301002,0.5885,0.8423,0.7173,0.6265,0.8847,0.8242,0.7396,0.778,0.6304,0.5608,0.6318,0.6438
0818301003,0.5404,0.7877,0.7018,0.6339,0.8581,0.7793,0.6617,0.7274,0.5328,0.5263,0.5931,0.5672
0818302001,0.5869,0.8213,0.6752,0.6171,0.8812,0.8035,0.6904,0.7281,0.5501,0.4522,0.6226,0.5798
0818401001,0.5247,0.8055,0.7667,0.6965,0.8597,0.7986,0.6226,0.7525,0.5112,0.5072,0.6568,0.5965
0818401002,0.4446,0.7356,0.692,0.6254,0.8118,0.7378,0.545,0.6872,0.4204,0.4679,0.643,0.5158
0818401003,0.5513,0.7895,0.746,0.6883,0.8591,0.7954,0.636,0.7415,0.525,0.5217,0.6475,0.5795
0818401004,0.5869,0.82,0.7578,0.7009,0.8642,0.8327,0.6739,0.7611,0.5631,0.5378,0.7215,0.6003
0818402001,0.4883,0.7387,0.676,0.6343,0.8034,0.7635,0.5688,0.7003,0.4666,0.4884,0.6472,0.5385
0818402003,0.5069,0.7665,0.7406,0.6458,0.8143,0.7489,0.525,0.6976,0.4696,0.441,0.6478,0.5068
0818402004,0.5255,0.7847,0.7188,0.6516,0.8259,0.8033,0.583,0.7331,0.5046,0.5421,0.6904,0.5518
0818402005,0.3826,0.7231,0.6678,0.5938,0.7958,0.7242,0.4705,0.671,0.4045,0.3745,0.5994,0.4377
0818402006,0.407,0.7248,0.6631,0.6001,0.7971,0.7387,0.4745,0.6906,0.4099,0.3984,0.6378,0.4492
0818403001,0.541,0.7846,0.7151,0.6606,0.845,0.809,0.6153,0.734,0.5622,0.5238,0.7099,0.594
0818403003,0.4722,0.6448,0.6272,0.5858,0.6959,0.6857,0.5011,0.6269,0.3889,0.4204,0.5691,0.4666
0818403004,0.4566,0.6928,0.6507,0.6327,0.7199,0.7012,0.505,0.621,0.397,0.4267,0.5829,0.4786
0818403005,0.5349,0.7316,0.6919,0.6416,0.7923,0.7401,0.5828,0.6876,0.429,0.4246,0.6244,0.4926
0818403006,0.5036,0.7296,0.7013,0.6619,0.7871,0.7491,0.5749,0.6856,0.3952,0.4522,0.6254,0.4861
0818403007,0.5801,0.7771,0.7386,0.6977,0.8226,0.7871,0.6148,0.7168,0.475,0.5019,0.6703,0.5668
0818403008,0.4646,0.6573,0.6304,0.5779,0.6936,0.6519,0.4828,0.5969,0.3304,0.4154,0.5204,0.3993
0818403009,0.6195,0.8354,0.8065,0.7544,0.8733,0.8498,0.7055,0.7905,0.6025,0.5945,0.7564,0.6736
0818404001,0.5838,0.7684,0.7077,0.6939,0.7985,0.7772,0.6445,0.7413,0.5684,0.5354,0.6784,0.5882
0818404002,0.5761,0.7503,0.7172,0.6631,0.8093,0.7745,0.6505,0.7398,0.5418,0.5215,0.6677,0.568
0818404003,0.5425,0.756,0.6999,0.6494,0.8191,0.7769,0.6327,0.735,0.5038,0.523,0.67,0.5421
0818404004,0.4839,0.7397,0.7072,0.6289,0.7936,0.7434,0.5535,0.6681,0.3529,0.4079,0.5867,0.4511
0818404005,0.6134,0.7833,0.7299,0.6578,0.7896,0.7639,0.6196,0.7144,0.5415,0.5272,0.6499,0.5947
0818404006,0.5472,0.7364,0.698,0.6361,0.7943,0.7592,0.6239,0.7117,0.5237,0.5496,0.671,0.5742
0818404007,0.554,0.7662,0.7085,0.6632,0.8135,0.7743,0.6452,0.7353,0.5355,0.534,0.6501,0.5665
0818404008,0.4686,0.6891,0.6473,0.5737,0.7315,0.691,0.5053,0.6234,0.4292,0.4334,0.5698,0.4584
0818404009,0.4949,0.7309,0.7093,0.6284,0.8129,0.772,0.5719,0.683,0.4622,0.5007,0.6504,0.5255
0818404010,0.4597,0.7092,0.6693,0.6299,0.7754,0.7332,0.527,0.6571,0.3675,0.4275,0.6184,0.5041
0818404011,0.4877,0.7345,0.6786,0.6309,0.7943,0.7525,0.5509,0.6738,0.4061,0.4638,0.6423,0.5098
0818404012,0.4972,0.7494,0.6846,0.6509,0.7909,0.7318,0.5776,0.6979,0.41,0.4768,0.6132,0.5338
0818404013,0.5166,0.7376,0.7084,0.6352,0.7853,0.7416,0.5565,0.6887,0.4403,0.4728,0.6463,0.5298
0818404014,0.5152,0.7735,0.7112,0.6382,0.8173,0.745,0.5707,0.7053,0.4446,0.4833,0.6303,0.5258
0818404015,0.5127,0.7337,0.7068,0.6229,0.8004,0.7424,0.5833,0.6984,0.4538,0.5097,0.6541,0.5406
0818404016,0.4711,0.7321,0.6861,0.6329,0.7757,0.7515,0.5488,0.6828,0.4524,0.4661,0.6245,0.5195
0818404018,0.4697,0.7319,0.6741,0.6367,0.7758,0.7541,0.6018,0.7085,0.4864,0.4939,0.6437,0.5625
0818404019,0.4686,0.6956,0.6821,0.6332,0.7972,0.7513,0.5539,0.6745,0.4002,0.4611,0.6344,0.5242
0818404020,0.4732,0.7266,0.6871,0.5976,0.79,0.7377,0.5652,0.6703,0.4345,0.4815,0.5983,0.5
0818404021,0.5474,0.7969,0.7625,0.7047,0.8446,0.8025,0.6466,0.7524,0.5615,0.5225,0.6749,0.5971
0818404022,0.5328,0.7921,0.7598,0.666,0.8626,0.8129,0.6179,0.7361,0.5392,0.5069,0.6509,0.6104
0818404023,0.4917,0.7154,0.668,0.5907,0.7891,0.7218,0.541,0.6741,0.3872,0.4106,0.6087,0.4928
0818404024,0.5553,0.6557,0.7399,0.6797,0.8324,0.7941,0.6398,0.7562,0.494,0.53,0.7307,0.5954
0818404025,0.4936,0.7053,0.649,0.6046,0.745,0.7059,0.5205,0.644,0.3745,0.4008,0.5736,0.452
0818404026,0.4825,0.7482,0.6981,0.6324,0.7981,0.7623,0.5376,0.6788,0.4027,0.4453,0.6226,0.4783
0818501001,0.7026,0.8601,0.6804,0.6543,0.8984,0.8731,0.825,0.8223,0.6091,0.7463,0.6716,0.6062
0818701001,0.6908,0.8574,0.764,0.7643,0.8814,0.8466,0.7553,0.7878,0.72,0.5579,0.7035,0.6351
0818701002,0.664,0.8779,0.7954,0.7251,0.8881,0.8583,0.7474,0.8152,0.7011,0.6153,0.7289,0.7437
0818701003,0.6863,0.878,0.7983,0.7307,0.9066,0.8659,0.7681,0.8402,0.7317,0.5607,0.7455,0.7113
0818701004,0.6478,0.8775,0.783,0.7484,0.8965,0.8606,0.7482,0.8293,0.7224,0.6293,0.7631,0.7201
0818701005,0.6702,0.8492,0.7373,0.6895,0.8412,0.8318,0.7433,0.8008,0.711,0.6091,0.7113,0.6852
0818701006,,,,,,0.8648,0.7422,0.8281,0.6842,0.5888,0.7193,0.6817
0818701007,0.6656,0.885,0.8178,0.7536,0.8932,0.8725,0.7329,0.8491,0.6965,0.6069,0.7447,0.6761
0818701008,0.6592,0.8807,0.8019,0.7337,0.9065,0.8786,0.7511,0.8501,0.7032,0.6188,0.7477,0.691
0818701009,,,,,,0.8897,0.7407,0.8328,0.7038,0.574,0.7415,0.6834
0818701010,0.6076,0.8134,0.7023,0.6861,0.8491,0.8178,0.7061,0.7646,0.6757,0.5496,0.7031,0.6702
0818701011,0.6352,0.8634,0.7661,0.7109,0.8704,0.8478,0.7518,0.7967,0.6754,0.5449,0.7012,0.6623
0818701012,0.6449,0.87,0.7897,0.7381,0.8883,0.8456,0.7151,0.8295,0.6603,0.5508,0.7264,0.6869
0818701013,0.58,0.8266,0.7421,0.7139,0.88,0.8238,0.6936,0.7779,0.6305,0.5164,0.669,0.6196
0818701014,0.6437,0.8686,0.7764,0.7302,0.892,0.8636,0.7441,0.8233,0.6898,0.571,0.7193,0.6817
0818701015,0.6823,0.8831,0.8067,0.7469,0.9147,0.8633,0.779,0.8449,0.723,0.5885,0.7273,0.6935
0818701016,0.619,0.8833,0.7904,0.7226,0.907,0.8903,0.7307,0.823,0.6623,0.5672,0.7328,0.5083
0818701017,0.5482,0.806,0.7218,0.6645,0.8371,0.8203,0.6455,0.7644,0.5799,0.49,0.6802,0.5846
0818701018,0.5461,0.7745,0.7098,0.6908,0.8173,0.7822,0.6267,0.741,0.5592,0.5123,0.6641,0.5881
0818701019,0.594,0.8289,0.7616,0.6864,0.8593,0.8242,0.6693,0.7673,0.6066,0.5348,0.7209,0.6395
0818701020,0.5774,0.8212,0.7498,0.6931,0.8532,0.8279,0.6694,0.7593,0.5696,0.5378,0.72,0.6014
0818701021,0.5691,0.766,0.6977,0.6509,0.8167,0.7695,0.6317,0.7405,0.518,0.4947,0.6742,0.588
0818701022,0.5966,0.8181,0.7775,0.699,0.8608,0.7924,0.6608,0.7522,0.5886,0.5537,0.7179,0.6191
0818701023,0.5728,0.8196,0.7747,0.717,0.8211,0.7799,0.6147,0.7413,0.5324,0.4872,0.6846,0.5641
0818701024,0.5102,0.7645,0.7238,0.6407,0.8224,0.7706,0.6133,0.7214,0.4658,0.4546,0.6308,0.5259
0818701025,0.595,0.8335,0.7712,0.7401,0.8495,0.8202,0.6712,0.7926,0.5294,0.5246,0.6836,0.5862
0818701026,0.5877,0.8333,0.7601,0.7067,0.873,0.8012,0.6727,0.7438,0.592,0.5404,0.6982,0.601
0818701027,,,,,,0.8445,0.6857,0.7767,0.5404,0.4981,0.6608,0.5444
0818701028,,,,,,0.8436,0.6994,0.798,0.6601,0.5113,0.6873,0.6415
0818701029,0.5843,0.8328,0.7452,0.6864,0.8512,0.7788,0.6469,0.7672,0.6231,0.5449,0.7079,0.6113
0818701030,0.6583,0.8906,0.7881,0.7433,0.8968,0.8698,0.7489,0.8345,0.7152,0.5971,0.7546,0.7042
0818701031,0.6714,0.896,0.7822,0.7552,0.9049,0.8864,0.7584,0.817,0.6858,0.577,0.7428,0.6939
0818701032,0.6111,0.865,0.782,0.733,0.8773,0.8419,0.7271,0.8244,0.7115,0.5536,0.7233,0.6818
0818701033,0.5378,0.7941,0.7442,0.6747,0.8524,0.8339,0.6642,0.7752,0.5735,0.499,0.6687,0.5741
0818701034,0.6083,0.8295,0.7763,0.7369,0.8488,0.8284,0.6799,0.8012,0.6499,0.5552,0.715,0.6339
0818701035,0.5735,0.828,0.7776,0.6977,0.8674,0.8625,0.6701,0.7968,0.5583,0.5292,0.6878,0.6294
0818701036,,,,,,0.887,0.769,0.8446,0.7294,0.6016,0.7788,0.7226
0818701037,,,,,,0.8744,0.7438,0.8357,0.722,0.5774,0.7248,0.6715
0818701038,,,,,,0.8556,0.7057,0.7798,0.6182,0.5722,0.7132,0.6516
0818702001,0.6772,0.8838,0.8116,0.7537,0.9087,0.8811,0.7909,0.8405,0.7164,0.6002,0.7435,0.7291
0818702002,0.6588,0.8586,0.7531,0.7288,0.8867,0.8342,0.7359,0.8116,0.6608,0.5437,0.671,0.6393
0818702003,0.5702,0.7912,0.7414,0.6751,0.8552,0.7979,0.6565,0.749,0.5203,0.5868,0.7242,0.6375
0818702004,0.6321,0.8413,0.7834,0.7158,0.8784,0.8406,0.7291,0.7861,0.6824,0.5562,0.6795,0.6413
0818702005,0.5779,0.8306,0.7151,0.7029,0.8596,0.8347,0.6963,0.7759,0.6297,0.5417,0.6997,0.6402
0818702006,0.5546,0.7948,0.7308,0.6849,0.8455,0.7973,0.6275,0.7299,0.491,0.4828,0.6473,0.5483
0818702007,0.5935,0.8368,0.7404,0.6877,0.8512,0.8262,0.6882,0.7674,0.5883,0.5319,0.7043,0.6298
0818702008,0.6572,0.8449,0.7745,0.7202,0.901,0.8728,0.769,0.8263,0.6474,0.574,0.747,0.6693
0818702009,0.6249,0.8312,0.7858,0.7433,0.9025,0.855,0.7325,0.8114,0.688,0.5946,0.7599,0.6946
0818702010,0.6244,0.832,0.7477,0.6887,0.8489,0.8214,0.7252,0.7762,0.6513,0.5664,0.6957,0.7036
0818702011,0.394,0.562,0.4678,0.4432,0.6371,0.5593,0.3769,0.5017,0.2678,0.3172,0.4228,0.3173
0818702012,0.4694,0.6833,0.6416,0.5891,0.7663,0.7043,0.5015,0.6422,0.4362,0.4497,0.5945,0.4491
0818702013,0.444,0.6717,0.6277,0.5456,0.7529,0.6418,0.4624,0.6097,0.3718,0.4582,0.5557,0.429
0818702014,0.4228,0.5754,0.5789,0.4824,0.6315,0.6025,0.4011,0.533,0.3368,0.3991,0.4643,0.3832
0818702015,0.5097,0.7564,0.7417,0.6648,0.8127,0.7531,0.5952,0.7214,0.5153,0.4951,0.6789,0.5398
0818702016,0.6342,0.8695,0.7818,0.7343,0.8965,0.8702,0.7513,0.8173,0.647,0.5929,0.7011,0.6735
0818702017,0.6281,0.8657,0.8056,0.7691,0.8849,0.8609,0.7628,0.8023,0.6662,0.5671,0.7214,0.6618
0818703001,0.5428,0.7799,0.7437,0.6889,0.8474,0.7624,0.5841,0.7111,0.4334,0.4776,0.6572,0.4852
0818703002,0.4592,0.7166,0.669,0.6002,0.7694,0.73,0.5406,0.6728,0.4139,0.4295,0.6129,0.4571
0818703003,0.4936,0.7485,0.6873,0.6269,0.7805,0.75,0.5276,0.6859,0.4126,0.4323,0.5937,0.4659
0818703004,0.4992,0.717,0.7027,0.6501,0.7872,0.7582,0.5523,0.6966,0.43,0.3394,0.6211,0.4538
0818703005,0.5337,0.7401,0.7207,0.6476,0.7778,0.7434,0.5748,0.6731,0.4673,0.4664,0.6479,0.5198
0818703006,,,,,,0.7806,0.6215,0.7432,0.5051,0.5223,0.6756,0.5476
0818703007,0.5547,0.7719,0.7453,0.6762,0.7984,0.7965,0.6228,0.715,0.4842,0.5331,0.6555,0.5496
0818703008,0.507,0.7367,0.721,0.6314,0.795,0.7258,0.537,0.6699,0.3945,0.4826,0.615,0.4442
0818703009,0.4593,0.7045,0.6283,0.5745,0.7594,0.6574,0.5014,0.6157,0.383,0.4165,0.5571,0.4253
0818703010,0.5172,0.7545,0.7128,0.6667,0.815,0.7799,0.6281,0.723,0.4924,0.5104,0.6698,0.5
0818703011,0.5223,0.7077,0.7149,0.6473,0.7664,0.7262,0.5247,0.6433,0.4046,0.4767,0.5944,0.4692
0818703012,0.5619,0.7365,0.7356,0.677,0.8005,0.7577,0.5981,0.7224,0.4832,0.5319,0.6767,0.5258
0818703013,0.5313,0.778,0.7226,0.6704,0.8091,0.7565,0.5797,0.6957,0.4592,0.4882,0.6512,0.5013
0818703014,0.5195,0.7297,0.6982,0.6231,0.763,0.716,0.5678,0.6514,0.4538,0.4577,0.5709,0.4378
0818703015,0.5141,0.7383,0.6978,0.6151,0.7846,0.7262,0.5497,0.644,0.37,0.4083,0.5789,0.4583
0818703016,0.5235,0.6788,0.6325,0.5675,0.6836,0.6338,0.4834,0.5967,0.3347,0.3852,0.5214,0.4028
0818703017,0.4892,0.6864,0.658,0.5889,0.7322,0.7022,0.5395,0.6309,0.3231,0.4273,0.5784,0.4581
0818703018,,,,,,0.7845,0.5876,0.7274,0.3974,0.493,0.6377,0.4968
0818703019,0.6745,0.8148,0.7922,0.7419,0.8468,0.8171,0.6618,0.7576,0.5578,0.5756,0.7345,0.5793
0818703020,,,,,,0.7532,0.5934,0.6895,0.455,0.4909,0.6182,0.5045
0818703021,0.504,0.7185,0.7086,0.6444,0.7773,0.7275,0.5136,0.646,0.4207,0.4245,0.6063,0.4797
0818703022,0.5075,0.7238,0.7058,0.6458,0.8028,0.7612,0.5497,0.6822,0.4334,0.4505,0.6196,0.4874
0818703023,,,,,,0.7882,0.641,0.7402,0.494,0.5141,0.6832,0.547
0818703024,0.5395,0.7987,0.7418,0.6684,0.8441,0.8144,0.6569,0.7682,0.5286,0.5084,0.697,0.5673
0818703025,0.5979,0.8382,0.7864,0.7398,0.8665,0.83,0.6724,0.7731,0.5016,0.575,0.7104,0.5956
0818703026,,,,,,0.8691,0.708,0.8006,0.5787,0.5977,0.7587,0.6334
0818703027,0.4896,0.7567,0.694,0.6022,0.8281,0.7459,0.5556,0.713,0.4036,0.4694,0.6018,0.5195
0818704001,0.5406,0.7966,0.7474,0.6892,0.8425,0.8069,0.6215,0.7678,0.4993,0.5516,0.6979,0.5653
0818704002,0.5137,0.7341,0.7049,0.6679,0.7369,0.754,0.5639,0.6838,0.4353,0.4709,0.6204,0.4993
0818704003,0.5287,0.8232,0.7733,0.6864,0.8691,0.7956,0.6419,0.7636,0.5157,0.5121,0.6609,0.5612
0818704004,0.5215,0.7651,0.7162,0.6729,0.8208,0.7597,0.5962,0.7147,0.4691,0.52,0.6609,0.5372
0818704005,0.5594,0.7842,0.7599,0.6948,0.8291,0.7781,0.651,0.7784,0.526,0.5154,0.684,0.5592
0818704006,0.5471,0.789,0.7485,0.7121,0.8445,0.7727,0.6611,0.7734,0.5562,0.5295,0.7192,0.636
0818704007,0.5467,0.7837,0.7707,0.6987,0.8516,0.8192,0.6353,0.7517,0.5143,0.4994,0.6824,0.577
0818704008,0.5877,0.8259,0.7858,0.727,0.8717,0.8217,0.6645,0.7938,0.5519,0.5384,0.7034,0.6082
0818704009,0.6282,0.8557,0.8134,0.7657,0.8662,0.8554,0.7298,0.8148,0.6363,0.593,0.7574,0.6709
0818704010,0.523,0.7475,0.7098,0.6401,0.7916,0.7618,0.5967,0.7047,0.4623,0.5168,0.6517,0.5166
0818704011,0.5139,0.783,0.7298,0.6802,0.8299,0.7643,0.5714,0.7135,0.4327,0.4745,0.6565,0.5271
0818704012,0.4966,0.7564,0.7578,0.6725,0.8241,0.7843,0.549,0.7163,0.4058,0.4829,0.6432,0.5275
0818704013,0.5097,0.7887,0.7341,0.6627,0.8347,0.7764,0.5622,0.7227,0.4169,0.4732,0.6527,0.5023
0818704014,0.6336,0.8359,0.8169,0.7569,0.8618,0.82,0.6663,0.6755,0.5698,0.5636,0.7304,0.6354
0818704015,0.4606,0.6759,0.6667,0.5942,0.7398,0.6938,0.5228,0.6323,0.4019,0.4197,0.6112,0.4454
0818704016,0.5275,0.7862,0.7475,0.67,0.8431,0.794,0.6112,0.7466,0.4958,0.4682,0.6626,0.5438
0818704017,0.5011,0.7333,0.7101,0.6508,0.8044,0.7529,0.5436,0.688,0.4292,0.4425,0.619,0.458
0818704018,0.5522,0.8007,0.7367,0.6462,0.8214,0.7509,0.5982,0.7046,0.5062,0.4638,0.634,0.5154
0818704019,0.4272,0.6606,0.6559,0.6013,0.7593,0.6963,0.4852,0.6247,0.339,0.4065,0.5772,0.4632
0818704020,0.4658,0.7211,0.6945,0.654,0.7863,0.7496,0.5315,0.6584,0.3991,0.4611,0.6029,0.4911
0818704021,0.5767,0.8198,0.7766,0.7183,0.8683,0.7968,0.6224,0.7399,0.5203,0.54,0.6949,0.5241
0818704022,0.5088,0.8128,0.7954,0.6932,0.8526,0.7195,0.6098,0.7507,0.505,0.5293,0.7044,0.5816
0818704023,0.5367,0.7393,0.7579,0.6667,0.8299,0.7987,0.5926,0.7341,0.521,0.5369,0.6885,0.5707
0818704024,0.5734,0.8878,0.812,0.7343,0.8986,0.8515,0.6544,0.8157,0.5472,0.5452,0.7264,0.5641
0818704025,0.5854,0.8358,0.8127,0.7224,0.8767,0.8496,0.6728,0.7873,0.5631,0.6,0.7292,0.6127
0818704026,,0.8304,0.7866,0.682,0.8781,0.8302,0.6236,0.77,0.5666,0.5742,0.7313,0.6
0818704027,0.6128,0.8546,0.8229,0.736,0.9212,0.8866,0.6968,0.8192,0.6215,0.6172,0.7519,0.6459
0818704028,0.5495,0.8483,0.7809,0.7254,0.8901,0.849,0.6476,0.7843,0.5749,0.5299,0.7173,0.6519
0818704029,0.5368,0.8407,0.7736,0.6974,0.8665,0.8478,0.6222,0.7602,0.5813,0.4957,0.6779,0.5596
0818704030,,,,,,0.7215,0.6707,0.7895,0.5295,0.5711,0.7073,0.5629
0818705001,0.534,0.7967,0.691,0.6552,0.8211,0.7836,0.5904,0.7161,0.5101,0.4404,0.6726,0.5246
0818705002,0.5845,0.8218,0.7502,0.6905,0.878,0.8358,0.6877,0.799,0.6329,0.5594,0.7342,0.6636
0818705003,0.6646,0.8588,0.7802,0.748,0.9009,0.8808,0.754,0.8403,0.6922,0.5752,0.7206,0.69
0818705004,0.6193,0.8197,0.7611,0.6893,0.8567,0.8519,0.7294,0.8081,0.67,0.5197,0.6973,0.5965
0818705005,0.5465,0.8046,0.7051,0.6935,0.8544,0.8092,0.6416,0.7626,0.5728,0.5212,0.6864,0.5781
0818705006,0.63,0.8317,0.778,0.7106,0.8578,0.8136,0.7005,0.7651,0.6064,0.5157,0.6538,0.6044
0818705007,,,,,,0.7329,0.5116,0.6634,0.4303,0.3996,0.5741,0.4765
0818705008,0.4834,0.6997,0.6555,0.5651,0.7254,0.6483,0.5185,0.5799,0.3548,0.4242,0.5324,0.3858
0818705009,0.5229,0.7829,0.7496,0.6692,0.8241,0.8083,0.6094,0.7483,0.5225,0.4772,0.6559,0.5457
0818705011,0.4053,0.6603,0.6254,0.5458,0.7234,0.6799,0.452,0.6202,0.3463,0.4024,0.5891,0.4228
0818705012,0.4811,0.717,0.6915,0.6382,0.7533,0.7271,0.5347,0.6615,0.4155,0.447,0.5976,0.4794
0818705013,0.4898,0.7911,0.7305,0.6921,0.84,0.7442,0.5214,0.6729,0.408,0.365,0.6136,0.5237
0818705014,0.5581,0.8289,0.7881,0.7304,0.8726,0.8416,0.6803,0.8068,0.5763,0.5375,0.713,0.6165
0818705015,0.644,0.8602,0.7791,0.7195,0.9057,0.8752,0.7394,0.8211,0.6769,0.5772,0.7249,0.6655
0818705016,,,,,,0.7961,0.6271,0.7244,0.5075,0.541,0.636,0.5005
0818706001,0.4188,0.6795,0.6317,0.5629,0.7169,0.7195,0.518,0.6095,0.3899,0.3882,0.5903,0.4676
0818706002,0.5039,0.7235,0.7035,0.6131,0.7439,0.7179,0.5116,0.6608,0.4255,0.3799,0.5539,0.4181
0818706003,0.4633,0.7163,0.6938,0.5892,0.7712,0.7271,0.5218,0.6401,0.4,0.4092,0.5632,0.4501
0818706004,0.4606,0.7188,0.6906,0.6117,0.748,0.7179,0.5173,0.6476,0.3933,0.3907,0.5781,0.4403
0818706005,0.4346,0.6823,0.6637,0.5968,0.7637,0.7091,0.5403,0.6401,0.3862,0.3697,0.568,0.4409
0818706006,0.4408,0.7098,0.6641,0.5942,0.7451,0.6896,0.5048,0.6248,0.3417,0.391,0.5416,0.4028
0818706007,0.4147,0.6339,0.6224,0.5559,0.6981,0.6354,0.4274,0.5764,0.3396,0.3809,0.539,0.4135
0818706008,0.5486,0.8078,0.7876,0.7247,0.8571,0.8,0.6272,0.7498,0.5316,0.5179,0.6691,0.5701
0818706009,0.4755,0.6773,0.6844,0.5953,0.7469,0.6697,0.4799,0.6215,0.3743,0.3944,0.5567,0.4221
0818706010,0.419,0.6311,0.5956,0.5423,0.6484,0.6086,0.441,0.5561,0.3235,0.33,0.4745,0.3583
0818706011,0.389,0.6081,0.5973,0.531,0.6918,0.6378,0.4569,0.5729,0.3171,0.3708,0.5099,0.3777
0818706012,0.4676,0.6898,0.6465,0.5556,0.6966,0.6291,0.5028,0.5842,0.3417,0.3818,0.5278,0.4003
0818706013,0.4366,0.6753,0.6182,0.549,0.7112,0.6105,0.4176,0.5671,0.3141,0.3677,0.4962,0.3762
0818706014,0.4994,0.7359,0.6859,0.6609,0.8157,0.7706,0.573,0.7009,0.426,0.4327,0.6249,0.4961
0818706016,0.5393,0.7577,0.7124,0.6777,0.8119,0.7889,0.6109,0.7069,0.4884,0.4776,0.644,0.5491
0818706017,,0.7441,0.7248,0.6388,0.8024,0.7556,0.5592,0.7059,0.4576,0.4719,0.6184,0.5281
0818706018,0.4842,0.6726,0.678,0.6251,0.7282,0.7207,0.5432,0.675,0.4444,0.4346,0.5873,0.4789
0818706020,0.5021,0.7388,0.7185,0.671,0.781,0.7692,0.5719,0.7131,0.4809,0.4901,0.6807,0.5174
0818706021,0.5213,0.7617,0.7262,0.6179,0.7969,0.7497,0.5944,0.6868,0.4234,0.4564,0.6255,0.4937
0818706022,0.4903,0.7532,0.7238,0.6244,0.7819,0.7336,0.5481,0.6739,0.4137,0.4081,0.5895,0.4738
0818706023,0.5415,0.7779,0.7245,0.6749,0.8274,0.7875,0.5974,0.7279,0.4696,0.4932,0.6617,0.5256
0818706024,0.478,0.7663,0.711,0.6729,0.8324,0.7849,0.5793,0.6989,0.4197,0.4627,0.6065,0.4842
0818706025,,,,,,0.6508,0.458,0.5692,0.3242,0.3661,0.521,0.4271
0818707001,0.5213,0.6744,0.6068,0.5706,0.7433,0.7007,0.5352,0.6452,0.4132,0.4582,0.5436,0.4205
0818707002,0.4557,0.7088,0.6377,0.5754,0.7926,0.7016,0.4864,0.6299,0.29,0.3758,0.5698,0.4096
0818707003,0.4837,0.6983,0.6598,0.5799,0.7512,0.6656,0.4665,0.6161,0.3253,0.3526,0.4846,0.3701
0818707004,0.55,0.7657,0.7308,0.6581,0.8127,0.7417,0.5474,0.5522,0.4222,0.4908,0.6048,0.5174
0818707005,0.4554,0.7509,0.6775,0.6058,0.796,0.72,0.5106,0.6288,0.3892,0.414,0.6096,0.4163
0818707006,0.569,0.7679,0.7221,0.6262,0.8255,0.7661,0.5564,0.7161,0.4882,0.4635,0.6266,0.478
0818707007,0.4913,0.7637,0.7155,0.6377,0.8201,0.7379,0.521,0.6986,0.4089,0.4138,0.6127,0.4877
0818707008,0.3794,0.6173,0.5166,0.494,0.684,0.5304,0.3458,0.4902,0.2937,0.2601,0.4677,0.3601
0818801001,0.5702,0.9123,0.6923,0.6783,0.95,0.8261,0.7913,0.7739,0.7607,0.6923,0.6356,0.7167
0818901001,0.837,0.8702,0.754,0.7087,0.8548,0.8689,0.8361,0.8067,0.8455,0.8306,0.7661,0.7851
0819001001,0.8068,0.8438,0.6938,0.6562,0.8627,0.8372,0.7674,0.7216,0.6846,0.6667,0.6569,0.6741
0819101001,,,,,,0.7277,0.6622,0.6815,0.4911,0.5894,0.6103,0.5384
0819101003,0.576,0.795,0.6917,0.6506,0.8526,0.8018,0.7124,0.7357,0.5941,0.6473,0.6703,0.637
0819101004,0.5454,0.7821,0.702,0.6254,0.8315,0.8069,0.6758,0.7328,0.5273,0.5992,0.6594,0.6049
0819101005,0.6035,0.8187,0.75,0.6864,0.866,0.8215,0.7145,0.7484,0.5817,0.6093,0.6553,0.6021
0819101006,,,,,,,,,,0.6148,0.6421,0.5835
0819201001,0.6254,0.8257,0.7176,0.6535,0.8715,0.8148,0.7259,0.7751,0.624,0.6233,0.6737,0.6111
0819201002,0.5822,0.7965,0.6909,0.6334,0.84,0.7745,0.6729,0.7287,0.5564,0.5388,0.6377,0.6067
0819201003,0.5982,0.8542,0.7401,0.6773,0.8911,0.8311,0.7226,0.7902,0.6512,0.6166,0.7025,0.6841
0819201004,0.5752,0.8251,0.7346,0.6676,0.874,0.8473,0.7176,0.7837,0.6401,0.5551,0.6869,0.6404
0819301001,0.6481,0.7958,0.6762,0.6367,0.8415,0.8049,0.741,0.748,0.5577,0.6006,0.6507,0.5836
0819401001,0.5379,0.7289,0.6963,0.5674,0.8024,0.7792,0.6151,0.7175,0.4869,0.5082,0.6587,0.5284
0819401002,0.5708,0.7757,0.7384,0.6729,0.8292,0.771,0.6245,0.735,0.5336,0.522,0.6686,0.5838
0819401003,0.5227,0.7561,0.7188,0.6708,0.8038,0.7475,0.5599,0.6922,0.4507,0.4722,0.657,0.5175
0819401004,0.5894,0.7714,0.737,0.6723,0.8224,0.795,0.5979,0.7392,0.4887,0.5133,0.6436,0.5528
0819401005,0.5528,0.7749,0.7243,0.6691,0.8207,0.7808,0.5997,0.713,0.4871,0.5594,0.6977,0.5761
0819401006,0.5528,0.7706,0.7209,0.7837,0.8257,0.7975,0.6231,0.7516,0.5228,0.5375,0.6677,0.5914
0819402001,0.4862,0.6986,0.6592,0.5861,0.7617,0.7355,0.5134,0.6691,0.398,0.4405,0.6025,0.4854
0819402002,0.4682,0.6571,0.6531,0.554,0.7222,0.672,0.4791,0.5938,0.3539,0.405,0.5277,0.4453
0819402003,0.5307,0.7315,0.6858,0.6134,0.7821,0.7402,0.5527,0.7183,0.4392,0.4691,0.6206,0.5341
0819402004,0.5682,0.7855,0.7353,0.6784,0.8271,0.7783,0.6283,0.7244,0.4394,0.5216,0.6715,0.5703
0819402005,0.5619,0.8385,0.7657,0.6768,0.8491,0.827,0.6406,0.767,0.5352,0.5433,0.7166,0.61
0819403001,0.4871,0.6754,0.631,0.5774,0.7444,0.6856,0.4552,0.6447,0.297,0.4264,0.5832,0.5086
0819404001,,,,,,,0.601,0.7054,0.5104,0.5327,0.6433,0.5364
0819405001,0.5858,0.76,0.719,0.6646,0.8134,0.7547,0.6102,0.6896,0.4773,0.5559,0.653,0.5041
0819405002,0.5309,0.714,0.6919,0.6214,0.7391,0.6999,0.5385,0.6573,0.4106,0.4231,0.5901,0.4706
0819405003,0.5509,0.7403,0.7032,0.6195,0.7908,0.706,0.5423,0.6662,0.4397,0.4761,0.5926,0.5218
0819405004,0.5424,0.7033,0.7258,0.6632,0.7953,0.7469,0.5719,0.7132,0.4665,0.476,0.6237,0.5335
0819406001,0.3018,0.5061,0.4468,0.37,0.5969,0.4403,0.296,0.4451,0.1839,0.2305,0.3448,0.2866
0819406002,0.3253,0.4698,0.434,0.3493,0.5418,0.4156,0.2639,0.3857,0.1499,0.2721,0.3537,0.2286
0819406003,0.2937,0.4283,0.4359,0.3411,0.5131,0.4048,0.2907,0.4018,0.1893,0.2474,0.3451,0.2568
0819406004,0.2746,0.3833,0.329,0.2624,0.4375,0.3622,0.2712,0.3154,0.1502,0.2448,0.3108,0.1897
0819406005,0.4601,0.6409,0.6119,0.5321,0.7196,0.6309,0.4516,0.6022,0.3162,0.3768,0.5249,0.4274
0819406006,0.3198,0.4634,0.4164,0.3655,0.548,0.4351,0.2668,0.3925,0.1826,0.2763,0.3629,0.2475
0819406007,0.4639,0.6693,0.628,0.561,0.6989,0.6395,0.4822,0.5992,0.3749,0.376,0.5247,0.3967
0819501001,0.8875,0.9383,0.7805,0.7683,0.9231,0.9079,0.8947,0.8267,0.7125,0.6279,0.7558,0.6941
0819601001,0.4133,0.6858,0.677,0.6161,0.7795,0.7366,0.5943,0.677,0.4608,0.5713,0.6332,0.5392
0819601002,0.5011,0.7252,0.6966,0.6433,0.8094,0.7509,0.5642,0.6958,0.4322,0.5062,0.6452,0.5065
0819601003,0.5307,0.715,0.6977,0.6217,0.8033,0.7715,0.6136,0.7088,0.4573,0.518,0.6274,0.5326
0819601004,0.5743,0.773,0.7323,0.6661,0.8256,0.7744,0.6279,0.7484,0.4951,0.5864,0.646,0.5637
0819601005,0.5453,0.7876,0.7545,0.6834,0.8555,0.8135,0.6085,0.7197,0.4996,0.5525,0.6611,0.5808
0819601006,0.5918,0.7551,0.7536,0.6743,0.8099,0.7741,0.602,0.7301,0.4747,0.5589,0.6434,0.555
0819601007,0.5791,0.7945,0.7689,0.69,0.85,0.8128,0.6508,0.7513,0.5377,0.6084,0.6646,0.5828
0819601008,0.6256,0.8668,0.8232,0.7361,0.8788,0.8679,0.667,0.8172,0.6057,0.6694,0.7789,0.6547
0819601009,0.5922,0.7612,0.7058,0.6641,0.8322,0.7842,0.6009,0.716,0.4692,0.5164,0.6704,0.535
0819601010,0.5006,0.7086,0.6709,0.6218,0.7746,0.7461,0.555,0.6637,0.4118,0.5081,0.5975,0.5051
0819601011,0.5716,0.806,0.7616,0.6655,0.8662,0.8203,0.6311,0.7598,0.5,0.5636,0.6612,0.5568
0819601012,0.5468,0.7431,0.6997,0.6494,0.788,0.7451,0.6051,0.6978,0.5356,0.5386,0.6435,0.5744
0819601013,0.6139,0.823,0.7982,0.706,0.8813,0.8382,0.68,0.7709,0.5943,0.6257,0.7355,0.6342
0819601014,0.5549,0.8102,0.7705,0.6687,0.8809,0.8496,0.6575,0.7926,0.54,0.6006,0.7219,0.5997
0819701001,0.6127,0.7618,0.6495,0.6066,0.802,0.7487,0.6214,0.7068,0.5184,0.5316,0.628,0.5582
0819701002,0.4916,0.7677,0.7291,0.672,0.8547,0.8022,0.6479,0.7511,0.5992,0.5729,0.7116,0.6235
0819701003,0.614,0.8014,0.7003,0.6608,0.8424,0.7986,0.6808,0.755,0.5676,0.5669,0.6744,0.6095
0819702001,0.51,0.7776,0.6898,0.6475,0.8285,0.784,0.615,0.7052,0.5965,0.5572,0.7113,0.6485
0819702002,0.519,0.8216,0.7132,0.6656,0.8429,0.7814,0.584,0.7123,0.5454,0.4677,0.6515,0.579
0819702003,0.5508,0.8344,0.7411,0.7116,0.8622,0.803,0.6618,0.7563,0.6015,0.5476,0.6689,0.6339
0819801001,0.59,0.8212,0.728,0.6658,0.8603,0.8168,0.6802,0.7545,0.575,0.572,0.6835,0.6287
0819801002,0.5146,0.7878,0.7122,0.6639,0.8159,0.7406,0.5644,0.7105,0.5638,0.4183,0.6474,0.5665
0819801003,0.6221,0.8617,0.7384,0.6839,0.8884,0.8384,0.6763,0.7684,0.6066,0.5239,0.6863,0.6395
0819801004,0.6338,0.818,0.7093,0.6823,0.8503,0.8112,0.6938,0.7544,0.589,0.6307,0.7053,0.6242
0819901001,0.7533,0.8323,0.7008,0.6878,0.8643,0.8326,0.8395,0.7855,0.6382,0.4839,0.6579,0.649
0820001001,0.4623,0.6887,0.6685,0.6053,0.7279,0.7133,0.4979,0.6411,0.3351,0.4361,0.5741,0.4559
0820001002,0.5544,0.7498,0.733,0.6406,0.8016,0.7466,0.5697,0.6892,0.4486,0.5063,0.6442,0.554
0820001003,0.5741,0.7605,0.7457,0.6844,0.7872,0.749,0.5725,0.7085,0.4831,0.4803,0.6212,0.5208
0820001004,0.5396,0.7389,0.7215,0.6473,0.7732,0.7543,0.5618,0.6929,0.4352,0.4769,0.6581,0.5185
0820001005,0.48,0.6754,0.6503,0.5936,0.7504,0.704,0.5388,0.6698,0.4235,0.4634,0.6366,0.5317
0820001006,0.5319,0.7279,0.6988,0.6296,0.8003,0.7456,0.5631,0.6721,0.4051,0.496,0.6035,0.5386
0820001007,0.5802,0.7814,0.7826,0.6843,0.8484,0.8261,0.6539,0.7573,0.4854,0.5464,0.658,0.5757
0820002001,0.5897,0.8422,0.8104,0.7444,0.8797,0.8502,0.6349,0.7896,0.5453,0.574,0.7591,0.644
0820002002,0.4836,0.7045,0.6897,0.6389,0.7724,0.7377,0.5305,0.6808,0.4255,0.4617,0.6208,0.5169
0820002003,0.548,0.7177,0.722,0.6583,0.8026,0.7676,0.5527,0.71,0.4065,0.4624,0.6128,0.5293
0820002004,0.5666,0.7396,0.7529,0.6823,0.8351,0.77,0.604,0.7377,0.4115,0.4821,0.6499,0.5582
0820002005,0.5594,0.7713,0.7367,0.6852,0.8184,0.7799,0.6046,0.7439,0.4898,0.5025,0.6402,0.5424
0820002006,0.5298,0.7881,0.7578,0.6773,0.831,0.7914,0.6155,0.7433,0.5292,0.5087,0.6937,0.5712
0820002007,0.5059,0.7221,0.6827,0.6271,0.8077,0.7454,0.5145,0.6683,0.433,0.4562,0.591,0.5134
0820002008,0.5897,0.803,0.7618,0.7329,0.8657,0.8375,0.6614,0.7671,0.5521,0.5582,0.6892,0.6224
0820002009,0.5025,0.7254,0.7032,0.6656,0.7957,0.7454,0.5357,0.6821,0.3997,0.4466,0.6284,0.5052
0820002010,0.5407,0.7563,0.7452,0.6531,0.8133,0.7846,0.5927,0.6998,0.4843,0.5165,0.6779,0.5713
0820002011,0.6309,0.8472,0.8101,0.7241,0.8876,0.8685,0.6751,0.8072,0.5755,0.5989,0.752,0.6781
0820002012,0.5406,0.7641,0.7453,0.6705,0.8338,0.7772,0.5724,0.7214,0.4722,0.4989,0.6652,0.5473
0820002013,0.6128,0.86,0.8063,0.7511,0.8991,0.8641,0.6931,0.8133,0.6314,0.5619,0.7269,0.6635
0820002014,0.5021,0.7539,0.7537,0.6628,0.8241,0.7835,0.5793,0.7454,0.4996,0.5309,0.6832,0.5764
0820002015,0.5068,0.7172,0.6652,0.5935,0.7763,0.7277,0.5681,0.6595,0.4587,0.5006,0.655,0.5498
0820002016,0.6058,0.84,0.7913,0.7365,0.8845,0.8423,0.6748,0.8153,0.5512,0.5542,0.7415,0.6551
0820002017,0.6098,0.8379,0.8128,0.7398,0.888,0.872,0.6612,0.7935,0.5405,0.5775,0.7523,0.6524
0820002018,0.5798,0.8288,0.7841,0.7245,0.8927,0.8543,0.6846,0.8037,0.5494,0.5412,0.7295,0.6357
0820002019,0.5675,0.8166,0.7806,0.7111,0.8567,0.811,0.6526,0.7555,0.5685,0.5386,0.695,0.6133
0820003001,0.6005,0.7927,0.7561,0.7101,0.8496,0.8092,0.6607,0.7638,0.5897,0.5358,0.6803,0.6488
0820003002,0.5817,0.7916,0.7775,0.7189,0.8662,0.7987,0.6527,0.7768,0.5605,0.5525,0.7176,0.6126
0820003003,0.5248,0.7556,0.6926,0.6303,0.8153,0.7836,0.6052,0.7238,0.4822,0.4736,0.6387,0.5268
0820003004,0.5531,0.7626,0.7242,0.6634,0.8324,0.7824,0.6508,0.7443,0.5565,0.5431,0.6647,0.6185
0820003005,0.5495,0.771,0.7303,0.6694,0.8345,0.7974,0.6261,0.7403,0.5237,0.5157,0.7025,0.621
0820003006,0.5714,0.7866,0.7433,0.6789,0.8461,0.8042,0.6609,0.7371,0.5544,0.5209,0.6717,0.6119
0820003007,0.5756,0.7964,0.7463,0.7123,0.8452,0.8117,0.6406,0.7455,0.5482,0.5225,0.6774,0.5747
0820003008,0.5646,0.7559,0.7346,0.7113,0.8369,0.8157,0.6356,0.7479,0.5035,0.5662,0.6848,0.5982
0820003009,0.5128,0.7181,0.6939,0.6406,0.7796,0.7448,0.5842,0.6914,0.468,0.4688,0.6239,0.5383
0820004001,0.572,0.8053,0.7605,0.7172,0.8492,0.8106,0.6321,0.7466,0.4975,0.5161,0.6909,0.5932
0820004002,0.6152,0.808,0.7859,0.7231,0.8605,0.804,0.6634,0.7736,0.5326,0.5504,0.7117,0.631
0820004003,0.5692,0.772,0.7604,0.6938,0.84,0.8106,0.6383,0.7431,0.4811,0.528,0.6592,0.5874
0820004004,0.5886,0.793,0.7381,0.6978,0.8306,0.7936,0.6177,0.749,0.4944,0.5125,0.6767,0.5741
0820004005,0.5436,0.7765,0.725,0.6853,0.8157,0.7831,0.6,0.7409,0.5015,0.5335,0.6924,0.5947
0820004006,0.5133,0.7294,0.7147,0.6563,0.7966,0.7597,0.5512,0.6844,0.4278,0.4597,0.6494,0.5352
0820004007,0.5645,0.7654,0.7396,0.7054,0.8465,0.7858,0.6187,0.7219,0.4761,0.5069,0.6687,0.544
0820004008,0.5359,0.7686,0.7405,0.6669,0.8361,0.8058,0.605,0.7488,0.4891,0.5023,0.6888,0.583
0820004009,0.5738,0.7758,0.764,0.69,0.8501,0.8328,0.64,0.7577,0.5315,0.5547,0.7096,0.6025
0820005001,0.4561,0.6824,0.6468,0.5815,0.736,0.7159,0.5099,0.6371,0.4089,0.4103,0.6042,0.4839
0820005002,0.4055,0.6336,0.5934,0.5226,0.6769,0.6193,0.4214,0.5722,0.3129,0.3679,0.5075,0.3913
0820005003,0.4625,0.6311,0.6267,0.5591,0.7419,0.6774,0.4957,0.625,0.3545,0.413,0.561,0.4283
0820006001,0.5474,0.7845,0.7566,0.6594,0.8482,0.8124,0.6027,0.7523,0.4786,0.5082,0.6887,0.5816
0820006002,0.5246,0.7495,0.7186,0.6664,0.8125,0.721,0.5854,0.6952,0.4269,0.4893,0.636,0.5501
0820006003,0.4952,0.7033,0.6811,0.6318,0.7411,0.7245,0.5042,0.6679,0.3905,0.4334,0.5359,0.4327
0820101001,0.8133,0.8217,0.6858,0.629,0.8283,0.7315,0.6893,0.7011,0.6516,0.5239,0.6261,0.6405
0820201001,0.6792,0.8571,0.7294,0.6818,0.8567,0.8268,0.7104,0.7483,0.5904,0.5985,0.6817,0.6465
0820201002,,,,,,0.8255,0.735,0.7768,0.6456,0.5908,0.6788,0.6675
0820201003,0.5767,0.7856,0.7,0.6509,0.8112,0.7794,0.6415,0.7344,0.5205,0.5329,0.6589,0.5884
0820201004,0.5436,0.7402,0.6444,0.5975,0.7407,0.7222,0.5817,0.6625,0.4456,0.452,0.5482,0.4921
0820201005,0.5912,0.7998,0.7289,0.6706,0.8308,0.7991,0.6528,0.7327,0.5317,0.5668,0.6638,0.598
0820201006,0.6254,0.7907,0.6936,0.6453,0.8347,0.7773,0.6519,0.7276,0.4903,0.5258,0.654,0.5788
0820201007,0.544,0.7568,0.6695,0.5985,0.7963,0.7404,0.6227,0.6862,0.4687,0.5218,0.658,0.5479
0820201008,0.6443,0.8587,0.7509,0.6898,0.889,0.8487,0.7366,0.7886,0.6529,0.5747,0.6625,0.6302
0820201009,,,,,,0.7607,0.6797,0.732,0.5785,0.5107,0.6315,0.5826
0820202001,0.4997,0.7649,0.6777,0.6366,0.8325,0.7576,0.613,0.6825,0.4937,0.4815,0.6245,0.5193
0820301001,0.6113,0.7717,0.6545,0.6264,0.8342,0.7723,0.6819,0.6944,0.5109,0.5347,0.612,0.5379
0820301002,0.6027,0.7482,0.6697,0.5982,0.8137,0.7495,0.624,0.663,0.5074,0.5465,0.5784,0.504
0820401001,0.6553,0.8449,0.7543,0.7071,0.8769,0.8396,0.736,0.7943,0.6363,0.6665,0.7263,0.6517
0820401002,0.6026,0.789,0.7372,0.6608,0.8384,0.7934,0.6689,0.7263,0.5277,0.607,0.6884,0.5634
0820501001,0.6224,0.8071,0.7292,0.6865,0.8248,0.7791,0.6626,0.7458,0.6289,0.5634,0.6639,0.6519
0820501002,0.6456,0.8319,0.7631,0.7015,0.8478,0.8559,0.7113,0.7854,0.6619,0.5908,0.7124,0.6588
0820501003,0.6387,0.8225,0.7612,0.7057,0.8439,0.8306,0.7007,0.814,0.6636,0.6445,0.7598,0.6995
0820501004,0.6156,0.8612,0.7962,0.764,0.8783,0.8473,0.7283,0.8174,0.7043,0.5891,0.7529,0.7045
0820501005,0.594,0.8117,0.7596,0.7169,0.8557,0.8168,0.7045,0.7969,0.6193,0.5515,0.6644,0.6414
0820501006,0.5677,0.7827,0.718,0.6958,0.827,0.8028,0.6583,0.7601,0.5939,0.5548,0.6772,0.6254
0820501007,0.6023,0.7841,0.746,0.7208,0.8367,0.8184,0.6555,0.7638,0.6043,0.5842,0.722,0.6567
0820501008,0.5582,0.8034,0.7525,0.7033,0.858,0.8414,0.6693,0.78,0.5774,0.5539,0.7073,0.6533
0820501009,0.6608,0.8753,0.8114,0.7604,0.9182,0.8617,0.7772,0.8241,0.7648,0.656,0.7565,0.7384
0820501010,0.5367,0.7561,0.7241,0.6819,0.8307,0.7952,0.6553,0.7286,0.5901,0.558,0.6687,0.6228
0820501011,0.6058,0.8198,0.7461,0.6908,0.8474,0.8273,0.682,0.7646,0.6415,0.5752,0.6868,0.6565
0820501012,0.6298,0.8529,0.7782,0.7521,0.8763,0.8468,0.7185,0.8138,0.7166,0.6066,0.7285,0.6977
0820501013,0.6319,0.9033,0.8322,0.7859,0.9238,0.8977,0.7612,0.8425,0.7302,0.6346,0.7511,0.747
0820501014,0.6709,0.9063,0.8278,0.7849,0.91,0.8794,0.7403,0.8252,0.7442,0.5744,0.7213,0.6929
0820501015,0.6417,0.9003,0.8025,0.7447,0.9162,0.8845,0.7506,0.8458,0.6902,0.6174,0.7682,0.7226
0820501016,0.6742,0.8954,0.815,0.7454,0.9166,0.8918,0.7475,0.831,0.6786,0.6403,0.7217,0.7108
0820501017,0.5789,0.828,0.7513,0.7077,0.8507,0.8464,,,,0.5943,0.7326,0.7057
0820501018,0.5583,0.8626,0.7731,0.7198,0.8851,0.846,0.6477,0.794,0.6442,0.5427,0.7366,0.6886
0820501019,0.6583,0.8895,0.8352,0.7678,0.9208,0.8725,0.7384,0.8435,0.7274,0.6531,0.7703,0.6977
0820501020,0.6002,0.8676,0.784,0.7413,0.9097,0.8833,0.7067,0.8351,0.6524,0.5507,0.7344,0.6743
0820501021,0.6095,0.8425,0.7514,0.7131,0.8535,0.8312,0.6899,0.8083,0.6496,0.5735,0.7216,0.646
0820501022,0.5454,0.7586,0.7425,0.6839,0.8189,0.8149,0.6783,0.7613,0.6055,0.5438,0.7124,0.6149
0820501023,0.6234,0.9,0.8108,0.739,0.9312,0.8883,0.7438,0.8533,0.7108,0.5836,0.7649,0.7246
0820501024,,,,,,,,,,0.582,0.7423,0.718
0820502001,0.6832,0.8877,0.8026,0.7776,0.9007,0.8781,0.7417,0.8395,0.709,0.6689,0.7765,0.7556
0820502002,0.6396,0.8286,0.7624,0.7246,0.858,0.8506,0.7041,0.8189,0.6692,0.6085,0.7346,0.6711
0820502003,0.5005,0.7132,0.6506,0.6087,0.7455,0.7469,0.6082,0.6945,0.5691,0.5269,0.6347,0.6219
0820502004,0.6641,0.8371,0.7799,0.7495,0.8766,0.8223,0.7317,0.8111,0.7098,0.594,0.7352,0.697
0820502005,0.5658,0.7798,0.6966,0.66,0.8088,0.7926,0.642,0.7634,0.5976,0.5498,0.6712,0.6288
0820502006,0.6699,0.8635,0.799,0.7673,0.8964,0.8731,0.7459,0.8257,0.7557,0.645,0.7831,0.7308
0820502007,0.6246,0.8283,0.7786,0.7268,0.8711,0.8415,0.7232,0.7944,0.6906,0.6182,0.7318,0.6917
0820502008,0.6354,0.8583,0.7859,0.7425,0.8848,0.864,0.7443,0.8304,0.7171,0.6397,0.7773,0.7305
0820502009,0.689,0.877,0.8148,0.7758,0.8963,0.8702,0.7566,0.8264,0.7541,0.6652,0.7573,0.7552
0820502010,0.668,0.8931,0.8015,0.7771,0.9084,0.8786,0.741,0.8227,0.7485,0.6164,0.7587,0.7348
0820502011,0.5727,0.8355,0.7536,0.7216,0.8921,0.8382,0.6859,0.7876,0.6785,0.6028,0.7359,0.6911
0820502012,0.6636,0.8836,0.7711,0.7559,0.9152,0.8634,0.7464,0.8277,0.7471,0.6052,0.7512,0.7199
0820503001,0.543,0.7809,0.7236,0.6702,0.8127,0.7822,0.6604,0.7557,0.6367,0.5264,0.7065,0.64
0820503002,0.6531,0.8604,0.7926,0.753,0.9093,0.845,0.7369,0.7943,0.7047,0.5979,0.7302,0.7027
0820503003,0.5804,0.826,0.7385,0.6954,0.8601,0.8151,0.6635,0.7603,0.6574,0.5498,0.6924,0.645
0820503004,0.6155,0.8325,0.7471,0.7161,0.8719,0.8186,0.7181,0.7661,0.6349,0.5301,0.6784,0.6323
0820504001,0.5673,0.7996,0.7456,0.7107,0.8352,0.8031,0.6785,0.7655,0.667,0.5304,0.6991,0.6344
0820504002,0.5516,0.7909,0.7106,0.6796,0.8416,0.8213,0.6803,0.7781,0.634,0.5356,0.7006,0.6197
0820504003,0.5749,0.7936,0.7449,0.7226,0.8675,0.8194,0.6788,0.754,0.6481,0.5238,0.6931,0.6168
0820505001,0.684,0.8692,0.8062,0.761,0.9142,0.8901,0.7639,0.8468,0.7149,0.6273,0.7581,0.7366
0820505002,0.5529,0.8363,0.7317,0.6795,0.8739,0.8495,0.6703,0.787,0.605,0.5527,0.6936,0.6367
0820505003,0.6396,0.8692,0.7668,0.7435,0.8941,0.8508,0.7481,0.7971,0.7078,0.5822,0.7221,0.691
0820505004,0.6312,0.8785,0.8119,0.7422,0.9091,0.8898,0.7458,0.8233,0.7669,0.6183,0.7708,0.7177
0820505005,0.6039,0.8281,0.769,0.7327,0.8869,0.8493,0.7136,0.779,0.6258,0.5862,0.7366,0.6585
0820505006,,,,,,0.877,0.7261,0.8351,0.6819,0.6026,0.7422,0.6735
0820505007,0.6263,0.8909,0.7989,0.7433,0.9091,0.8722,0.7143,0.8016,0.696,0.5787,0.7447,0.6662
0820505008,0.591,0.8546,0.7702,0.7071,0.8728,0.8518,0.6917,0.7898,0.5753,0.5393,0.718,0.633
0820506001,0.5016,0.7105,0.6594,0.613,0.7699,0.7114,0.5636,0.6591,0.5042,0.4421,0.5841,0.5103
0820601001,0.7793,0.8638,0.777,0.7184,0.9059,0.848,0.8512,0.8118,0.7152,0.8069,0.7356,0.7303
0820701001,,,,,,,,,,0.6469,0.7055,0.6708
0820701002,,,,,,,,,,0.6372,0.7149,0.6823
0820801001,0.5654,0.7595,0.7018,0.6284,0.8132,0.7556,0.7053,0.7702,0.59,0.6334,0.6962,0.6205
0820801002,0.6674,0.8323,0.7992,0.7433,0.8806,0.8614,0.7483,0.745,0.6334,0.6353,0.7371,0.6541
0820801003,0.5945,0.8158,0.7517,0.7271,0.8646,0.8065,0.6839,0.7642,0.5591,0.5572,0.7007,0.5774
0820801004,0.5508,0.8063,0.7711,0.7057,0.8601,0.817,0.6062,0.7505,0.5387,0.5303,0.6999,0.5615
0820801005,,,,,,,0.4805,0.5984,0.4264,0.3533,0.5115,0.4262
0820901001,0.553,0.766,0.7265,0.6471,0.8186,0.7635,0.6549,0.7154,0.493,0.502,0.6525,0.5428
0820901002,0.5387,0.7779,0.7127,0.6405,0.819,0.7625,0.623,0.7156,0.4812,0.4798,0.6682,0.5465
0820901003,0.5592,0.7927,0.7469,0.7055,0.835,0.7952,0.6914,0.7621,0.5652,0.566,0.6995,0.6096
0820901004,0.475,0.7482,0.6743,0.6056,0.7886,0.7339,0.5714,0.6791,0.4798,0.471,0.6301,0.5073
0821001001,0.6147,0.8007,0.6624,0.6086,0.8014,0.7534,0.6617,0.7012,0.5342,0.5603,0.5971,0.5334
0821001002,0.5842,0.7637,0.6662,0.6143,0.7982,0.7469,0.6249,0.6799,0.4933,0.5417,0.5811,0.5249
0821002001,0.6364,0.7455,0.6162,0.5758,0.8012,0.7511,0.6776,0.7007,0.5108,0.602,0.554,0.5094
0821002002,0.659,0.7741,0.6949,0.6315,0.8087,0.7698,0.6631,0.7061,0.4936,0.6051,0.6061,0.5442
0821101001,0.6578,0.8463,0.7736,0.7235,0.8783,0.8549,0.754,0.8174,0.6744,0.6024,0.7129,0.6489
0821101002,0.6386,0.8489,0.7891,0.7395,0.8825,0.8302,0.7435,0.7835,0.6938,0.6558,0.7602,0.7123
0821101003,0.6408,0.8271,0.7923,0.7374,0.8833,0.8486,0.7284,0.8163,0.6692,0.6427,0.7476,0.6917
0821101004,0.6204,0.8339,0.7926,0.741,0.8722,0.8465,0.7175,0.8037,0.6559,0.5997,0.7444,0.6731
0821101005,,,,,,,,,,0.5649,0.6574,0.5993
0821101006,0.6382,0.8276,0.759,0.7004,0.8563,0.8516,0.7044,0.7941,0.6312,0.6325,0.6998,0.647
0821101007,0.6331,0.83,0.7974,0.7699,0.9,0.8544,0.7039,0.8257,0.6537,0.6222,0.7435,0.6843
0821101008,,,,,,,,,,0.6017,0.7665,0.7253
0821102003,0.5005,0.7244,0.7058,0.6517,0.7966,0.749,0.5807,0.6908,0.4378,0.4819,0.6272,0.5314
0821102004,0.6246,0.8329,0.8067,0.7525,0.8942,0.8556,0.6835,0.7951,0.5816,0.6205,0.7355,0.6463
0821102006,0.5648,0.7848,0.7601,0.691,0.8486,0.8092,0.6267,0.7576,0.5597,0.5569,0.7014,0.6033
0821102007,0.5855,0.796,0.7643,0.7025,0.8738,0.8203,0.6487,0.7655,0.5367,0.5516,0.6884,0.6079
0821102008,0.5766,0.8026,0.7762,0.7027,0.8608,0.8051,0.654,0.7638,0.5101,0.5646,0.7069,0.5869
0821103001,0.5478,0.7787,0.7355,0.7069,0.8383,0.7823,0.6091,0.7145,0.5246,0.536,0.6742,0.5556
0821103002,0.5625,0.8143,0.7762,0.6874,0.8665,0.8297,0.6527,0.7913,0.529,0.4599,0.6996,0.5948
0821103003,0.6107,0.8421,0.801,0.7685,0.8879,0.8493,0.7088,0.8077,0.6197,0.6071,0.7574,0.6441
0821103004,0.6169,0.8538,0.7829,0.7197,0.8892,0.8624,0.7233,0.8047,0.6234,0.5871,0.7084,0.6622
0821103005,0.611,0.8133,0.7864,0.7123,0.8649,0.8289,0.643,0.77,0.5705,0.5568,0.6963,0.6192
0821104003,0.5259,0.7897,0.75,0.6692,0.8269,0.7709,0.6032,0.7059,0.4695,0.5265,0.6534,0.5734
0821104006,0.5158,0.7107,0.6949,0.6577,0.8024,0.7453,0.5455,0.695,0.4337,0.4697,0.6149,0.4788
0821104007,0.5154,0.7729,0.7455,0.7041,0.8395,0.7943,0.6041,0.7508,0.4772,0.5826,0.673,0.599
0821104008,0.4985,0.7614,0.7518,0.6976,0.8226,0.7827,0.6163,0.7234,0.4969,0.5207,0.6715,0.5961
0821105001,0.5232,0.7327,0.7219,0.6586,0.8333,0.7682,0.5793,0.7026,0.4158,0.4829,0.6245,0.5352
0821105002,0.5329,0.7526,0.7748,0.6958,0.8234,0.7743,0.5859,0.6889,0.4439,0.5306,0.6567,0.5357
0821105003,0.5368,0.7273,0.7154,0.6554,0.7946,0.7288,0.5799,0.6803,0.4447,0.5042,0.633,0.5137
0821105004,0.5374,0.7176,0.728,0.6498,0.7814,0.7204,0.5861,0.6938,0.463,0.5206,0.632,0.5428
0821105005,0.5796,0.7906,0.7727,0.7045,0.8604,0.8059,0.6468,0.7485,0.5633,0.5626,0.6913,0.6155
0821106004,0.5912,0.8579,0.8114,0.7515,0.8904,0.8824,0.6808,0.8006,0.6059,0.6043,0.7709,0.6874
0821107001,0.5846,0.8755,0.8074,0.7418,0.9135,0.8564,0.7061,0.8192,0.6638,0.5829,0.7129,0.6542
0821107002,0.6094,0.909,0.8324,0.7606,0.9272,0.8931,0.7191,0.8354,0.7252,0.6218,0.7969,0.7432
0821107003,0.5706,0.8363,0.7986,0.6942,0.874,0.832,0.6251,0.7745,0.6028,0.532,0.7092,0.6089
0821201001,0.7016,0.868,0.7071,0.6537,0.8939,0.8269,0.7393,0.8004,0.7131,0.776,0.6426,0.7157
0821301001,,,,,,0.7931,0.7068,0.7669,0.5882,0.6424,0.6545,0.6293
0821301002,,,,,,0.8012,0.6667,0.7364,0.4808,0.5913,0.6339,0.5393
0821301003,0.5909,0.7966,0.6957,0.6257,0.8568,0.824,0.7172,0.7725,0.5985,0.6075,0.664,0.6374
0821301004,0.6671,0.8738,0.7453,0.6952,0.8956,0.8323,0.7195,0.7851,0.7018,0.5699,0.7059,0.7252
0821301005,,,,,,0.8035,0.6952,0.7319,0.5543,0.5943,0.6452,0.5989
0821301006,,,,,,0.7767,0.6186,0.6932,0.4721,0.5338,0.5957,0.5011
0821401001,0.5451,0.838,0.7488,0.7049,0.8629,0.8303,0.6582,0.7786,0.6268,0.4847,0.7179,0.6373
0821401002,0.5408,0.7593,0.6964,0.6242,0.8176,0.7607,0.616,0.7246,0.447,0.4121,0.6273,0.5204
0821401003,0.5701,0.807,0.6997,0.6524,0.8548,0.7894,0.6612,0.7498,0.5607,0.5028,0.6786,0.5908
0821401004,0.5749,0.8725,0.8045,0.7394,0.9017,0.8468,0.7215,0.82,0.6746,0.5009,0.7095,0.6535
0821402001,0.6126,0.8532,0.7165,0.6817,0.8736,0.8221,0.7062,0.7775,0.6375,0.5453,0.6974,0.6481
0821402002,0.56,0.8251,0.7387,0.6867,0.8633,0.7951,0.6371,0.7482,0.618,0.5107,0.706,0.621
0821501001,0.6309,0.829,0.6814,0.6277,0.8643,0.758,0.7258,0.7418,0.5825,0.529,0.5946,0.5777
0821501002,0.6702,0.8396,0.6998,0.66,0.8652,0.8194,0.7526,0.7497,0.6122,0.5686,0.6707,0.6413
0821501003,0.6276,0.8437,0.6758,0.6402,0.8719,0.7923,0.7027,0.7486,0.5772,0.5775,0.6353,0.6015
0821601001,0.7391,0.92,0.68,0.6,0.8846,0.76,0.8077,0.68,0.5217,1.0,0.5217,0.6957
0821701001,0.6241,0.8251,0.7886,0.7013,,,,,,0.6599,0.7493,
0821701002,0.6198,0.8158,0.7901,0.7363,0.849,0.8315,0.7259,0.7918,0.5866,0.6368,0.7354,0.6653
0821701003,0.6444,0.8386,0.7995,0.7415,0.8725,0.8636,0.7306,0.7961,0.6187,0.6304,0.7505,0.6968
0821701004,0.596,0.8284,0.777,0.6996,0.8776,0.8475,0.6803,0.7936,0.6221,0.5953,0.7416,0.6552
0821701005,0.64,0.8257,0.7911,0.7323,0.8962,0.8574,0.7291,0.8254,0.6593,0.6324,0.7308,0.6791
0821701006,0.5965,0.7325,0.7152,0.647,0.7972,0.7886,0.6506,0.7223,0.5199,0.5573,0.6712,0.5882
0821701007,0.5975,0.7875,0.7537,0.6882,0.8474,0.813,0.6541,0.7447,0.5645,0.5758,0.7163,0.6286
0821701008,0.6002,0.7917,0.7559,0.6977,0.8363,0.8122,0.6763,0.7679,0.5885,0.5795,0.7149,0.6457
0821701009,0.6313,0.874,0.8425,0.7651,0.9108,0.8869,0.7274,0.8567,0.6922,0.5473,0.7748,0.6949
0821701010,0.612,0.8559,0.7981,0.7229,0.8778,0.8432,0.7215,0.8173,0.6688,0.6056,0.7418,0.7389
0821702002,0.5811,0.7859,0.7659,0.7058,0.8497,0.808,0.6499,0.7596,0.5268,0.5643,0.7026,
0821702003,0.5101,0.7121,0.703,0.6155,0.7829,0.7463,0.5652,0.6802,0.4461,0.4915,0.6526,0.5226
0821702004,0.5537,0.7215,0.7114,0.6378,0.789,0.7237,0.5569,0.6892,0.4624,0.4863,0.6246,
0821703001,0.6212,0.7862,0.7584,0.6914,0.8133,0.7792,0.6341,0.7461,0.5203,0.5774,0.6797,0.5789
0821703002,0.5883,0.7543,0.7416,0.6847,0.8353,0.7914,0.6267,0.7302,0.4783,0.5609,0.6857,0.5876
0821703003,0.5868,0.794,0.7402,0.6931,0.845,0.7981,0.6387,0.7508,0.524,0.5849,0.6887,0.5817
0821703004,0.6105,0.8096,0.7655,0.7027,0.8452,0.7768,0.6347,0.7463,0.5239,0.5772,0.7488,0.5903
0821703005,0.6365,0.7708,0.78,0.7468,0.8604,0.7896,0.6121,0.7468,0.5006,0.572,0.6861,0.5862
0821704001,,,,,,,,,,0.5675,0.7271,0.703
0821704002,,,,,,,,,,0.5497,0.744,0.6809
0821705001,0.592,0.8246,0.7853,0.7156,0.8662,0.8438,0.6859,0.7973,0.6313,0.5688,0.7246,0.6574
0821705002,0.6199,0.8563,0.8234,0.7546,0.8864,0.8874,0.7461,0.8431,0.6933,0.5735,0.7826,0.716
0821706001,,,,,,,,,,0.6312,0.7678,0.7141
0821801001,0.5843,0.7756,0.7175,0.6471,0.8425,0.7839,0.707,0.7426,0.5503,0.5866,0.6761,0.6069
0821801002,0.5243,0.8005,0.7098,0.6379,0.8524,0.8078,0.6608,0.7342,0.4738,0.5311,0.6612,0.5535
0821801003,0.5679,0.7714,0.6745,0.5972,0.8209,0.7711,0.6754,0.7081,0.5479,0.5476,0.6378,0.5693
0821801005,0.5781,0.7958,0.7099,0.6677,0.864,0.8139,0.6999,0.7483,0.5468,0.5805,0.6875,0.6378
0821801006,0.5145,0.771,0.6977,0.6423,0.8316,0.788,0.6883,0.7166,0.5051,0.5587,0.6402,0.5677
0821901001,0.6384,0.8551,0.748,0.6731,0.8631,0.8225,0.6964,0.75,0.6357,0.5402,0.6695,0.6642
0821901002,0.6265,0.8313,0.7194,0.6885,0.8535,0.828,0.7557,0.7876,0.636,0.5876,0.7011,0.6655
0821901003,0.6229,0.8407,0.7559,0.706,0.8593,0.8368,0.6852,0.7797,0.5982,0.5575,0.6996,0.6341
0821901004,0.6324,0.8626,0.7805,0.7198,0.8908,0.8541,0.7198,0.8086,0.6711,0.5861,0.6522,0.6714
0821901005,0.6164,0.8499,0.7595,0.6977,0.8791,0.833,0.6974,0.792,0.6199,0.5827,0.7179,0.6827
0821901006,0.6502,0.8435,0.7996,0.74,0.8849,0.8443,0.7146,0.8033,0.6845,0.5833,0.7247,0.6742
0821902001,0.6419,0.8465,0.7425,0.6707,0.846,0.8246,0.6988,0.7717,0.6216,0.5426,0.7279,0.6642
0821902002,0.659,0.8779,0.7514,0.7057,0.8987,0.8439,0.7448,0.8004,0.6683,0.5801,0.6986,0.668
0821902003,0.6015,0.8186,0.7314,0.7082,0.8519,0.8424,0.7046,0.7985,0.6426,0.5308,0.6844,0.6416
0821902004,0.6077,0.8602,0.7586,0.7336,0.8889,0.8619,0.7183,0.7893,0.6413,0.5618,0.7281,0.6853
0821902005,0.6522,0.8664,0.7945,0.7364,0.8993,0.8495,0.7249,0.8391,0.697,0.5747,0.7495,0.7058
0821903001,0.6102,0.8101,0.693,0.638,0.8415,0.7852,0.6893,0.7455,0.5687,0.5472,0.6858,0.639
0821903002,0.6228,0.8406,0.7547,0.6942,0.8663,0.8237,0.6922,0.7627,0.6234,0.6,0.7223,0.6542
0821903003,0.5658,0.7928,0.6955,0.6248,0.7854,0.7576,0.5678,0.6987,0.4736,0.4515,0.6428,0.5179
0821903004,0.6017,0.7787,0.669,0.6153,0.8,0.7149,0.5516,0.6351,0.4191,0.493,0.5876,0.4703
0822001001,0.6702,0.9131,0.749,0.7214,0.9244,0.8774,0.7665,0.8284,0.7651,0.6935,0.7038,0.7222
0822001002,0.6243,0.9206,0.7639,0.713,0.9383,0.8804,0.7519,0.8393,0.7392,0.6286,0.6932,0.7085
0822101001,0.6046,0.8476,0.7841,0.7261,0.8825,0.8362,0.7077,0.8051,0.6896,0.6004,0.7262,0.6691
0822101002,,,,,,,,,0.6395,0.5679,0.7016,0.6555
0822101003,0.5931,0.8012,0.7473,0.6796,0.8302,0.7871,0.6753,0.7491,0.6309,0.6064,0.6883,0.6851
0822101004,0.6074,0.8128,0.7734,0.7208,0.8562,0.8437,0.7146,0.7807,0.5955,0.5737,0.7244,0.6377
0822101005,0.5923,0.8272,0.768,0.7197,0.8695,0.8312,0.6767,0.7938,0.687,0.5685,0.7156,0.6768
0822101006,0.62,0.8543,0.7875,0.7292,0.8963,0.8581,,0.8216,0.7247,0.6045,0.7419,0.6917
0822101007,0.5425,0.7948,0.7413,0.6848,0.8459,0.8117,0.6676,0.7729,0.643,0.5368,0.6992,0.6584
0822101008,0.5951,0.8396,0.7705,0.7079,0.8793,0.861,0.7186,0.8049,0.6739,0.5688,0.6964,0.647
0822101009,,,,,,,,,0.6686,0.5737,0.7173,0.6741
0822101010,,,,,,,,,0.6976,0.6402,0.7742,0.6983
0822201001,0.6514,0.8399,0.7732,0.7166,0.8708,0.8158,0.7275,0.7902,0.6604,0.6513,0.7068,0.6591
0822301001,0.657,0.7703,0.6914,0.6382,0.8202,0.7603,0.6792,0.709,0.5519,0.5512,0.616,0.5409
0822401001,0.6454,0.8088,0.7328,0.6793,0.8561,0.7938,0.6648,0.7379,0.5928,0.5216,0.6328,0.5499
0822501001,0.9355,0.9149,0.7634,0.7174,0.9239,0.8617,0.9149,0.883,0.7113,0.8039,0.7647,0.6972
0822601001,0.7984,0.9063,0.777,0.7273,0.9181,0.8758,0.8355,0.8052,0.7489,0.7672,0.7287,0.7064
0822701001,0.6977,0.82,0.7038,0.6517,0.8534,0.7689,0.6935,0.7252,0.5531,0.6175,0.6771,0.5959
0822701002,0.7087,0.8081,0.6883,0.6429,0.8409,0.8021,0.7554,0.748,0.5936,0.6038,0.624,0.5982
0822801001,0.7204,0.8277,0.6993,0.6611,0.8857,0.8299,0.8625,0.8014,0.6969,0.6271,0.64,0.6333
0822901001,0.8638,0.8601,0.7159,0.6673,0.8795,0.8349,0.8295,0.8023,0.7251,0.7728,0.7101,0.666
0823001001,0.6417,0.8646,0.7505,0.6966,0.8974,0.8422,0.7296,0.7909,0.674,0.663,0.721,0.6663
0823001002,0.5756,0.8314,0.7392,0.6854,0.8634,0.8147,0.6543,0.7725,0.6147,0.5725,0.7067,0.6351
0823001003,0.5207,0.7341,0.6951,0.6233,0.7821,0.7438,0.5566,0.6689,0.4309,0.4995,0.6462,0.5121
0823001004,0.5972,0.8301,0.7382,0.6866,0.8695,0.7937,0.6686,0.7577,0.6174,0.5864,0.7131,0.6219
0823001005,0.542,0.7532,0.6844,0.6311,0.8102,0.7678,0.6009,0.711,0.4306,0.5044,0.6174,0.4949
0823001006,0.6087,0.8564,0.7632,0.706,0.8793,0.848,0.6824,0.7931,0.6805,0.6226,0.7628,0.7082
0823101001,0.5602,0.7813,0.7101,0.6612,0.8241,0.7786,0.6641,0.7299,0.558,0.5184,0.663,0.5897
0823101002,0.4973,0.7336,0.667,0.6311,0.7994,0.7839,0.646,0.7121,0.5626,0.5536,0.6552,0.6147
0823101003,0.5767,0.8004,0.7125,0.6424,0.8419,0.7999,0.6664,0.7567,0.5762,0.5669,0.688,0.6127
0823101004,0.4997,0.7159,0.642,0.5836,0.7906,0.7249,0.6046,0.6432,0.4267,0.5206,0.6088,0.4795
0823101005,0.5362,0.7185,0.6924,0.6411,0.7973,0.7517,0.6077,0.6752,0.4114,0.5401,0.6224,0.4955
0823101006,0.5143,0.6818,0.6366,0.5842,0.7387,0.7836,0.5745,0.6067,0.3739,0.5074,0.5781,0.4628
0823101007,0.4997,0.7177,0.6907,0.6119,0.7775,0.699,0.5837,0.6644,0.4207,0.489,0.616,0.4829
0823101008,0.5558,0.7781,0.7305,0.7068,0.8307,0.7797,0.6342,0.7449,0.5865,0.5372,0.7118,0.6069
0823101009,0.5582,0.7686,0.7002,0.6514,0.8048,0.7539,0.6257,0.7132,0.5651,0.551,0.6638,0.6047
0823101010,0.4576,0.6581,0.6251,0.5612,0.7733,0.712,0.5732,0.6244,0.3941,0.4945,0.6098,0.4568
0823101011,0.5422,0.7008,0.6901,0.6402,0.7608,0.7094,0.602,0.664,0.4169,0.5437,0.6412,0.5173
0823101012,0.4439,0.7355,0.6932,0.647,0.8083,0.7731,0.555,0.691,0.5068,0.4035,0.5933,0.4866
0823101013,0.4728,0.7291,0.674,0.5952,0.7835,0.7304,0.5847,0.6672,0.3928,0.4942,0.6029,0.4725
0823101014,0.4286,0.7155,0.6416,0.6279,0.7745,0.7248,0.5585,0.6676,0.5435,0.399,0.6243,0.5738
0823101015,0.5137,0.7703,0.7191,0.6981,0.8269,0.795,0.6199,0.734,0.5707,0.4974,0.6737,0.5714
0823101016,0.5425,0.7463,0.6817,0.6556,0.802,0.7573,0.6002,0.6979,0.5398,0.5287,0.6628,0.5668
0823101017,0.5475,0.7545,0.6558,0.6435,0.7882,0.7527,0.5967,0.6984,0.5233,0.5462,0.651,0.562
0823201001,0.6863,0.8332,0.7101,0.6665,0.8666,0.8085,0.7168,0.7716,0.579,0.6003,0.6796,0.6087
0823301001,0.6844,0.8454,0.6894,0.6518,0.8714,0.8047,0.7711,0.7673,0.6302,0.6898,0.6346,0.6488
0823301002,0.6398,0.8184,0.6489,0.5929,0.8682,0.8043,0.7709,0.7599,0.5665,0.6596,0.6324,0.5981
0823401001,,,,,,0.8422,0.7336,0.7818,0.6467,0.5847,0.7061,0.6691
0823401002,,,,,,0.8053,0.6077,0.7357,0.4955,0.4203,0.6538,0.5569
0823401003,,,,,,0.8001,0.6177,0.7259,0.5423,0.4756,0.6703,0.5712
0823501001,0.5709,0.8458,0.6829,0.6664,0.8696,0.8314,0.7051,0.7529,0.6552,0.5924,0.6905,0.6362
0823501002,0.6416,0.8497,0.7155,0.6742,0.8719,0.827,0.7477,0.7987,0.6618,0.6359,0.677,0.6448
0823501003,0.6446,0.8312,0.7276,0.6857,0.8633,0.8314,0.7458,0.7615,0.6418,0.6324,0.6907,0.6649
0823601001,0.6901,0.8083,0.7062,0.6588,0.8367,0.7733,0.7263,0.7321,0.5544,0.6844,0.6575,0.598
0823701001,0.6914,0.8366,0.7013,0.662,0.8631,0.7837,0.7414,0.7517,0.6196,0.6919,0.6313,0.6607
0823701002,0.7178,0.8675,0.7227,0.6893,0.8951,0.8326,0.7895,0.7946,0.6625,0.7026,0.705,0.709
0823801001,0.6247,0.8526,0.7494,0.6942,0.9015,0.8373,0.7342,0.8093,0.6347,0.5753,0.7153,0.6441
0823801002,0.6653,0.9051,0.8295,0.791,0.9154,0.8687,0.7707,0.84,0.743,0.6026,0.7651,0.7259
0823801003,0.4951,0.7862,0.7385,0.6743,0.8196,0.7841,0.5761,0.7263,0.5316,0.4638,0.6582,0.5779
0823801004,0.6241,0.9001,0.8206,0.7706,0.917,0.8762,0.7385,0.8534,0.7284,0.6322,0.7847,0.718
0823801005,0.5864,0.8402,0.7843,0.692,0.8726,0.8393,0.6602,0.8094,0.6091,0.5512,0.7036,0.6095
0823801006,0.594,0.8683,0.8141,0.7514,0.9191,0.8688,0.6964,0.8124,0.6961,0.5974,0.7663,0.6865
0823801007,0.6392,0.8946,0.8076,0.7462,0.915,0.8839,0.7417,0.8487,0.6933,0.6224,0.7471,0.6867
0823801008,0.6145,0.8939,0.8236,0.7413,0.9228,0.8781,0.716,0.8363,0.688,0.6157,0.7558,0.6762
0823801009,0.5542,0.8077,0.7387,0.6611,0.8271,0.7741,0.5781,0.713,0.5373,0.527,0.6677,0.5992
0823801010,0.5627,0.8089,0.7241,0.682,0.833,0.7943,0.659,0.7352,0.5913,0.5752,0.6468,0.5969
0823801011,0.5439,0.814,0.755,0.6706,0.867,0.8099,0.65,0.7629,0.5874,0.5803,0.7042,0.6045
0823801012,0.5646,0.8353,0.7471,0.6705,0.8834,0.8322,0.6417,0.7745,0.6123,0.5352,0.6822,0.6325
0823901001,0.7227,0.8578,0.7184,0.6711,0.8515,0.8261,0.7329,0.7752,0.6555,0.6484,0.6839,0.5467
0824001001,0.7114,0.8445,0.7913,0.7071,0.8728,0.8406,0.759,0.7982,0.6166,0.5551,0.7008,0.6376
0824001002,0.655,0.803,0.7212,0.6719,0.8508,0.8129,0.7001,0.7565,0.5414,0.566,0.6718,0.6253
0824001003,0.6303,0.7986,0.7244,0.6822,0.8457,0.7873,0.6655,0.7483,0.5289,0.5768,0.6994,0.624
0824001004,0.6512,0.8467,0.7768,0.7157,0.8919,0.8528,0.7411,0.8222,0.5899,0.5538,0.7419,0.6591
0824002001,0.664,0.8023,0.7448,0.6863,0.8464,0.8114,0.7096,0.7566,0.6393,0.5743,0.6642,0.6059
0824002002,0.6084,0.7962,0.7259,0.6766,0.8528,0.8089,0.6835,0.755,0.5484,0.5411,0.6494,0.5899
0824002003,0.6832,0.8398,0.7778,0.7279,0.8751,0.8298,0.7142,0.7874,0.6297,0.5899,0.7148,0.6623
0824002004,0.6604,0.8311,0.7507,0.7157,0.8883,0.8552,0.7254,0.7965,0.5921,0.5831,0.6989,0.6366
0824101001,0.7273,0.8649,0.7763,0.7123,0.8767,0.8116,0.7971,0.7429,0.7727,0.7922,0.6711,0.7432
0824201001,0.7679,0.8349,0.7963,0.6986,0.8796,0.8108,0.807,0.713,0.5973,0.719,0.6329,0.5574
0824301001,0.6835,0.9312,0.7312,0.6975,0.9448,0.891,0.8065,0.8117,0.7171,0.6376,0.6711,0.7208
0824401001,0.5838,0.8186,0.7597,0.6797,0.8483,0.8094,0.6742,0.7705,0.6011,0.5794,0.697,0.6243
0824401002,0.6712,0.8345,0.7691,0.7389,0.8619,0.8615,0.7614,0.8218,0.7065,0.6314,0.764,0.6859
0824401003,0.6469,0.8642,0.8125,0.7295,0.9016,0.8633,0.7024,0.8107,0.6407,0.6507,0.7406,0.6654
0824401004,0.5493,0.7751,0.7374,0.6715,0.8414,0.7956,0.5996,0.7373,0.5589,0.5133,0.6906,0.581
0824401005,0.6145,0.7911,0.7472,0.6922,0.8686,0.8004,0.6328,0.7265,0.562,0.5238,0.6729,0.5911
0824501001,0.663,0.8512,0.7818,0.7742,0.8646,0.8534,0.7364,0.8235,0.6224,0.6946,0.7405,0.7011
0824501002,0.5564,0.794,0.7308,0.7145,0.8437,0.784,0.6528,0.7255,0.5544,0.6038,0.7093,0.6324
0824501003,0.573,0.7236,0.7108,0.6762,0.775,0.7378,0.594,0.7191,0.4737,0.5034,0.6116,0.508
0824501004,0.5329,0.7123,0.7,0.6297,0.7856,0.7963,0.6236,0.7283,0.4775,0.5674,0.6742,0.5933
0824501005,0.5273,0.7074,0.702,0.6101,0.7619,0.7271,0.5859,0.6608,0.4745,0.5377,0.6365,0.5359
0824501006,0.5136,0.7239,0.7162,0.6315,0.799,0.7376,0.6156,0.6903,0.4606,0.5419,0.6627,0.5652
0824501007,,,,,,,0.5359,0.6074,0.3943,0.4698,0.5456,0.4574
0824501009,0.553,0.748,0.6929,0.6434,0.7881,0.7371,0.526,0.66,0.4221,0.5218,0.6467,0.5017
0824501010,0.5227,0.7081,0.7117,0.6016,0.7676,0.7116,0.5544,0.6575,0.4089,0.4784,0.5984,0.4752
0824501011,0.5343,0.7602,0.7323,0.6754,0.7995,0.7519,0.5662,0.6981,0.4649,0.5727,0.6557,0.5879
0824501012,0.608,0.7785,0.7671,0.7087,0.8228,0.82,0.6367,0.7828,0.5312,0.6065,0.6933,0.6081
0824501013,0.5878,0.799,0.7764,0.7134,0.8485,0.8039,0.6547,0.7351,0.4983,0.5695,0.6878,0.589
0824501014,0.6108,0.8333,0.7923,0.6984,0.8778,0.8441,0.6755,0.8028,0.5413,0.6178,0.6991,0.6295
0824501015,0.55,0.7472,0.6941,0.659,0.7861,0.771,0.6044,0.6995,0.5197,0.5276,0.6477,0.5917
0824501016,0.5914,0.7822,0.7389,0.6821,0.849,0.8069,0.6882,0.7504,0.5809,0.6167,0.7269,0.6278
0824501017,0.5782,0.7635,0.7077,0.6675,0.807,0.7498,0.5821,0.7028,0.4368,0.5327,0.6469,0.5445
0824501018,0.6002,0.7773,0.7422,0.682,0.8377,0.7752,0.6436,0.7384,0.4786,0.5685,0.6627,0.6024
0824501019,0.5724,0.7387,0.7571,0.6881,0.8468,0.8049,0.643,0.7406,0.4706,0.601,0.6615,0.5735
0824502001,0.5677,0.7651,0.7507,0.7008,0.8392,0.7647,0.6121,0.7534,0.5096,0.5278,0.6819,0.5384
0824502002,0.548,0.7568,0.7513,0.679,0.8017,0.7814,0.6097,0.6948,0.4862,0.5222,0.6333,0.5317
0824502003,0.5379,0.7484,0.681,0.6474,0.8136,0.7621,0.5641,0.6983,0.4696,0.5036,0.6432,0.5309
0824502004,0.5342,0.6992,0.6992,0.6252,0.7488,0.7338,0.5796,0.6713,0.4503,0.4794,0.5517,0.4773
0824502005,0.5458,0.7278,0.7143,0.6655,0.7915,0.7582,0.5941,0.7053,0.4604,0.5215,0.6308,0.5044
0824502006,0.5427,0.742,0.7262,0.672,0.808,0.7595,0.6021,0.6838,0.4485,0.5317,0.6182,0.5242
0824502007,0.5534,0.7372,0.7115,0.6599,0.8112,0.764,0.5854,0.7172,0.485,0.501,0.6386,0.5158
0824502008,0.5207,0.752,0.7202,0.6484,0.8106,0.7562,0.5885,0.6751,0.4374,0.4985,0.6211,0.5036
0824502009,0.514,0.7415,0.7283,0.6119,0.7913,0.7352,0.5714,0.6709,0.4559,0.4907,0.5887,0.4664
0824502010,0.5018,0.6774,0.6835,0.6321,0.7824,0.7435,0.5875,0.6772,0.4455,0.4503,0.5879,0.4822
0824502011,0.4984,0.7229,0.7144,0.6381,0.7492,0.7248,0.5424,0.6581,0.3814,0.4967,0.6336,0.4802
0824503001,0.5017,0.738,0.6932,0.6567,0.7638,0.7273,0.5828,0.6762,0.4482,0.537,0.6387,0.5404
0824503002,0.526,0.7446,0.7213,0.6831,0.8281,0.7848,0.6003,0.7309,0.5069,0.511,0.6723,0.5498
0824503003,0.626,0.7997,0.7418,0.6765,0.8272,0.776,0.6128,0.7316,0.4222,0.537,0.6641,0.5378
0824503004,0.5069,0.7071,0.6926,0.6197,0.7604,0.7069,0.5135,0.6849,0.3721,0.4674,0.5838,0.4776
0824503005,0.4564,0.6475,0.617,0.5566,0.7025,0.6291,0.4715,0.6122,0.344,0.4442,0.5959,0.4132
0824503006,0.5126,0.7379,0.71,0.6429,0.7846,0.7662,0.5218,0.6469,0.4141,0.4758,0.5835,0.4924
0824503007,0.5709,0.7766,0.7502,0.6879,0.8379,0.7817,0.6204,0.7213,0.4895,0.5537,0.6812,0.5751
0824503008,0.5902,0.7512,0.7083,0.6737,0.7993,0.772,0.5849,0.7079,0.4271,0.5471,0.6335,0.5438
0824503009,0.506,0.729,0.7103,0.6448,0.8276,0.7767,0.5798,0.7056,0.4299,0.5124,0.6126,0.5025
0824503010,0.5947,0.8019,0.7646,0.7278,0.8459,0.789,0.6259,0.7418,0.5827,0.6015,0.6703,0.6191
0824503011,0.5935,0.7991,0.7544,0.6994,0.8522,0.7861,0.6184,0.7217,0.4745,0.5562,0.665,0.5326
0824503012,0.5556,0.7616,0.7622,0.6689,0.8343,0.8101,0.6223,0.748,0.4842,0.5439,0.6581,0.5637
0824503013,0.5653,0.7732,0.7665,0.6977,0.8381,0.7916,0.6176,0.739,0.4968,0.5539,0.6848,0.5589
0824503014,0.509,0.7141,0.6758,0.6006,0.7868,0.7017,0.5573,0.611,0.377,0.4766,0.5683,0.4308
0824503015,0.5956,0.7598,0.7648,0.7184,0.8376,0.8356,0.6628,0.7961,0.577,0.5945,0.7025,0.6379
0824503016,0.605,0.7654,0.7374,0.6962,0.7847,0.7384,0.6041,0.6915,0.4089,0.5285,0.5984,0.4901
0824503017,0.5235,0.6969,0.6868,0.6266,0.7646,0.7041,0.5586,0.6395,0.4617,0.4963,0.6327,0.5176
0824504001,0.5694,0.7853,0.7562,0.6962,0.8159,0.7902,0.6143,0.7596,0.4426,0.5657,0.6946,0.5733
0824504002,0.6112,0.7863,0.7989,0.7345,0.8562,0.8392,0.6908,0.7606,0.5737,0.6312,0.7175,0.6345
0824504003,0.5979,0.7536,0.723,0.6696,0.8029,0.7763,0.6285,0.7125,0.5051,0.5895,0.6733,0.6063
0824504004,0.612,0.7952,0.7669,0.7238,0.8702,0.8145,0.6755,0.7849,0.5367,0.6054,0.7201,0.6217
0824504005,0.5729,0.7771,0.7428,0.7103,0.8394,0.799,0.6284,0.7425,0.5175,0.6171,0.7012,0.6497
0824504006,0.5428,0.7431,0.7062,0.6402,0.7986,0.7422,0.6231,0.6972,0.4308,0.5738,0.6311,0.5456
0824504007,0.5608,0.7655,0.7271,0.6762,0.8187,0.7719,0.6172,0.7439,0.4599,0.5134,0.6401,0.5482
0824504008,0.5613,0.7557,0.7336,0.701,0.8009,0.7867,0.625,0.7201,0.4871,0.5468,0.6614,0.5631
0824504009,0.5823,0.7705,0.7616,0.6787,0.8212,0.7808,0.6203,0.7578,0.474,0.5922,0.6815,0.5714
0824504010,0.5692,0.7383,0.7193,0.6575,0.8039,0.7628,0.6011,0.7132,0.4855,0.5501,0.6536,0.5884
0824504011,0.5906,0.7708,0.7354,0.7103,0.8434,0.7781,0.6061,0.7323,0.5122,0.5946,0.6996,0.592
0824504012,0.5859,0.7633,0.751,0.7201,0.8177,0.7622,0.5959,0.7093,0.4457,0.3251,0.6277,0.5207
0824504013,0.587,0.804,0.7802,0.6895,0.8288,0.8112,0.605,0.7487,0.451,0.5904,0.668,0.5742
0824504014,0.5561,0.7675,0.7443,0.6575,0.811,0.754,0.6037,0.7103,0.4218,0.5185,0.6187,0.5555
0824504015,0.5312,0.693,0.6956,0.6173,0.756,0.7201,0.5449,0.6567,0.3996,0.4818,0.5586,0.4944
0824504016,0.5565,0.77,0.7048,0.6805,0.8184,0.7797,0.6159,0.7123,0.436,0.541,0.6619,0.5453
0824505001,0.5441,0.6918,0.7063,0.6014,0.7522,0.7201,0.5256,0.641,0.3705,0.4689,0.5756,0.4603
0824505002,0.5271,0.7206,0.7095,0.6304,0.765,0.7293,0.5631,0.699,0.4142,0.4881,0.592,0.5033
0824505003,0.5576,0.7141,0.7198,0.675,0.7734,0.7462,0.5876,0.7139,0.4605,0.5159,0.6215,0.5227
0824505004,0.565,0.7199,0.7281,0.6823,0.7979,0.75,0.5704,0.7165,0.4455,0.5251,0.608,0.5499
0824505005,0.4232,0.641,0.634,0.5627,0.7209,0.6476,0.4663,0.5848,0.3368,0.3758,0.4912,0.3827
0824505006,0.5386,0.7143,0.7157,0.6032,0.7278,0.7183,0.5576,0.6567,0.3963,0.482,0.5672,0.4358
0824505007,0.5305,0.721,0.7153,0.6484,0.7857,0.7478,0.5723,0.6843,0.4322,0.5062,0.6333,0.4894
0824505008,0.4254,0.6014,0.5841,0.5087,0.6353,0.5878,0.4268,0.5513,0.3333,0.4132,0.5107,0.3957
0824505009,0.4367,0.6252,0.6124,0.5413,0.6731,0.654,0.475,0.6335,0.3923,0.4364,0.5152,0.4035
0824505011,0.4376,0.659,0.637,0.5403,,,0.466,0.5816,0.3344,0.4199,0.5129,0.3885
0824505012,0.4584,0.6332,0.6528,0.5583,0.7162,0.6583,0.4642,0.5958,0.3622,0.4298,0.5159,0.411
0824505013,,,,,,,0.4446,0.5976,0.346,0.3991,0.5312,0.387
0824505014,0.5234,0.7336,0.7088,0.6107,0.7739,0.7117,0.499,0.6508,0.4068,0.4866,0.5895,0.4902
0824505015,0.4816,0.645,0.6143,0.5495,0.6777,0.6713,0.5053,0.5931,0.3333,0.4203,0.5016,0.3845
0824505016,0.5305,0.7337,0.7218,0.6614,0.8082,0.7506,0.5909,0.7001,0.4303,0.5317,0.6711,0.5341
0824505018,0.3655,0.5462,0.5188,0.4359,0.5802,0.5363,0.3746,0.4649,0.2658,0.2903,0.3609,0.2984
0824505019,0.5223,0.7274,0.6759,0.6227,0.782,0.7328,0.5158,0.6659,0.4527,0.4614,0.5933,0.515
0824506002,0.5395,0.7081,0.6731,0.6132,0.7682,0.7215,0.5467,0.6495,0.3942,0.4676,0.5705,0.4078
0824506003,,,,,,,0.5331,0.6344,0.3947,0.44,0.5487,0.4467
0824506004,0.5226,0.7305,0.6922,0.6329,0.7738,0.7358,0.5602,0.6756,0.3983,0.4818,0.6223,0.4903
0824506005,0.4944,0.6849,0.6897,0.6262,0.7746,0.7076,0.5448,0.6544,0.4162,0.4851,0.6052,0.4955
0824506008,,,,,,,0.6098,0.698,0.4356,0.4702,0.5932,0.4713
0824506009,,,,,,,0.4603,0.5771,0.3059,0.4218,0.5392,0.4331
0824506011,0.5199,,,,,,0.502,0.6222,0.3485,0.4292,0.5541,0.4231
0824506012,,,,,,,0.5187,0.6215,0.3595,0.4568,0.5193,0.4163
0824506014,0.4722,0.6492,0.6237,0.5782,,,0.471,0.5718,0.2979,0.4347,0.4965,0.3865
0824601001,0.6606,0.8662,0.6879,0.6523,0.8996,0.8445,0.7837,0.7949,0.6456,0.6146,0.6795,0.6764
0824701001,0.6773,0.8723,0.7474,0.6629,0.9019,0.849,0.7321,0.8136,0.7108,0.6863,0.6853,0.6869
0824801001,,,,,,,,,,0.5489,0.6367,0.5626
0824801002,,,,,,,,,,0.4758,0.6347,0.5374
0824801003,,,,,,,,,,0.5408,0.6508,0.5518
0824801004,,,,,,,,,,0.5066,0.6613,0.5717
0824901001,0.9239,0.9519,0.8383,0.7932,0.9416,0.9118,0.9455,0.8686,0.8156,0.9214,0.7964,0.8073
0825001001,0.6897,0.8698,0.7292,0.7263,0.9029,0.8419,0.7868,0.7869,0.6991,0.7452,0.7037,0.6931
0825001002,0.6507,0.7508,0.6963,0.6338,0.8244,0.7646,0.6555,0.673,0.4071,0.5612,0.5983,0.4437
0825001003,0.6501,0.7568,0.7159,0.6293,0.8048,0.778,0.6682,0.7063,0.4351,0.6195,0.6259,0.5185
0825001004,0.6681,0.7965,0.7481,0.686,0.8488,0.8021,0.7331,0.7533,0.4608,0.641,0.6728,0.5884
0825001005,0.6181,0.7344,0.687,0.6225,0.823,0.7531,0.6562,0.6631,0.3973,0.5932,0.6127,0.5202
0825001006,0.5577,0.7091,0.6326,0.5676,0.7599,0.6881,0.5591,0.5832,0.3908,0.4806,0.5136,0.4172
0825001007,0.6375,0.7368,0.6982,0.6179,0.8099,0.7208,0.6272,0.6597,0.3885,0.5587,0.5699,0.4377
0825101001,0.6781,0.8249,0.7389,0.6964,0.8651,0.7991,0.7018,0.7647,0.5586,0.6445,0.6437,0.6163
0825101002,0.6056,0.7982,0.7079,0.6529,0.8241,0.7832,0.6701,0.7432,0.5633,0.595,0.6452,0.6091
0825101003,0.5519,0.7627,0.6828,0.6398,0.809,0.763,0.6227,0.7002,0.4705,0.5666,0.6522,0.5606
0825101004,0.5873,0.782,0.7108,0.6436,0.8357,0.7674,0.6629,0.7177,0.4685,0.6146,0.6432,0.5562
0825201001,0.5696,0.8007,0.7638,0.6916,0.8436,0.8155,0.6554,0.7609,0.5159,0.5461,0.7175,0.5903
0825201002,0.5363,0.8049,0.7602,0.6914,0.8272,0.7827,0.6123,0.7399,0.5005,0.5485,0.6799,0.5996
0825201003,0.5615,0.7268,0.7399,0.6946,0.8255,0.7728,0.5946,0.7229,0.4656,0.5101,0.6738,0.537
0825201004,0.5064,0.7279,0.7252,0.6555,0.8106,0.7648,0.5849,0.6978,0.4555,0.4787,0.6614,0.5191
0825201005,0.5169,0.7722,0.7507,0.6749,0.8008,0.7802,0.5622,0.7205,0.4327,0.4706,0.6343,0.5178
0825201006,0.5664,0.7924,0.7503,0.7057,0.8546,0.8069,0.6519,0.7472,0.4842,0.5672,0.7249,0.5689
0825201007,0.6037,0.8221,0.7891,0.706,0.8609,0.8149,0.6782,0.7717,0.559,0.5505,0.7422,0.6248
0825201008,0.4984,0.7331,0.706,0.6383,0.7991,0.7719,0.5882,0.6916,0.4778,0.5079,0.6294,0.5574
0825201009,0.6178,0.7717,0.7563,0.6961,0.8261,0.8048,0.6358,0.7385,0.431,0.5253,0.6452,0.5517
0825201010,0.6062,0.8189,0.7826,0.7173,0.8605,0.8241,0.6468,0.795,0.5742,0.5492,0.7307,0.6298
0825201011,0.5683,0.8221,0.7842,0.7315,0.8461,0.8036,0.6393,0.7619,0.5476,0.5228,0.7201,0.6016
0825201018,0.5472,0.7475,0.7262,0.6849,0.799,0.7844,0.614,0.7116,0.4589,0.5202,0.6799,0.5682
0825201019,0.5517,0.7756,0.744,0.6831,0.8251,0.7775,0.5941,0.7352,0.4747,0.5189,0.6686,0.562
0825201020,0.5467,0.752,0.7529,0.6769,0.8081,0.7363,0.5491,0.6995,0.3878,0.4622,0.6425,0.4833
0825201021,0.602,0.7972,0.7769,0.7127,0.8605,0.8297,0.6117,0.7852,0.5039,0.5639,0.7054,0.5908
0825201022,0.6059,0.8133,0.7757,0.7148,0.8509,0.8275,0.668,0.7586,0.5851,0.5355,0.7217,0.6081
0825201023,0.5772,0.7975,0.7727,0.6815,0.8608,0.8333,0.6453,0.7797,0.5844,0.5426,0.727,0.6418
0825201024,0.5606,0.74,0.7026,0.6438,0.8011,0.75,0.5828,0.6975,0.4212,0.4623,0.6601,0.4863
0825201025,0.5215,0.7873,0.7649,0.6866,0.8393,0.7855,0.6186,0.7417,0.5248,0.5254,0.6962,0.6012
0825201026,0.5359,0.7731,0.7441,0.6553,0.8303,0.7628,0.5996,0.7164,0.523,0.502,0.6764,0.5853
0825201027,0.5403,0.8209,0.768,0.7181,0.8736,0.8314,0.609,0.7589,0.5375,0.4985,0.6889,0.5858
0825201028,0.5647,0.7995,0.7671,0.6992,0.8636,0.8241,0.6373,0.7576,0.541,0.5365,0.6977,0.5833
0825201029,0.5778,0.8501,0.8124,0.7269,0.8786,0.835,0.6342,0.7747,0.5798,0.5253,0.6823,0.6
0825301001,0.6074,0.8182,0.6391,0.6183,0.9262,0.8828,0.8125,0.7803,0.697,0.8,0.6889,0.6838
0825401001,0.6539,0.8936,0.7222,0.6665,0.8978,0.8471,0.7791,0.8114,0.731,0.5932,0.6758,0.6702
0825501001,0.5379,0.75,0.6429,0.5821,0.8732,0.7664,0.6691,0.7519,0.7177,0.5354,0.6953,0.6642
0825601001,0.7152,0.8431,0.8012,0.7446,0.8746,0.8263,0.7342,0.7821,0.6142,0.6719,0.7396,0.6423
0825701001,0.6545,0.8649,0.7909,0.6636,0.9029,0.835,0.783,0.7961,0.717,0.6577,0.6389,0.6296
0825801001,0.7716,0.8987,0.721,0.6711,0.906,0.813,0.7174,0.7804,0.7008,0.6348,0.679,0.6694
0825901001,0.6367,0.8104,0.7277,0.6846,0.8564,0.7953,0.6797,0.7453,0.5832,0.5693,0.6686,0.6057
0825901002,0.587,0.8193,0.7174,0.6724,0.851,0.7928,0.6766,0.7416,0.6105,0.5121,0.6697,0.6027
0825901003,0.6025,0.835,0.7719,0.7151,0.8734,0.835,0.7004,0.7911,0.6199,0.5345,0.6937,0.6494
0825901004,0.688,0.8643,0.7631,0.7129,0.8861,0.8479,0.7592,0.8089,0.6654,0.6242,0.713,0.6822
0826001001,0.5657,0.7884,0.7379,0.6628,0.8255,0.7514,0.5559,0.7123,0.4924,0.4904,0.6441,0.5649
0826001002,,,,,,0.7524,0.5994,0.7197,0.4968,0.4995,0.657,0.561
0826001003,0.6156,0.8034,0.7674,0.7116,0.8643,0.8237,0.6693,0.775,0.5732,0.5906,0.6786,0.6214
0826001004,0.4423,0.6251,0.6037,0.5394,0.6863,0.6159,0.4523,0.5722,0.3219,0.4131,0.5136,0.4064
0826001005,0.566,0.7405,0.6981,0.6473,0.784,0.7284,0.5819,0.7133,0.4523,0.4928,0.5936,0.5
0826001006,0.5382,0.7549,0.6988,0.6644,0.8182,0.7763,0.567,0.7033,0.469,0.4884,0.6566,0.5151
0826001007,0.5193,0.7854,0.7378,0.6746,0.8059,0.7797,0.5858,0.7376,0.5295,0.5254,0.6784,0.5737
0826001008,0.5424,0.7691,0.7154,0.6845,0.8096,0.7489,0.5631,0.6735,0.4915,0.4937,0.6459,0.5449
0826001009,0.5761,0.8189,0.7769,0.706,0.8638,0.8186,0.626,0.7516,0.5217,0.5173,0.7093,0.5927
0826001010,0.6381,0.8056,0.7493,0.6997,0.8604,0.8324,0.6821,0.749,0.5431,0.5689,0.6985,0.5869
0826001011,0.5245,0.7305,0.6885,0.6393,0.7804,0.744,0.5241,0.6882,0.456,0.4188,0.6459,0.5161
0826001012,0.601,0.797,0.7809,0.6989,0.8559,0.8168,0.6427,0.7683,0.5305,0.5586,0.7107,0.6004
0826001013,,,,,,0.8934,0.7064,0.8204,0.6045,0.5791,0.7603,0.702
0826001014,0.5923,0.8424,0.8022,0.738,0.8858,0.8814,0.6846,0.8153,0.565,0.5732,0.7296,0.6482
0826001015,,,,,,0.7702,0.5874,0.6949,0.4443,0.4737,0.6471,0.5288
0826001016,,,,,,0.8573,0.6367,0.8188,0.5709,0.5677,0.7398,0.6109
0826101001,0.6775,0.8199,0.7323,0.6878,0.8545,0.7986,0.7116,0.7394,0.6147,0.6706,0.6855,0.5956
0826101002,0.6028,0.7436,0.6704,0.5831,0.7817,0.718,0.6633,0.6856,0.4975,0.6041,0.6185,0.5235
0826201001,0.5323,0.7026,0.6434,0.6201,0.7696,0.6992,0.5964,0.6486,0.4481,0.5655,0.6136,0.5337
0826201002,0.6524,0.7866,0.695,0.6297,0.8033,0.761,0.6326,0.6955,0.5272,0.5994,0.6476,0.5729
0826201003,0.5167,0.7497,0.6702,0.6077,0.8192,0.7402,0.6063,0.6804,0.4623,0.5667,0.6089,0.5227
0826202001,0.5086,0.7252,0.6598,0.6074,0.7878,0.7459,0.588,0.6637,0.4739,0.5345,0.6131,0.5119
0826202002,0.5527,0.7126,0.6225,0.5859,0.7518,0.727,0.5965,0.6576,0.481,0.572,0.5772,0.5088
0826301001,0.6923,0.8589,0.8048,0.7805,0.9045,0.8786,0.7587,0.8191,0.6203,0.6166,0.7255,0.6444
0826301002,0.659,0.8099,0.7665,0.7221,0.876,0.8387,0.7268,0.7659,0.5644,0.634,0.6991,0.6367
0826301003,0.6421,0.8165,0.7652,0.6796,0.8689,0.826,0.702,0.7592,0.6029,0.5948,0.6884,0.6178
0826301004,0.6072,0.7873,0.7579,0.6857,0.8384,0.8085,0.6552,0.7563,0.5331,0.5399,0.6555,0.5681
0826301005,0.5754,0.8035,0.7567,0.6911,0.8335,0.7946,0.6201,0.7251,0.5114,0.5695,0.6855,0.5985
0826301006,0.6411,0.8027,0.7541,0.6602,0.8432,0.7689,0.6276,0.6786,0.4476,0.5106,0.6712,0.5457
0826301007,0.5749,0.7674,0.7374,0.6685,0.8255,0.7737,0.6253,0.7041,0.5138,0.5038,0.6388,0.5354
0826301008,0.6241,0.8012,0.7307,0.6924,0.8542,0.7985,0.645,0.7229,0.5316,0.5487,0.6501,0.5476
0826301009,0.5868,0.7892,0.7387,0.692,0.8496,0.7889,0.6269,0.7409,0.46,0.5341,0.6525,0.5243
0826301010,0.5936,0.757,0.721,0.6509,0.8235,0.7592,0.6383,0.7184,0.5064,0.5683,0.6777,0.5846
0826301011,0.6201,0.8131,0.7689,0.6922,0.876,0.8072,0.6534,0.7464,0.4857,0.589,0.6917,0.5823
0826301012,0.586,0.7355,0.7042,0.6171,0.7686,0.7327,0.6025,0.6899,0.3865,0.5349,0.6278,0.4968
0826302001,0.4516,0.6197,0.5758,0.5322,0.7132,0.6297,0.4495,0.5566,0.3263,0.4244,0.5148,0.3767
0826302002,0.5449,0.717,0.6828,0.6211,0.8042,0.7507,0.5614,0.6618,0.434,0.4779,0.5782,0.4954
0826302003,0.4583,0.6743,0.6143,0.5498,0.7358,0.6767,0.4915,0.6282,0.3749,0.4193,0.5556,0.4224
0826303001,0.5198,0.7058,0.6759,0.5859,0.7824,0.7304,0.538,0.6534,0.4272,0.4673,0.6006,0.4621
0826303002,0.5165,0.75,0.6922,0.5991,0.7972,0.7308,0.5472,0.6883,0.424,0.4851,0.6166,0.4922
0826304001,0.5802,0.7749,0.7236,0.653,0.8296,0.793,0.607,0.7133,0.524,0.5272,0.6653,0.561
0826304002,0.4989,0.7527,0.6682,0.6307,0.7744,0.7395,0.5428,0.6742,0.485,0.4239,0.5788,0.5024
0826304003,0.6012,0.8037,0.7413,0.6904,0.8468,0.8078,0.6314,0.7373,0.5793,0.5301,0.6715,0.5795
0826401001,0.6551,0.8451,0.7561,0.7094,0.8803,0.8254,0.7202,0.784,0.6477,0.6131,0.7117,0.6561
0826401002,0.6047,0.7669,0.6485,0.6637,0.8267,0.7655,0.6803,0.7119,0.5571,0.6116,0.6802,0.5887
0826401003,0.6919,0.8637,0.7415,0.6533,0.8856,0.8401,0.749,0.7915,0.6334,0.5894,0.7177,0.6522
0826401004,0.5299,0.7871,0.6742,0.6546,0.8025,0.7575,0.6186,0.704,0.5487,0.504,0.6716,0.5873
0826501001,0.66,0.8642,0.7203,0.6619,0.8967,0.8421,0.7655,0.7902,0.6983,0.6624,0.6846,0.6773
0826601001,0.5179,0.7857,0.7307,0.6659,0.8411,0.7851,0.6148,0.7347,0.5172,0.5044,0.6811,0.5537
0826601002,0.5772,0.7926,0.747,0.6878,0.8349,0.8246,0.6656,0.7486,0.5475,0.5472,0.6959,0.5928
0826601003,0.5732,0.7677,0.7522,0.6926,0.8188,0.8064,0.6604,0.7597,0.5326,0.5582,0.6878,0.5998
0826601004,0.5351,0.7477,0.7109,0.6753,0.7852,0.7589,0.5883,0.6822,0.418,0.4826,0.6303,0.5377
0826601005,0.5966,0.7629,0.7684,0.6988,0.7967,0.7788,0.6304,0.7389,0.4288,0.551,0.6715,0.5827
0826601006,0.5701,0.835,0.7881,0.7322,0.8621,0.8369,0.6689,0.7638,0.5847,0.5589,0.7238,0.617
0826601007,0.615,0.8288,0.8186,0.7616,0.8668,0.8487,0.7029,0.8102,0.6204,0.6016,0.7484,0.6587
0826601008,0.5625,0.78,0.7443,0.694,0.8348,0.7967,0.6529,0.7504,0.5511,0.5713,0.7163,0.6089
0826601009,0.5952,0.7994,0.7496,0.7021,0.8575,0.8352,0.6961,0.7647,0.535,0.5842,0.7178,0.6456
0826601010,0.5314,0.8066,0.7506,0.6775,0.8772,0.813,0.6506,0.7678,0.6043,0.571,0.7079,0.6404
0826601011,0.4871,0.6519,0.6,0.5894,0.6601,0.5614,0.4478,0.51,0.4086,0.3902,0.4919,0.4347
0826601012,0.5938,0.7938,0.7508,0.6956,0.8436,0.8076,0.6622,0.7596,0.5179,0.5655,0.7241,0.6223
0826601013,0.5654,0.8284,0.7876,0.7106,0.8533,0.8257,0.6814,0.7668,0.5728,0.5974,0.7068,0.6332
0826601014,0.579,0.8443,0.7788,0.7063,0.8872,0.8693,0.6792,0.7931,0.6137,0.6271,0.7598,0.6564
0826601015,0.5885,0.8031,0.7874,0.7185,0.8488,0.814,0.6458,0.7548,0.4923,0.585,0.7035,0.6111
0826601016,0.575,0.7992,0.7766,0.6982,0.8551,0.8029,0.6621,0.7759,0.5305,0.5966,0.7039,0.6239
0826601017,0.5323,0.7582,0.7309,0.6789,0.8111,0.7621,0.618,0.718,0.4216,0.5469,0.685,0.5514
0826601018,,,,,,0.8165,0.692,0.7596,0.5261,0.5276,0.6867,0.5874
0826601019,0.5965,0.7982,0.7725,0.7214,0.8444,0.8197,0.6691,0.7762,0.5406,0.5828,0.7175,0.6179
0826601020,,,,,,0.8254,0.6908,0.7724,0.6771,0.5713,0.6954,0.6683
0826601027,0.4946,0.7041,0.6589,0.6195,0.7716,0.728,0.5651,0.6747,0.4304,0.4781,0.6217,0.5182
0826601028,0.6064,0.8613,0.782,0.7202,0.8776,0.8484,0.7073,0.8131,0.6349,0.6004,0.7307,0.6844
0826601029,0.6155,0.8429,0.809,0.744,0.888,0.846,0.6864,0.7991,0.6607,0.5992,0.7429,0.6737
0826601030,0.5991,0.845,0.7871,0.7193,0.8712,0.8412,0.7153,0.7941,0.6068,0.5807,0.7392,0.6676
0826601031,0.6235,0.8454,0.8119,0.7359,0.8772,0.8459,0.7209,0.8031,0.5756,0.6412,0.7616,0.6421
0826601032,0.6199,0.8407,0.789,0.7602,0.8697,0.8387,0.7444,0.8069,0.6154,0.6346,0.7833,0.7126
0826601033,0.5808,0.7968,0.7522,0.7204,0.8505,0.8124,0.676,0.7592,0.493,0.561,0.7081,0.6171
0826601034,0.5663,0.792,0.7515,0.693,0.8456,0.8137,0.6438,0.755,0.5352,0.5604,0.701,0.6126
0826601035,0.5784,0.8097,0.7686,0.7072,0.8486,0.8114,0.6559,0.7588,0.5991,0.5542,0.6927,0.6125
0826601036,0.5976,0.8459,0.8007,0.7442,0.8931,0.8693,0.6877,0.8131,0.6091,0.578,0.7576,0.6144
0826601037,0.5095,0.7968,0.7716,0.699,0.8795,0.8423,0.6168,0.7469,0.5042,0.5392,0.7043,0.5949
0826601038,0.5645,0.8262,0.7562,0.6897,0.864,0.8351,0.6772,0.7748,0.6043,0.5374,0.7314,0.641
0826601039,,,,,,0.8036,0.6662,0.7644,0.5789,0.5892,0.7135,0.6144
0826601040,,,,,,0.8686,0.7447,0.8197,0.7493,0.6922,0.7793,0.7556
0826701001,0.5477,0.798,0.7151,0.6546,0.8607,0.8152,0.6386,0.7308,0.5189,0.5708,0.6651,0.5838
0826701002,0.5499,0.7401,0.659,0.6121,0.8045,0.7495,0.6303,0.6979,0.4801,0.5053,0.6311,0.52
0826701003,0.5936,0.7859,0.7096,0.6813,0.8576,0.8159,0.6798,0.7652,0.5348,0.6461,0.7281,0.5808
0826701004,0.6081,0.7969,0.7142,0.6587,0.8401,0.8044,0.7016,0.7396,0.5578,0.6023,0.6757,0.5721
0826701005,0.5828,0.8312,0.7729,0.7141,0.852,0.8229,0.6357,0.7392,0.5281,0.5398,0.6689,0.5501
0826801001,,,,,,,,,,0.7124,0.6609,0.6118
0826901001,0.6194,0.8463,0.6973,0.6609,0.8787,0.8247,0.7281,0.7645,0.6258,0.5822,0.6661,0.6385
0826901002,0.7147,0.8669,0.7233,0.6822,0.8869,0.8462,0.7754,0.7923,0.6341,0.6161,0.6703,0.6443
0827001001,0.5612,0.7385,0.6739,0.6575,0.779,0.7473,0.6294,0.7039,0.5539,0.5034,0.6317,0.5623
0827001002,0.5362,0.7463,0.6954,0.6719,0.7562,0.7393,0.625,0.6905,0.5528,0.5194,0.6424,0.5515
0827001003,,,,,,,,,,0.5117,0.6787,0.5879
0827001004,0.5804,0.748,0.6776,0.6691,0.7982,0.7649,0.6289,0.718,0.5581,0.5485,0.6712,0.5809
0827001005,0.5691,0.7695,0.691,0.6672,0.7937,0.7301,0.6126,0.6704,0.5429,0.5178,0.6144,0.5442
0827001006,,,,,,,,,,0.5431,0.6929,0.6199
0827002001,0.6129,0.7623,0.6849,0.6675,0.8036,0.786,0.6767,0.733,0.5652,0.5638,0.6434,0.5639
0827002002,0.6352,0.7916,0.7368,0.7105,0.8325,0.8031,0.6974,0.7701,0.6315,0.6224,0.7447,0.6563
0827002003,0.6098,0.7823,0.7217,0.6682,0.8173,0.7744,0.6472,0.7105,0.5627,0.5384,0.6561,0.5892
0827002004,0.5091,0.6736,0.6273,0.5921,0.8095,0.6997,0.595,0.6441,0.4712,0.4686,0.5853,0.4892
0827002005,0.5876,0.7444,0.7015,0.6768,0.7621,0.7658,0.629,0.6834,0.46,0.5711,0.6525,0.5886
0827002006,0.5788,0.7939,0.7424,0.6892,0.8497,0.8189,0.6994,0.7733,0.5655,0.5764,0.6874,0.6019
0827002007,0.5084,0.7652,0.6924,0.6409,0.7957,0.7821,0.6189,0.7239,0.5799,0.4885,0.6828,0.5347
0827002009,0.4937,0.7725,0.7336,0.6842,0.8178,0.7851,0.6366,0.7198,0.5859,0.4419,0.6192,0.5654
0827002010,0.5541,0.7767,0.7119,0.6582,0.8128,0.7934,0.6295,0.7279,0.5684,0.5053,0.6491,0.5833
0827002011,0.6323,0.8046,0.7475,0.6878,0.8289,0.7994,0.6602,0.7326,0.5781,0.5759,0.7035,0.595
0827101001,0.8696,0.913,0.6812,0.6857,0.8472,0.8507,0.75,0.7273,0.5538,0.597,0.6418,0.6528
0827201001,0.52,0.8896,0.6242,0.596,0.8526,0.8061,0.7455,0.7805,0.716,0.897,0.638,0.7076
0827301001,0.7077,0.8658,0.7346,0.7114,0.8738,0.8486,0.7823,0.826,0.7463,0.6657,0.7191,0.6794
0827301002,0.6443,0.8245,0.7268,0.7099,0.8633,0.8066,0.7041,0.747,0.6387,0.601,0.6999,0.5763
0827301003,0.7524,0.8505,0.7637,0.7049,0.8875,0.836,0.7877,0.7994,0.6843,0.6507,0.6789,0.6755
0827401001,0.6436,0.8081,0.7173,0.6564,0.8679,0.8456,0.7677,0.7627,0.6276,0.6381,0.6802,0.666
0827401002,0.5684,0.766,0.6801,0.6069,0.7965,0.7326,0.656,0.6578,0.4669,0.52,0.5758,0.5304
0827401004,0.5854,0.7533,0.689,0.6176,0.8405,0.7542,0.6736,0.6995,0.5305,0.5576,0.6362,0.5591
0827401005,0.6906,0.8166,0.7672,0.7212,0.8825,0.8214,0.7594,0.7803,0.6006,0.6627,0.7169,0.6574
0827501001,0.864,0.9286,0.7953,0.7247,0.9598,0.8992,0.9352,0.8826,0.7189,0.7836,0.6992,0.7331
0827601001,0.7884,0.8186,0.7253,0.6962,0.8347,0.7725,0.6208,0.7427,0.61,0.7216,0.6988,0.6471
0827701001,0.9312,0.8994,0.8148,0.6879,0.9074,0.8772,0.9106,0.881,0.7011,0.8226,0.6595,0.6395
0827801001,0.5789,0.8518,0.7031,0.6644,0.8798,0.7985,0.7554,0.7687,0.6564,0.5678,0.6528,0.6435
0827801002,0.577,0.8539,0.6772,0.6219,0.8759,0.8255,0.7208,0.7584,0.6275,0.5576,0.6293,0.6278
0827801003,0.6341,0.8844,0.7497,0.7063,0.8907,0.854,0.7574,0.8019,0.6829,0.6215,0.69,0.6751
0827801004,0.5963,0.8533,0.7107,0.6628,0.8978,0.829,0.7581,0.7801,0.6264,0.6106,0.6428,0.6345
0827901001,0.6654,0.8656,0.7825,0.7442,0.8765,0.8528,0.7682,0.8136,0.6988,0.5951,0.7198,0.7006
0827901002,0.614,0.8128,0.7419,0.7015,0.8483,0.8224,0.7081,0.7717,0.67,0.603,0.6895,0.6773
0827901004,0.6262,0.849,0.7603,0.7112,0.8912,0.8508,0.7349,0.8201,0.6863,0.607,0.7159,0.6875
0827901005,0.6283,0.8523,0.7893,0.7068,0.8889,0.8718,0.7741,0.8432,0.7044,0.6002,0.7547,0.7235
0827901006,0.6522,0.8593,0.7743,0.7289,0.8798,0.8579,0.7417,0.7995,0.6968,0.6084,0.7502,0.7136
0827901007,0.5958,0.831,0.7434,0.6872,0.8725,0.8192,0.7003,0.7719,0.6632,0.5546,0.6882,0.6629
0827901008,,,,,,,,,,0.6133,0.702,0.6663
0827901009,0.61,0.8225,0.7723,0.6987,0.8603,0.8333,0.7105,0.7908,0.6715,0.6011,0.723,0.6648
0827901010,0.5933,0.8623,0.7898,0.7267,0.8951,0.8523,0.7064,0.7965,0.6379,0.5953,0.7252,0.6868
0827901011,0.5778,0.8068,0.7352,0.692,0.8447,0.8026,0.6392,0.7379,0.5339,0.5205,0.6838,0.5921
0827901012,0.5827,0.7977,0.7421,0.6836,0.8256,0.789,0.6291,0.7227,0.5425,0.5494,0.7043,0.6352
0827901013,0.5,0.7856,0.7306,0.6878,0.8166,0.8084,0.6065,0.7314,0.4809,0.4858,0.6451,0.5386
0827901014,0.5524,0.7514,0.7176,0.6764,0.8031,0.7646,0.5822,0.6943,0.4981,0.5094,0.6745,0.6053
0827901015,0.5599,0.795,0.7517,0.6823,0.8271,0.7957,0.6421,0.7277,0.5567,0.5274,0.6907,0.6049
0827901016,0.5861,0.8256,0.7657,0.7155,0.8489,0.8254,0.6679,0.7781,0.5801,0.5528,0.7029,0.7283
0827901017,0.6243,0.8363,0.7569,0.7109,0.8635,0.8475,0.72,0.7894,0.6529,0.5684,0.7154,0.6793
0827901018,0.7286,0.8721,0.8167,0.759,0.8811,0.8744,0.7773,0.8249,0.7505,0.6524,0.729,0.764
0827901019,0.5919,0.8111,0.7598,0.7005,0.8465,0.8257,0.6347,0.7366,0.5393,0.5073,0.6378,0.5864
0827901020,0.669,0.8609,0.8251,0.7649,0.885,0.8688,0.7626,0.8335,0.6657,0.599,0.7105,0.6555
0827901021,0.5963,0.8046,0.7404,0.6922,0.823,0.7933,0.6505,0.7526,0.5432,0.5295,0.6936,0.6106
0827901022,0.5975,0.8491,0.776,0.7035,0.8845,0.8444,0.6989,0.8026,0.6432,0.5514,0.7186,0.6648
0827901023,0.6489,0.894,0.8298,0.7945,0.9079,0.8984,0.781,0.8791,0.701,0.6078,0.77,0.7234
0827901024,0.7205,0.8896,0.815,0.7836,0.8898,0.8708,0.7436,0.8318,0.7062,0.6431,0.7273,0.7262
0827901025,,,,,,,,,,0.6132,0.6912,0.6719
0827902001,0.5439,0.7198,0.6816,0.6362,0.7802,0.7197,0.5594,0.6611,0.4257,0.4745,0.5889,0.4908
0827902003,0.4964,0.6844,0.6535,0.5812,0.7102,0.6473,0.4768,0.5854,0.3065,0.3786,0.5157,0.3717
0827902004,0.4965,0.6633,0.6428,0.5935,0.6793,0.6499,0.4833,0.5725,0.3791,0.4124,0.5028,0.3854
0827902005,0.4903,0.6942,0.6801,0.6,0.743,0.7202,0.5659,0.6769,0.4015,0.4933,0.6063,0.4941
0827902006,0.5716,0.7225,0.6909,0.6078,0.7673,0.7106,0.5414,0.6425,0.4323,0.4867,0.5938,0.4973
0827902008,0.5224,0.7044,0.6758,0.649,0.7681,0.7261,0.5762,0.6693,0.3844,0.4696,0.608,0.4668
0827902009,0.5037,0.712,0.6772,0.6233,0.7306,0.7018,0.5085,0.6528,0.3973,0.4784,0.5919,0.476
0827902011,0.5025,0.7045,0.6919,0.6186,0.7178,0.7083,0.5079,0.6346,0.4024,0.4536,0.5871,0.4818
0827902012,0.4566,0.6313,0.6176,0.5246,0.6611,0.6285,0.4562,0.5695,0.2834,0.3514,0.4963,0.3814
0827902014,0.5085,0.7617,0.738,0.6671,0.8112,0.7678,0.5369,0.696,0.4273,0.4413,0.6217,0.496
0827902015,0.3822,0.5918,0.5531,0.44,0.6502,0.5587,0.3731,0.4907,0.2215,0.3063,0.4973,0.3136
0827902016,0.4833,0.7786,0.7112,0.6641,0.8313,0.804,0.5645,0.7372,0.4558,0.4768,0.6382,0.5362
0827902017,0.4639,0.7089,0.6791,0.5916,0.7492,0.6885,0.5018,0.6347,0.3454,0.3894,0.5305,0.4114
0827903001,0.5391,0.7808,0.7191,0.6732,0.8263,0.7624,0.5973,0.6983,0.5038,0.4914,0.6478,0.5575
0827903002,0.5921,0.7968,0.7674,0.6946,0.856,0.8178,0.6739,0.7356,0.5081,0.5567,0.6866,0.6069
0827903003,0.5375,0.7423,0.6903,0.6372,0.79,0.75,0.5687,0.6851,0.4557,0.471,0.6224,0.5272
0827903004,0.4856,0.71,0.6617,0.5682,0.7777,0.7102,0.5048,0.642,0.3989,0.4041,0.5961,0.4423
0827903005,0.5374,0.7851,0.7085,0.6495,0.8095,0.7798,0.6165,0.7182,0.5409,0.5264,0.6678,0.5945
0827903006,0.6026,0.8206,0.7495,0.6894,0.857,0.8238,0.668,0.7746,0.5519,0.5351,0.6818,0.6169
0827903007,0.5617,0.811,0.7448,0.6727,0.8556,0.8139,0.6501,0.7565,0.5131,0.5242,0.6681,0.5874
0827903008,0.5159,0.7157,0.6871,0.6147,0.7823,0.7405,0.5377,0.6856,0.4288,0.4868,0.6282,0.5105
0827903014,0.4485,0.6631,0.6234,0.5721,0.7125,0.6884,0.4752,0.6082,0.3734,0.3966,0.5699,0.4273
0827903015,0.5453,0.7785,0.7465,0.6822,0.8288,0.807,0.6078,0.7206,0.5276,0.5033,0.6373,0.5731
0827903016,0.5598,0.6935,0.6907,0.619,0.7393,0.701,0.5523,0.6603,0.4365,0.4284,0.4842,0.3941
0827903017,0.4909,0.6784,0.6701,0.6089,0.7717,0.7214,0.5381,0.6325,0.3938,0.453,0.6113,0.5018
0827903018,0.5649,0.7968,0.7598,0.6827,0.8445,0.7646,0.5878,0.751,0.5199,0.5768,0.6606,0.5457
0827903019,0.4741,0.6865,0.6615,0.5872,0.7594,0.7211,0.5375,0.6607,0.393,0.4532,0.5811,0.4658
0827903020,0.5257,0.7439,0.7036,0.6265,0.7818,0.7549,0.5538,0.6891,0.4462,0.5246,0.6293,0.5495
0827904001,0.5772,0.8379,0.7139,0.6673,0.8459,0.8026,0.696,0.7716,0.652,0.5381,0.6678,0.6289
0827904002,0.6074,0.8246,0.7217,0.6598,0.8474,0.8211,0.7042,0.7652,0.6237,0.547,0.6711,0.5969
0827904003,0.5658,0.7911,0.7215,0.6783,0.8086,0.7978,0.647,0.7504,0.5588,0.5259,0.6669,0.6042
0827904004,0.5865,0.8127,0.7466,0.6827,0.8323,0.7811,0.6375,0.7382,0.5234,0.4996,0.6456,0.5882
0827904005,0.5131,0.749,0.6945,0.6321,0.7992,0.7467,0.5766,0.685,0.4729,0.4843,0.6431,0.5716
0827904006,0.5555,0.7742,0.7443,0.6695,0.8195,0.7825,0.6139,0.7221,0.4749,0.4966,0.6383,0.5314
0827904007,0.4928,0.7221,0.6677,0.5967,0.7847,0.7276,0.5166,0.6627,0.4148,0.443,0.6018,0.5024
0827904008,0.537,0.7582,0.7265,0.6737,0.8289,0.7916,0.6119,0.7035,0.4029,0.4028,0.6091,0.486
0827904009,0.4753,0.7325,0.6791,0.5896,0.775,0.7428,0.5554,0.6649,0.392,0.4483,0.5627,0.4418
0827904010,0.4966,0.658,0.6529,0.6158,0.7103,0.6854,0.5055,0.6233,0.4025,0.4393,0.5427,0.4732
0827904012,0.556,0.7899,0.7209,0.6819,0.848,0.8199,0.6453,0.7393,0.5583,0.5247,0.6292,0.5863
0827904013,0.5922,0.8186,0.7639,0.6914,0.8684,0.811,0.6949,0.769,0.5624,0.5575,0.687,0.6154
0827904014,0.645,0.8749,0.7934,0.751,0.8877,0.874,0.7746,0.8247,0.7088,0.5977,0.7094,0.7021
0827904015,0.6226,0.831,0.7404,0.691,0.8653,0.8322,0.731,0.794,0.68,0.5668,0.6809,0.6751
0827904016,0.6709,0.8362,0.7849,0.7357,0.86,0.8378,0.7398,0.7973,0.6548,0.5719,0.6881,0.6563
0827904017,0.6428,0.8125,0.786,0.7364,0.8647,0.8607,0.7472,0.8183,0.6726,0.6193,0.7648,0.7027
0827904018,0.5931,0.8084,0.7338,0.6836,0.8519,0.8221,0.6825,0.7665,0.5599,0.5574,0.6987,0.6202
0827904019,0.5515,0.7452,0.7164,0.6491,0.8262,0.7729,0.5987,0.7341,0.4744,0.4827,0.6633,0.5711
0827904020,0.4513,0.6241,0.6147,0.5356,0.7121,0.6799,0.4991,0.5879,0.3941,0.4041,0.5439,0.457
0827904021,0.4987,0.7109,0.7018,0.6438,0.7598,0.7063,0.5417,0.6835,0.4359,0.4854,0.6248,0.4904
0827904022,0.5003,0.7849,0.7406,0.665,0.8485,0.7917,0.6039,0.7195,0.479,0.5029,0.657,0.5714
0827904023,0.5263,0.7978,0.7397,0.6901,0.8648,0.8156,0.6097,0.7581,0.5301,0.5207,0.71,0.5931
0827904024,0.5036,0.7538,0.6997,0.6411,0.8284,0.767,0.5393,0.7169,0.4931,0.4786,0.6636,0.5531
0827904025,0.54,0.7455,0.7036,0.6444,0.7933,0.7724,0.6247,0.7008,0.4874,0.4989,0.669,0.5956
0827904026,0.6128,0.8082,0.7486,0.6861,0.8449,0.8306,0.703,0.7636,0.6229,0.5445,0.6919,0.6409
0827905001,0.5603,0.8108,0.7447,0.6735,0.8464,0.817,0.6575,0.7645,0.5571,0.5272,0.6682,0.6149
0827905002,0.5222,0.7433,0.7145,0.6535,0.8389,0.7764,0.6122,0.6975,0.4518,0.5302,0.6605,0.5645
0827905003,0.5517,0.7811,0.7218,0.6561,0.8191,0.805,0.6337,0.7409,0.5264,0.5317,0.6786,0.6072
0827905004,0.594,0.8126,0.7589,0.6933,0.8612,0.7992,0.6811,0.7442,0.5809,0.5584,0.6791,0.6525
0827905005,0.5513,0.7773,0.7056,0.657,0.8197,0.7785,0.6399,0.7216,0.537,0.536,0.702,0.6166
0827905006,0.5923,0.8165,0.7299,0.7001,0.8531,0.8027,0.6836,0.7727,0.5783,0.5506,0.693,0.656
0827905007,0.6577,0.8426,0.794,0.7457,0.9027,0.8561,0.7365,0.8043,0.6725,0.5941,0.7531,0.7016
0827905008,0.5677,0.8,0.7357,0.6639,0.8454,0.8204,0.6857,0.7623,0.6064,0.5653,0.7124,0.6324
0827905009,0.5965,0.8353,0.7745,0.7177,0.8839,0.8553,0.6981,0.7968,0.6145,0.5694,0.7208,0.6343
0827905010,0.5478,0.7413,0.7096,0.6622,0.8027,0.7303,0.5847,0.6774,0.3827,0.4882,0.6202,0.5375
0827905011,0.5805,0.8097,0.7522,0.6866,0.8625,0.8101,0.6729,0.7637,0.5483,0.5219,0.6918,0.6131
0827905012,0.5695,0.7761,0.7091,0.6609,0.808,0.782,0.6336,0.7328,0.4991,0.4831,0.6425,0.5569
0827905013,0.5005,0.7189,0.6519,0.5979,0.7947,0.7474,0.5421,0.6128,0.4122,0.4613,0.6417,0.5015
0827905014,0.5465,0.7728,0.7238,0.6765,0.8268,0.794,0.6432,0.7284,0.5022,0.5437,0.6566,0.5594
0827905015,,,,,,,,,,0.4407,0.5867,0.4551
0827905016,0.494,0.7482,0.6894,0.6314,0.8016,0.7428,0.5401,0.6637,0.4282,0.4637,0.6465,0.5314
0827905017,0.5714,0.8201,0.776,0.6819,0.8682,0.8315,0.6647,0.764,0.5335,0.5172,0.6953,0.5989
0827905018,0.6165,0.7763,0.765,0.6954,0.8441,0.8056,0.6707,0.7523,0.5229,0.5518,0.6869,0.5839
0827905019,0.4843,0.8029,0.732,0.6568,0.8195,0.7936,0.595,0.7199,0.5091,0.507,0.6617,0.5679
0827905020,0.5539,0.8145,0.7347,0.7016,0.8639,0.818,0.6714,0.7548,0.5645,0.5171,0.6942,0.6048
0827905021,,,,,,,,,,0.5677,0.7312,0.6211
0827905022,0.5366,0.7067,0.7051,0.655,0.825,0.7823,0.6166,0.7242,0.4639,0.4298,0.6376,0.5619
0827905023,0.5655,0.8194,0.7492,0.6814,0.8449,0.8201,0.6622,0.7719,0.6293,0.5451,0.6867,0.6494
0827905024,0.5779,0.7805,0.7251,0.6807,0.8421,0.7849,0.6485,0.7615,0.5632,0.546,0.6832,0.6176
0827905025,0.5229,0.8108,0.7658,0.6586,0.8609,0.8233,0.6172,0.7544,0.5103,0.5056,0.6588,0.593
0827905026,0.6167,0.8487,0.7753,0.716,0.8822,0.8322,0.691,0.7808,0.6038,0.5819,0.7044,0.6534
0827905027,0.6029,0.8206,0.7685,0.7489,0.8734,0.8541,0.712,0.8145,0.5985,0.5677,0.7147,0.6828
0827905028,0.5788,0.8052,0.7788,0.6859,0.8964,0.8493,0.7041,0.779,0.5874,0.6055,0.7203,0.649
0827905029,0.5829,0.8135,0.7804,0.7178,0.8831,0.864,0.6961,0.7907,0.5615,0.5452,0.6974,0.6277
0827905030,,,,,,,,,,0.4721,0.6403,0.5743
0827905031,,,,,,,,,,0.5111,0.6494,0.576
0827905032,,,,,,,,,,0.5622,0.6639,0.5402
0827906001,0.5586,0.7763,0.7383,0.6746,0.8316,0.7742,0.6233,0.7262,0.4397,0.5226,0.6441,0.5346
0827906002,0.5025,0.7169,0.6902,0.6137,0.7654,0.7423,0.5522,0.657,0.4244,0.4758,0.6276,0.5226
0827906003,0.5052,0.7329,0.6712,0.619,0.7815,0.7492,0.5547,0.6691,0.4165,0.4929,0.6216,0.5205
0827906004,0.5126,0.6872,0.6484,0.6149,0.7331,0.6982,0.5095,0.6081,0.4005,0.4226,0.5458,0.4415
0827906005,0.5036,0.7166,0.6917,0.6204,0.7941,0.7459,0.5584,0.6812,0.4278,0.4695,0.6368,0.5197
0827906006,0.4924,0.7489,0.7069,0.6364,0.8157,0.7398,0.5104,0.6845,0.4544,0.4626,0.6347,0.4967
0827906008,0.5392,0.7867,0.7225,0.6827,0.8203,0.7859,0.5999,0.7269,0.5109,0.4867,0.6538,0.5723
0827906009,0.5605,0.7715,0.7572,0.6818,0.8085,0.7636,0.6058,0.6996,0.4211,0.4917,0.6268,0.543
0827906010,0.564,0.7873,0.7665,0.7098,0.8464,0.7883,0.6151,0.7203,0.4395,0.4963,0.6621,0.556
0827906011,0.4507,0.6638,0.6492,0.5886,0.7197,0.6826,0.5159,0.6029,0.4179,0.4366,0.5757,0.4793
0827906012,0.5144,0.727,0.7005,0.6529,0.7976,0.7345,0.5614,0.685,0.4498,0.4578,0.6261,0.5333
0827906013,0.5456,0.743,0.7475,0.6519,0.7757,0.7333,0.5698,0.7195,0.4409,0.5161,0.633,0.5633
0827906014,0.4374,0.6667,0.6317,0.5696,0.6926,0.6583,0.4613,0.5826,0.3205,0.3847,0.5399,0.4129
0827906016,0.4491,0.6655,0.6432,0.5583,0.7277,0.6924,0.5214,0.6113,0.4193,0.4298,0.5733,0.4806
0827906018,0.5325,0.6793,0.6656,0.6112,0.7358,0.722,0.565,0.6556,0.3771,0.458,0.5857,0.4713
0827906020,0.4549,0.6455,0.6133,0.5724,0.6976,0.664,0.4486,0.5998,0.3438,0.4084,0.5445,0.4314
0827906023,0.4826,0.7164,0.6948,0.6097,0.8161,0.7396,0.5488,0.6889,0.4279,0.4475,0.6031,0.4877
0827906024,0.5014,0.76,0.7213,0.6363,0.8235,0.7768,0.5674,0.6982,0.4354,0.5134,0.6399,0.5377
0827906025,0.5185,0.7411,0.7092,0.636,0.7925,0.7509,0.566,0.6988,0.3916,0.4858,0.6335,0.5083
0827906026,0.4804,0.7535,0.6918,0.6271,0.8173,0.7441,0.5718,0.6804,0.4135,0.4816,0.6205,0.5272
0827906027,0.4903,0.7195,0.6828,0.5969,0.7705,0.7094,0.5031,0.6229,0.3416,0.4175,0.5682,0.4476
0827906028,0.5601,0.7983,0.7475,0.6773,0.8314,0.8018,0.5814,0.7229,0.4722,0.5372,0.6793,0.5788
0827906029,0.4915,0.7713,0.7344,0.6536,0.8493,0.7801,0.5551,0.6966,0.4005,0.4826,0.6403,0.5246
0827906030,0.4299,0.767,0.7417,0.6654,0.8536,0.7704,0.5424,0.735,0.4227,0.4779,0.674,0.5606
0827906031,0.5257,0.7035,0.6522,0.5986,0.7428,0.7052,0.5034,0.604,0.3901,0.4374,0.5572,0.4467
0827906032,0.4454,0.7874,0.6789,0.5699,0.8328,0.774,0.5398,0.7258,0.3599,0.4854,0.6389,0.5376
0827906033,0.5325,0.805,0.7731,0.6905,0.8749,0.8475,0.6164,0.7755,0.5043,0.5187,0.6912,0.5802
0827907001,,,,,,,,,,0.4585,0.6224,0.5466
0827907002,,,,,,0.7538,0.5271,0.6664,0.3917,0.4377,0.6133,0.4917
0827907003,,,,,,0.6508,0.4132,0.5695,0.3009,0.3534,0.4903,0.4
0827907004,,,,,,0.7548,0.5591,0.7132,0.4665,0.4783,0.6361,0.5508
0827907005,,,,,,,,,,0.5108,0.6793,0.5799
0828001001,0.789,0.8627,0.6634,0.6804,0.8713,0.8211,0.866,0.8172,0.7391,0.9469,0.75,0.8158
0828101001,0.6442,0.8409,0.7536,0.7252,0.897,0.847,0.7527,0.8036,0.6707,0.6258,0.7243,0.6854
0828101002,0.567,0.8025,0.6953,0.6465,0.8388,0.7794,0.6547,0.7281,0.6331,0.544,0.685,0.6386
0828101003,0.5517,0.8708,0.7761,0.7249,0.9099,0.8689,0.7137,0.8126,0.6741,0.5394,0.7387,0.6758
0828201001,0.5959,0.8467,0.7643,0.7085,0.8768,0.8453,0.7067,0.8008,0.6603,0.5581,0.7093,0.6448
0828201002,0.6086,0.8299,0.735,0.709,0.8643,0.8365,0.7024,0.7594,0.6761,0.5793,0.7105,0.6835
0828201003,0.6326,0.8618,0.7945,0.7175,0.8789,0.8445,0.6878,0.7849,0.6345,0.5491,0.7223,0.6264
0828201004,0.6206,0.8939,0.8027,0.7557,0.9126,0.8737,0.7098,0.8082,0.7007,0.5473,0.7248,0.6435
0828201005,0.592,0.8605,0.7818,0.6868,0.9088,0.8463,0.6917,0.8195,0.6792,0.544,0.707,0.6645
0828301001,0.5921,0.797,0.6775,0.6034,0.8297,0.7685,0.6858,0.7107,0.5606,0.5767,0.5873,0.5765
0828301002,0.581,0.8309,0.679,0.6385,0.8537,0.7889,0.7132,0.7498,0.5969,0.5517,0.6014,0.6338
0828301003,0.5534,0.8118,0.649,0.61,0.8564,0.8216,0.7172,0.7496,0.5355,0.5688,0.6127,0.582
0828301004,0.524,0.8181,0.6987,0.6147,0.8633,0.7793,0.6501,0.7432,0.507,0.5576,0.6336,0.5956
0828401001,0.573,0.7455,0.6831,0.6185,0.7933,0.7479,0.6253,0.6946,0.4774,0.5348,0.6157,0.5393
0828401002,0.4996,0.6755,0.6375,0.561,0.7685,0.7058,0.5857,0.6323,0.3886,0.4941,0.562,0.4592
0828401003,0.5358,0.7436,0.6558,0.5882,0.781,0.7313,0.5665,0.6593,0.4313,0.488,0.6203,0.4861
0828401004,0.5626,0.7298,0.6651,0.6189,0.7756,0.7191,0.6106,0.6793,0.4672,0.5119,0.6197,0.5111
0828402001,0.5189,0.7307,0.6518,0.6029,0.7803,0.7207,0.5604,0.6333,0.4244,0.4464,0.5831,0.4782
0828402002,0.4745,0.7002,0.629,0.5766,0.7693,0.6964,0.5459,0.64,0.3884,0.3655,0.5243,0.4201
0828402003,0.4685,0.7211,0.6407,0.5722,0.783,0.7096,0.532,0.6463,0.404,0.3855,0.5953,0.4722
0828501001,0.5097,0.7689,0.6199,0.5583,0.8256,0.7701,0.6585,0.7056,0.5284,0.433,0.5851,0.564
0828501002,0.5698,0.8173,0.6597,0.6224,0.8525,0.7959,0.6605,0.7388,0.5712,0.476,0.6233,0.6293
0828501004,0.4799,0.8007,0.6614,0.6048,0.8555,0.7876,0.6585,0.7307,0.4907,0.4263,0.6039,0.584
0828502001,0.5878,0.8101,0.644,0.6359,0.8269,0.7738,0.6906,0.7519,0.6259,0.5073,0.6171,0.61
0828502002,0.5688,0.8342,0.6856,0.6329,0.8765,0.8082,0.7235,0.7546,0.5994,0.5214,0.6394,0.6461
0828503001,0.564,0.8284,0.698,0.6352,0.8619,0.8032,0.6669,0.7517,0.5398,0.4429,0.6299,0.5912
0828503002,0.5507,0.808,0.6643,0.6486,0.833,0.7652,0.618,0.6996,0.4514,0.443,0.5963,0.5452
0828503003,0.5456,0.8361,0.7133,0.6412,0.8798,0.8122,0.6657,0.7472,0.5411,0.4862,0.6412,0.5951
0828601001,0.6521,0.8274,0.7392,0.6491,0.8683,0.7933,0.722,0.7408,0.5208,0.6362,0.6906,0.5934
0828601002,0.5304,0.7017,0.6193,0.5901,0.7551,0.6993,0.5747,0.6284,0.4362,0.4587,0.57,0.4502
0828701001,0.7044,0.8618,0.772,0.7023,0.8769,0.8297,0.7887,0.7994,0.6791,0.7252,0.7251,0.6887
0828801001,0.6214,0.714,0.6501,0.6052,0.7595,0.7136,0.6692,0.6504,0.4376,0.5501,0.5926,0.4862
0828901001,0.5566,0.832,0.7464,0.6909,0.8655,0.8232,0.708,0.7851,0.6388,0.5364,0.677,0.615
0828901002,0.4559,0.7686,0.7188,0.6579,0.8377,0.7864,0.6076,0.7171,0.5621,0.4757,0.679,0.5776
0828901003,0.4602,0.8132,0.7428,0.6571,0.866,0.8051,0.6267,0.7542,0.5458,0.4377,0.6542,0.5655
0828901004,0.5615,0.8483,0.7338,0.689,0.8712,0.8294,0.7121,0.777,0.6431,0.5791,0.7056,0.5977
0829001001,0.713,0.8679,0.7805,0.7419,0.8986,0.8403,0.7411,0.8096,0.6324,0.5768,0.7307,0.6697
0829101001,0.6654,0.8097,0.7361,0.6735,0.8653,0.7925,0.6963,0.7364,0.5605,0.5623,0.6356,0.5807
0829101002,0.6195,0.824,0.7405,0.6788,0.8771,0.8142,0.6745,0.7265,0.5151,0.5058,0.6599,0.5464
0829101003,0.5594,0.7665,0.7202,0.6635,0.8521,0.7916,0.6099,0.714,0.4425,0.5139,0.6567,0.5225
0829101004,0.4714,0.6808,0.618,0.5744,0.7987,0.7095,0.5446,0.6351,0.3943,0.4446,0.5867,0.4618
0829201001,0.7553,0.8281,0.735,0.681,0.8532,0.7863,0.7789,0.7412,0.6102,0.7436,0.6891,0.6242
0829301001,0.6266,0.8688,0.7168,0.7671,0.8879,0.8202,0.8646,0.7797,0.6962,0.5847,0.6613,0.6475
0829401001,0.5802,0.8147,0.6885,0.6546,0.8496,0.7969,,,,0.5597,0.6802,0.6038
0829401002,,,,,,,,,,0.3866,0.6107,0.5168
0829501001,0.5324,0.7281,0.6697,0.5993,0.788,0.7378,0.6033,0.709,0.5022,0.5208,0.6277,0.5404
0829501002,0.5669,0.7541,0.7068,0.6419,0.8194,0.771,0.6374,0.7222,0.4815,0.5311,0.6604,0.533
0829501003,0.5729,0.7847,0.7219,0.6649,0.855,0.8133,0.6413,0.7463,0.5531,0.519,0.6763,0.5885
0829501004,0.5731,0.7575,0.7152,0.659,0.8255,0.785,0.6758,0.7503,0.5323,0.5554,0.6965,0.582
0829501005,0.5588,0.7544,0.7172,0.6655,0.8107,0.7816,0.6177,0.7179,0.4719,0.4551,0.6031,0.462
0829501006,0.5601,0.7565,0.733,0.6343,0.8277,0.7521,0.5846,0.6995,0.4587,0.4685,0.666,0.5347
0829501007,,,,,,,,,0.4698,0.4203,0.6012,0.5109
0829501008,0.6263,0.798,0.7457,0.6954,0.8356,0.7828,0.5996,0.7463,0.5526,0.5184,0.6752,0.534
0829501009,,,,,,,,,0.4731,0.5253,0.6434,0.5047
0829501010,,,,,,,,,0.5067,0.4686,0.6689,0.5392
0829601001,0.6427,0.8572,0.7599,0.6961,0.8793,0.8247,0.7501,0.7555,0.6642,0.626,0.7061,0.6437
0829701001,0.7372,0.777,0.7246,0.6343,0.8333,0.8222,0.8705,0.7174,0.6667,0.7939,0.7099,0.6742
0829801001,0.6167,0.7917,0.6703,0.6461,0.8186,0.7823,0.7015,0.7329,0.5964,0.542,0.6242,0.6177
0829802001,0.59,0.8031,0.7114,0.6296,0.8283,0.781,0.7019,0.7357,0.6509,0.5395,0.6282,0.608
0829802002,0.5693,0.8534,0.7238,0.6809,0.8751,0.829,0.7232,0.7849,0.6373,0.5156,0.6819,0.6599
0829802003,0.61,0.8269,0.689,0.6664,0.8428,0.7759,0.69,0.7439,0.6161,0.5545,0.6328,0.6507
0829802004,0.5365,0.7948,0.6678,0.6251,0.8414,0.7966,0.6531,0.7256,0.5557,0.4846,0.5937,0.5635
0829802005,0.6052,0.798,0.7247,0.6611,0.855,0.7849,0.6913,0.7407,0.6086,0.5313,0.6302,0.6036
0829802006,0.5225,0.7742,0.6378,0.6194,0.8192,0.7733,0.636,0.7104,0.5616,0.4471,0.5743,0.566
0829803001,0.6538,0.8689,0.7169,0.7038,0.8725,0.8167,0.7457,0.7751,0.6754,0.5887,0.6638,0.6702
0829803003,0.5375,0.7958,0.6532,0.6258,0.8013,0.7446,0.6332,0.7086,0.5716,0.4913,0.6059,0.5681
0829803004,0.5797,0.7785,0.6583,0.5964,0.8139,0.7632,0.6683,0.7368,0.5431,0.5067,0.5956,0.5786
0829803005,0.5046,0.7123,0.6126,0.5478,0.7384,0.6932,0.5259,0.6218,0.3971,0.3868,0.4877,0.4398
0829803006,0.5103,0.7026,0.6212,0.5595,0.7581,0.725,0.5948,0.6611,0.5388,0.4744,0.5507,0.5217
0829803007,0.5993,0.8383,0.7163,0.6465,0.857,0.8209,0.7128,0.7892,0.66,0.5248,0.6506,0.6616
0829803008,0.4641,0.7176,0.6015,0.5444,0.7586,0.7033,0.5581,0.6449,0.4514,0.4054,0.5265,0.4713
0829803009,0.6208,0.8319,0.6752,0.6819,0.8508,0.8023,0.6733,0.7264,0.5552,0.5719,0.6386,0.5927
0829803010,0.6761,0.8632,0.7354,0.7541,0.8982,0.8482,0.787,0.8141,0.6696,0.5784,0.7109,0.7009
0829803011,0.4791,0.7061,0.5964,0.5358,0.7115,0.6576,0.5192,0.6037,0.4076,0.4161,0.5136,0.4486
0829803012,0.608,0.8749,0.7396,0.6917,0.8897,0.838,0.732,0.7701,0.6503,0.5629,0.6768,0.6747
0829803013,,,,,,0.7523,0.6482,0.7152,0.5903,0.4897,0.5841,0.596
0829804001,0.5687,0.7974,0.6552,0.6165,0.8363,0.7728,0.6615,0.7226,0.5864,0.4918,0.621,0.5825
0829804002,0.5321,0.7661,0.6488,0.5751,0.7886,0.7442,0.5814,0.6758,0.4776,0.4546,0.5773,0.5307
0829804003,0.5824,0.8296,0.7092,0.6348,0.8514,0.7947,0.6849,0.7622,0.6092,0.5254,0.6424,0.5939
0829804004,0.5089,0.7709,0.6423,0.5953,0.7808,0.737,0.6249,0.6772,0.5156,0.4355,0.5563,0.5418
0829805001,0.6775,0.8969,0.7288,0.6684,0.8782,0.8412,0.7902,0.8034,0.7216,0.6137,0.7189,0.6952
0829901001,0.8517,0.8376,0.6481,0.624,0.8792,0.8435,0.8674,0.7921,0.6533,0.8488,0.6915,0.7045
0830001001,0.686,0.8739,0.7899,0.75,0.9042,0.8716,0.7531,0.8488,0.692,0.648,0.7267,0.7002
0830001002,,,,,,0.8134,0.6458,0.7335,0.4896,0.5448,0.6904,0.5828
0830001003,0.5707,0.8041,0.7316,0.665,0.833,0.7805,0.6002,0.713,0.5765,0.5195,0.68,0.5842
0830001004,0.6654,0.8585,0.7672,0.7171,0.8913,0.8756,0.732,0.841,0.6683,0.6331,0.728,0.677
0830001006,0.6206,0.8312,0.7939,0.6782,0.892,0.8439,0.6754,0.7713,0.6071,0.5354,0.6988,0.6067
0830101001,0.5025,0.7384,0.6972,0.6296,0.7521,0.7003,0.5357,0.6813,0.4653,0.4832,0.6305,0.5677
0830101002,0.5034,0.7215,0.692,0.6196,0.8006,0.7487,0.5528,0.6976,0.4851,0.4622,0.6134,0.5004
0830101003,,,,,,,,,,0.553,0.7172,0.6107
0830101004,0.5932,0.8052,0.7865,0.7119,0.8466,0.8055,0.6355,0.7538,0.5344,0.5514,0.6976,0.6048
0830101005,0.5921,0.7762,0.7652,0.6922,0.8448,0.7866,0.6508,0.7309,0.5309,0.5213,0.6597,0.5916
0830101006,0.5178,0.7438,0.6994,0.6727,0.8171,0.7799,0.619,0.7128,0.4692,0.5226,0.6402,0.5711
0830101007,0.5354,0.7516,0.71,0.6392,0.826,0.7816,0.6036,0.7062,0.4728,0.492,0.6537,0.5388
0830101008,0.545,0.7503,0.7281,0.6799,0.8306,0.7714,0.6209,0.7122,0.5075,0.524,0.6606,0.5576
0830101009,0.536,0.7788,0.7251,0.6466,0.8265,0.7784,0.5899,0.7484,0.5245,0.5246,0.6601,0.549
0830101010,0.5129,0.7338,0.7158,0.6425,0.807,0.7533,0.573,0.695,0.408,0.4734,0.595,0.5101
0830101011,0.5663,0.7834,0.7548,0.6963,0.847,0.8256,0.6748,0.7792,0.5264,0.5569,0.7054,0.627
0830101012,0.5973,0.7975,0.7792,0.7085,0.8537,0.8087,0.6732,0.7826,0.5839,0.599,0.7331,0.6352
0830101013,0.5459,0.8434,0.8006,0.7153,0.8829,0.8301,0.6223,0.7787,0.5457,0.5769,0.7284,0.626
0830101014,0.565,0.7646,0.7516,0.6693,0.8356,0.7958,0.599,0.725,0.474,0.5107,0.6557,0.5646
0830101015,0.4674,0.6993,0.6506,0.5854,0.7753,0.7218,0.5045,0.6841,0.4273,0.4697,0.6327,0.5302
0830101016,0.612,0.8552,0.8374,0.7834,0.9164,0.8745,0.7062,0.8361,0.6328,0.5888,0.7645,0.6736
0830101017,,,,,,,,,,0.5177,0.7114,0.5891
0830101018,,,,,,,,,,0.6236,0.7628,0.6486
0830102001,0.479,0.672,0.6556,0.5757,0.7546,0.6788,0.494,0.6258,0.4122,0.4344,0.592,0.4729
0830102002,0.5324,0.7053,0.7102,0.6116,0.7655,0.7123,0.5508,0.6813,0.4554,0.4788,0.634,0.5468
0830102003,0.5787,0.8151,0.7733,0.7105,0.856,0.8323,0.6362,0.7744,0.5769,0.5299,0.7516,0.6474
0830102004,0.497,0.7442,0.7042,0.6561,0.8273,0.7599,0.5666,0.7062,0.456,0.4775,0.639,0.5126
0830102005,0.5585,0.7557,0.7309,0.6949,0.8094,0.7757,0.5931,0.7305,0.5065,0.5346,0.7105,0.5864
0830102006,0.5044,0.7316,0.7215,0.6407,0.7842,0.7373,0.5602,0.6913,0.3857,0.4784,0.6339,0.4956
0830102007,0.4606,0.7175,0.6882,0.6089,0.7957,0.7271,0.525,0.6631,0.406,0.4496,0.601,0.487
0830102008,0.531,0.8022,0.7562,0.7088,0.8613,0.7875,0.5931,0.7348,0.4801,0.5135,0.697,0.5741
0830102009,0.5352,0.7093,0.6896,0.6473,0.7871,0.7415,0.5268,0.6988,0.386,0.4693,0.6305,0.527
0830102010,0.4741,0.6909,0.7007,0.6162,0.7892,0.745,0.5438,0.7054,0.4478,0.4575,0.6039,0.5157
0830102011,0.5502,0.7995,0.741,0.6879,0.8635,0.8081,0.5964,0.7476,0.4815,0.5261,0.7027,0.6097
0830102012,0.5093,0.7331,0.7079,0.6321,0.8012,0.7519,0.5613,0.7039,0.4268,0.5038,0.6625,0.5371
0830102013,0.5357,0.7631,0.7252,0.6709,0.8234,0.7766,0.5708,0.6932,0.4254,0.5265,0.6509,0.5363
0830102014,0.4969,0.7466,0.7237,0.6461,0.809,0.7588,0.5672,0.6935,0.4542,0.4512,0.6307,0.5326
0830102015,0.554,0.7745,0.7451,0.7036,0.8178,0.7772,0.584,0.7386,0.4661,0.5024,0.6599,0.5732
0830102016,0.5533,0.834,0.7964,0.6989,0.8673,0.8605,0.6311,0.785,0.4872,0.521,0.7161,0.5907
0830102017,0.5065,0.7553,0.7137,0.6738,0.8355,0.7945,0.5787,0.7233,0.4631,0.5384,0.6788,0.576
0830102018,0.4553,0.6585,0.6594,0.5847,0.713,0.7028,0.4969,0.6495,0.3597,0.4065,0.5528,0.4583
0830102019,0.5699,0.7551,0.7532,0.6716,0.819,0.7482,0.5855,0.7107,0.4482,0.5306,0.661,0.5643
0830102020,0.5758,0.7907,0.7649,0.6948,0.8591,0.8174,0.6123,0.7469,0.5514,0.5073,0.7056,0.6001
0830102021,0.5358,0.7748,0.7257,0.6648,0.8408,0.7942,0.5884,0.7384,0.4331,0.4817,0.6507,0.5292
0830102022,0.5598,0.8171,0.7759,0.6966,0.8554,0.7477,0.6252,0.7631,0.5421,0.5377,0.7026,0.6042
0830102023,0.539,0.8265,0.7804,0.7349,0.8274,0.7713,0.6015,0.7434,0.553,0.5294,0.7188,0.6389
0830102024,0.4914,0.7609,0.6957,0.6308,0.8322,0.7736,0.5544,0.7124,0.4987,0.5364,0.6793,0.5685
0830102025,0.5054,0.7754,0.7347,0.6479,0.8393,0.7923,0.5592,0.7356,0.4743,0.5172,0.6746,0.564
0830102026,0.6561,0.8545,0.8106,0.7469,0.8681,0.8359,0.6457,0.8026,0.5227,0.5661,0.7141,0.6425
0830102027,0.5458,0.7727,0.7785,0.6742,0.8406,0.8138,0.6206,0.7754,0.5168,0.4975,0.7273,0.5718
0830102028,0.5737,0.858,0.813,0.7419,0.9287,0.8627,0.6704,0.8398,0.6109,0.5625,0.7484,0.6622
0830102029,0.5943,0.8752,0.7974,0.7188,0.9085,0.8657,0.6413,0.8028,0.606,0.5483,0.7077,0.6154
0830201001,0.5596,0.7361,0.6892,0.6088,0.7909,0.7109,0.6208,0.6746,0.4376,0.545,0.625,0.5132
0830201002,0.5819,0.736,0.6932,0.6465,0.8159,0.7543,0.6286,0.7111,0.4619,0.5519,0.6315,0.5141
0830201003,0.5961,0.7476,0.699,0.6264,0.8323,0.7333,0.6449,0.6764,0.4489,0.5453,0.6284,0.5121
0830201004,0.6016,0.7829,0.7506,0.6768,0.8228,0.7786,0.6723,0.7182,0.4641,0.5764,0.6826,0.5681
0830201005,0.6374,0.771,0.7248,0.6552,0.8305,0.7492,0.647,0.6854,0.4563,0.5664,0.6225,0.5012
0830201006,0.575,0.7572,0.7079,0.6285,0.8326,0.7439,0.6424,0.6923,0.4849,0.5661,0.6423,0.5482
0830201007,0.6088,0.7688,0.7271,0.6661,0.8223,0.7571,0.635,0.6915,0.4576,0.5478,0.6382,0.5402
0830301001,0.7826,0.8723,0.741,0.7044,0.8981,0.8398,0.8295,0.8054,0.7262,0.8172,0.6502,0.6292
0830401001,0.773,0.8512,0.7101,0.6921,0.8766,0.8407,0.825,0.7968,0.6425,0.7515,0.7118,0.7047
0830501001,0.6003,0.7839,0.692,0.6428,0.8214,0.7613,0.6467,0.7103,0.5441,0.5707,0.6334,0.5995
0830501002,0.5739,0.776,0.704,0.6577,0.8254,0.7778,0.6501,0.7227,0.5412,0.5403,0.6424,0.5655
0830501003,0.5731,0.7387,0.629,0.5924,0.7813,0.7648,0.6481,0.6939,0.5581,0.5535,0.609,0.6077
0830502001,0.5493,0.7358,0.6777,0.6401,0.7858,0.7513,0.629,0.7021,0.4732,0.529,0.6175,0.5112
0830502002,0.5366,0.7756,0.7153,0.687,0.849,0.8063,0.6879,0.7629,0.5426,0.5442,0.6798,0.6182
0830502003,0.5256,0.7262,0.6491,0.6064,0.7656,0.7184,0.5642,0.6802,0.47,0.4951,0.5605,0.511
0830502004,0.5294,0.7265,0.6437,0.6097,0.7686,0.6966,0.5651,0.6578,0.5009,0.4881,0.5864,0.5191
0830502005,0.6235,0.8018,0.6977,0.6352,0.822,0.7943,0.7062,0.7337,0.6016,0.6005,0.675,0.6397
0830502006,0.5221,0.7182,0.6587,0.5839,0.7603,0.7281,0.5694,0.6655,0.4391,0.4655,0.5799,0.4857
0830503001,0.5828,0.7964,0.691,0.6538,0.8032,0.776,0.6478,0.7205,0.5455,0.5287,0.6444,0.5692
0830503002,,,,,,,,,0.5534,0.5528,0.6223,0.5824
0830503003,0.5681,0.7706,0.6839,0.6226,0.8013,0.744,0.6054,0.6969,0.5654,0.5401,0.6673,0.5883
0830503004,0.6181,0.8403,0.7493,0.6956,0.8776,0.8339,0.701,0.7699,0.6213,0.5635,0.6792,0.6446
0830504001,0.6339,0.8476,0.7571,0.7158,0.8715,0.8407,0.7269,0.7783,0.6227,0.5947,0.6896,0.6586
0830504002,0.6522,0.8228,0.7391,0.7201,0.8549,0.8341,0.7367,0.769,0.6356,0.6075,0.693,0.6556
0830504003,0.5885,0.8173,0.708,0.6895,0.828,0.7812,0.6769,0.7577,0.5682,0.5319,0.6629,0.6055
0830504004,0.5879,0.8052,0.6993,0.6487,0.8276,0.795,0.7033,0.74,0.5777,0.5899,0.6854,0.6629
0830504005,0.5662,0.813,0.7063,0.6528,0.8423,0.8164,0.6839,0.7637,0.5787,0.5541,0.679,0.6651
0830504006,0.654,0.8195,0.7188,0.6706,0.8588,0.8004,0.7276,0.7686,0.6364,0.6123,0.7019,0.6516
0830504007,0.6282,0.8564,0.7714,0.724,0.9056,0.8437,0.7089,0.7923,0.67,0.5569,0.7096,0.6854
0830504008,0.5354,0.7844,0.7297,0.6725,0.8588,0.8168,0.6623,0.7708,0.5839,0.5461,0.6775,0.6265
0830504009,0.5694,0.8289,0.7469,0.6859,0.8791,0.8386,0.6709,0.788,0.58,0.5334,0.7119,0.6208
0830601001,0.5505,0.7515,0.6963,0.5909,0.7819,0.74,0.6358,0.6879,0.5368,0.7291,0.6255,0.5335
0830701001,0.5882,0.8075,0.7458,0.7035,0.8431,0.8117,0.6585,0.7306,0.532,0.5787,0.7024,0.6188
0830701002,0.6039,0.8418,0.7742,0.7061,0.8885,0.8584,0.7073,0.7884,0.5871,0.6273,0.7445,0.6908
0830701003,0.5997,0.7765,0.7055,0.6768,0.8223,0.7771,0.654,0.736,0.5659,0.5479,0.6833,0.6339
0830701004,0.5979,0.781,0.7177,0.6688,0.8246,0.781,0.6683,0.7139,0.549,0.569,0.6548,0.6313
0830701005,0.6378,0.8068,0.7408,0.7072,0.7974,0.7824,0.6926,0.7533,0.6003,0.61,0.7104,0.6511
0830701006,0.6011,0.7931,0.7436,0.6952,0.8292,0.7885,0.654,0.7236,0.5638,0.5741,0.6984,0.6069
0830701007,0.5672,0.7629,0.715,0.6701,0.806,0.7842,0.6212,0.74,0.5343,0.5344,0.6819,0.593
0830701008,0.6071,0.7916,0.7368,0.689,0.8355,0.7884,0.6407,0.7298,0.5496,0.5432,0.6826,0.6004
0830701009,0.5955,0.814,0.7502,0.7338,0.8777,0.8246,0.6894,0.7748,0.5956,0.56,0.6945,0.6441
0830701010,0.6238,0.8353,0.7449,0.7211,0.8617,0.8426,0.7163,0.7872,0.5961,0.5788,0.7045,0.6484
0830701011,0.5522,0.7485,0.7301,0.6475,0.8119,0.7656,0.613,0.713,0.487,0.5445,0.687,0.5645
0830702001,0.553,0.7965,0.6969,0.6465,0.8245,0.7939,0.643,0.7373,0.5935,0.4847,0.6439,0.5896
0830702002,0.592,0.7956,0.7431,0.6829,0.836,0.7752,0.649,0.7375,0.5552,0.5491,0.703,0.6137
0830702003,,,0.7071,,0.8266,0.7557,0.5969,0.7191,0.5494,0.462,0.6241,0.5396
0830702004,0.5729,0.7472,0.6886,0.6487,0.8068,0.7613,0.6276,0.6987,0.5323,0.5113,0.6495,0.5914
0830702006,0.5722,0.7496,0.7136,0.6518,0.8015,0.7599,0.6167,0.688,0.5168,0.5249,0.6588,0.5786
0830702007,0.5377,0.7443,0.6855,0.6497,0.7769,0.7456,0.6115,0.7006,0.4986,0.4827,0.6442,0.5394
0830702008,,,,,,,,,,0.5489,0.6954,0.6739
0830703001,0.5473,0.7312,0.6712,0.619,0.7795,0.7821,0.6406,0.72,0.5656,0.5807,0.6841,0.6223
0830703002,0.5561,0.77,0.6712,0.6514,0.8158,0.7739,0.6473,0.7328,0.5803,0.5097,0.6726,0.6235
0830703003,0.6018,0.7791,0.7302,0.675,0.8416,0.7923,0.6648,0.7427,0.5483,0.5695,0.6782,0.6437
0830703004,0.5011,0.7023,0.6338,0.577,0.7533,0.725,0.5487,0.634,0.4512,0.4795,0.6285,0.5222
0830703005,0.5,0.7008,0.6521,0.5817,0.7218,0.6702,0.4867,0.6107,0.4142,0.4109,0.5696,0.456
0830704001,0.6635,0.7955,0.7205,0.6888,0.8438,0.8059,0.6928,0.7514,0.5789,0.5201,0.6751,0.5852
0830704002,0.5727,0.7409,0.6902,0.6456,0.7842,0.7821,0.6496,0.7278,0.5795,0.5324,0.6848,0.5889
0830704003,0.5223,0.6995,0.6285,0.6013,0.7416,0.7305,0.6055,0.6987,0.5284,0.4879,0.6445,0.5139
0830704004,0.5317,0.7177,0.6645,0.6148,0.7677,0.7216,0.5931,0.6535,0.4772,0.5108,0.6308,0.5539
0830704005,0.5892,0.8152,0.7386,0.7101,0.8284,0.7937,0.6872,0.7674,0.5691,0.5741,0.7088,0.6482
0830704006,0.554,0.7506,0.6898,0.6441,0.8126,0.7693,0.6137,0.6979,0.4813,0.5086,0.6555,0.5632
0830704007,,,,,,,,,,0.5429,0.6777,0.5784
0830704008,0.4942,0.7132,0.6662,0.62,0.7689,0.7425,0.5467,0.6737,0.4159,0.4567,0.6331,0.5081
0830704009,0.6037,0.8106,0.7568,0.7183,0.8673,0.8303,0.6897,0.7257,0.5612,0.578,0.7172,0.6048
0830704010,0.5591,0.7724,0.7375,0.6974,0.8362,0.7901,0.6221,0.7253,0.5188,0.5253,0.6752,0.5798
0830704011,0.5046,0.7149,0.6608,0.6236,0.7748,0.7286,0.5706,0.651,0.4137,0.4598,0.596,0.4834
0830704012,0.5707,0.7924,0.7429,0.6936,0.8609,0.8245,0.6849,0.7615,0.6179,0.5844,0.7322,0.6529
0830704013,0.5941,0.8327,0.7734,0.6812,0.8723,0.842,0.6881,0.7521,0.616,0.6112,0.7479,0.6722
0830704014,0.5641,0.8049,0.7569,0.689,0.8595,0.8296,0.6642,0.7485,0.565,0.5729,0.7271,0.6457
0830704015,0.6105,0.8377,0.7573,0.7207,0.8602,0.8135,0.6985,0.7876,0.6145,0.6231,0.729,0.6789
0830704016,0.3278,0.5566,0.5087,0.4685,0.6397,0.554,0.3863,0.4938,0.2798,0.314,0.457,0.3193
0830704017,,,,,,,,,,0.4805,0.6432,0.5476
0830801001,0.8519,0.8931,0.7557,0.6641,0.8582,0.8613,0.8261,0.7842,0.7482,0.8134,0.6866,0.7426
0890101001,0.8697,0.9,0.7371,0.652,0.9264,0.8458,0.8388,0.8333,0.7714,0.8439,0.7553,0.7457
0890201001,0.6391,0.8568,0.7563,0.7019,0.8713,0.8284,0.7207,0.7863,0.5778,0.6694,0.7121,0.6116
0890201002,,,,,,0.8014,0.6733,0.7525,0.5636,0.5937,0.6754,0.5783
0890201003,,,,,,0.7808,0.6217,0.7128,0.5439,0.5217,0.6654,0.5754
0890301001,0.7429,0.9249,0.784,0.7757,0.9257,0.8985,0.8333,0.9005,0.8488,0.7678,0.8365,0.8522
0890401001,0.5984,0.7439,0.7515,0.6679,0.8267,0.7727,0.6086,0.7073,0.4435,0.5184,0.6431,0.5169
0890401002,0.4795,0.6427,0.6509,0.6018,0.7428,0.7276,0.5046,0.6237,0.339,0.434,0.5799,0.4573
0890401003,0.5377,0.7211,0.7001,0.6034,0.7792,0.7191,0.5451,0.6402,0.3721,0.5139,0.5987,0.4867
0890401004,0.4767,0.6772,0.6707,0.5954,0.7662,0.6837,0.4845,0.6176,0.3646,0.4135,0.5719,0.4147
0890401005,0.5189,0.6908,0.6785,0.5786,0.7691,0.7251,0.4978,0.6696,0.4171,0.4639,0.591,0.4589
0890401006,0.4991,0.7147,0.7069,0.6191,0.7948,0.7373,0.5305,0.69,0.441,0.4736,0.6059,0.5201
0890401007,0.5214,0.724,0.7193,0.6589,0.8112,0.7426,0.5444,0.6671,0.4217,0.4644,0.6075,0.491
0890401008,0.5023,0.7104,0.6741,0.6012,0.7552,0.7044,0.5285,0.6315,0.3922,0.4509,0.5733,0.4878
0890401009,0.4911,0.702,0.6882,0.6159,0.7541,0.7086,0.5135,0.6514,0.3915,0.5181,0.6111,0.4814
0890401010,0.5981,0.7798,0.7575,0.7028,0.8239,0.7992,0.6209,0.7286,0.4527,0.5396,0.6573,0.5769
0890401011,0.5145,0.7519,0.7338,0.6464,0.8056,0.745,0.5573,0.6946,0.4145,0.4994,0.6173,0.5176
0890401012,0.5852,0.7766,0.7541,0.653,0.8215,0.769,0.5826,0.7326,0.4458,0.5103,0.6583,0.5098
0890501001,0.6517,0.8461,0.7778,0.7282,0.8823,0.8599,0.7423,0.8146,0.6582,0.6632,0.7306,0.6808
0890501002,0.6657,0.8508,0.7743,0.7108,0.8461,0.8226,0.7194,0.7922,0.6332,0.6343,0.7013,0.6322
1700101001,0.766,0.8325,0.7128,0.6882,0.8359,0.7914,0.7833,0.7443,0.6594,0.727,0.6777,0.6252
1700201001,0.8004,0.8962,0.7716,0.7212,0.9037,0.8706,0.8526,0.8253,0.7433,0.7624,0.681,0.7017
1700301001,0.7818,0.8431,0.6961,0.6442,0.8617,0.7353,0.7547,0.8252,0.6875,0.7193,0.6147,0.5625
1700401001,0.5095,0.8735,0.7275,0.6543,0.8774,0.8349,0.7276,0.7769,0.6738,0.4417,0.6798,0.6661
1700501001,0.5268,0.7681,0.6559,0.6223,0.8154,0.7304,0.824,0.7046,0.597,0.5551,0.6325,0.6159
1700601001,0.617,0.7991,0.6454,0.6087,0.8282,0.742,0.6777,0.7012,0.5985,0.5804,0.62,0.5529
1700701001,0.6964,0.8463,0.7139,0.688,0.8751,0.8162,0.7699,0.7754,0.6309,0.5723,0.6402,0.6682
1700801001,0.6329,0.7776,0.6618,0.6069,0.8132,0.7585,0.6993,0.7155,0.5506,0.4762,0.5962,0.5613
1700801002,0.643,0.7894,0.6663,0.6046,0.8355,0.7706,0.7133,0.7186,0.5609,0.4484,0.568,0.5767
1700801003,0.6297,0.7936,0.6697,0.5951,0.8615,0.7728,0.7081,0.7245,0.5678,0.4087,0.5831,0.5771
1700901001,0.7247,0.8432,0.6658,0.6454,0.8488,0.7937,0.7458,0.7391,0.5804,0.5908,0.6451,0.5886
1700901002,0.7309,0.8424,0.7041,0.6432,0.8558,0.7978,0.7624,0.7605,0.5929,0.5826,0.6413,0.6169
1700902001,0.6532,0.8465,0.6869,0.6415,0.8625,0.8357,0.7596,0.7607,0.6178,0.5607,0.6449,0.6115
1701001001,0.6172,0.8795,0.7485,0.6667,0.875,0.8073,0.6727,0.759,0.6364,0.4884,0.6551,0.6354
1701101001,0.5966,0.8769,0.7167,0.697,0.8991,0.8356,0.7184,0.8031,0.7355,0.7346,0.7274,0.7171
1701201001,0.5632,0.8004,0.6681,0.614,0.8282,0.7822,0.6273,0.7191,0.5673,0.3753,0.65,0.5787
1701301001,0.5817,0.7711,0.6593,0.6044,0.8283,0.7798,0.6535,0.7079,0.5442,0.5573,0.6475,0.5799
1701301002,0.694,0.8117,0.7722,0.6618,0.843,0.7974,0.7048,0.725,0.5974,0.6455,0.6864,0.5948
1701301003,0.7254,0.8134,0.6949,0.6684,0.8403,0.7863,0.7719,0.7416,0.584,0.6796,0.6738,0.6017
1701401001,0.8611,0.9032,0.7705,0.75,0.8125,0.8095,0.8551,0.7727,0.6452,0.72,0.7647,0.6567
1701501001,0.6012,0.7979,0.6434,0.5968,0.8012,0.7406,0.6868,0.7066,0.571,0.5379,0.6107,0.5979
1701501002,0.6568,0.8336,0.7255,0.6403,0.8579,0.8132,0.747,0.7901,0.6598,0.6,0.6891,0.6549
1701501003,0.5767,0.8279,0.6215,0.5573,0.8335,0.7943,0.7006,0.7444,0.5979,0.549,0.6145,0.598
1701501004,0.593,0.7798,0.6628,0.629,0.8243,0.7694,0.6983,0.7278,0.5664,0.5609,0.6289,0.592
1701501005,0.6157,0.8431,0.6788,0.6232,0.8723,0.8114,0.7155,0.7658,0.5967,0.576,0.6539,0.6592
1701502001,0.6625,0.8544,0.7109,0.6419,0.8584,0.8123,0.7402,0.7828,0.6693,0.6231,0.6767,0.6692
1701502002,0.6735,0.8366,0.7443,0.6907,0.8755,0.8384,0.7487,0.7812,0.6746,0.6331,0.6831,0.6972
1701502003,0.6654,0.8317,0.6971,0.6397,0.8612,0.7768,0.7274,0.7567,0.6321,0.5823,0.6516,0.6385
1701502004,0.6474,0.7996,0.6722,0.6471,0.8026,0.787,0.7037,0.7286,0.6122,0.5789,0.6372,0.6356
1701502005,0.6617,0.8745,0.7414,0.6982,0.8938,0.8586,0.7921,0.8342,0.7358,0.6002,0.7147,0.702
1701503001,0.6379,0.8476,0.7103,0.6348,0.8698,0.8216,0.7514,0.7875,0.6421,0.5631,0.6593,0.6525
1701503002,0.4862,0.6606,0.5865,0.5049,0.7216,0.6793,0.61,0.594,0.4771,0.4847,0.5209,0.472
1701601001,0.7125,0.846,0.7169,0.684,0.8782,0.8122,0.7953,0.7734,0.6414,0.4156,0.6574,0.6163
1701801001,0.505,0.8566,0.7275,0.6812,0.8706,0.8198,0.8227,0.7632,0.6886,0.3948,0.6456,0.6711
1701901001,0.5783,0.8485,0.7189,0.6766,0.8771,0.8251,0.7652,0.7882,0.6519,0.6779,0.6838,0.674
1702001001,0.7188,0.846,0.7107,0.6353,0.8725,0.8173,0.7704,0.7714,0.6409,0.6163,0.6565,0.6618
1702001002,0.6555,0.8592,0.7054,0.6343,0.871,0.8072,0.6961,0.752,0.5938,0.4897,0.6006,0.6263
1702001003,0.7306,0.8603,0.7002,0.6695,0.8999,0.8362,0.7872,0.7916,0.6427,0.6493,0.6679,0.6499
1702101001,0.8477,0.8201,0.637,0.6565,0.9174,0.8033,0.7926,0.7479,0.6529,0.6471,0.6197,0.5778
1702201002,0.5716,0.7969,0.6944,0.654,0.8138,0.7862,0.6755,0.7147,0.5604,0.5497,0.6253,0.5624
1702201003,0.5138,0.7617,0.6522,0.5874,0.8179,0.7561,0.62,0.6951,0.5404,0.5184,0.626,0.5768
1702201004,0.5611,0.8239,0.694,0.6327,0.8682,0.8233,0.6779,0.7503,0.5925,0.5372,0.6459,0.6016
1702202001,0.5555,0.7481,0.6646,0.5974,0.8168,0.7642,0.6424,0.6978,0.569,0.519,0.5933,0.5401
1702202002,0.5499,0.7376,0.6136,0.5698,0.7855,0.7164,0.6149,0.6464,0.4747,0.5359,0.5626,0.5017
1702202003,0.5815,0.7617,0.6726,0.5972,0.8008,0.7248,0.6389,0.6658,0.5482,0.5599,0.6388,0.5512
1702301001,0.5932,0.7878,0.7243,0.7042,0.8168,0.7646,0.6686,0.7168,0.622,0.5675,0.6863,0.6202
1702301002,0.6289,0.8137,0.7121,0.6717,0.8057,0.7853,0.6591,0.743,0.5859,0.5619,0.6603,0.6107
1702301004,0.5443,0.7256,0.6707,0.6302,0.7484,0.7172,0.5662,0.6745,0.4773,0.451,0.5753,0.5099
1702301006,0.4337,0.6925,0.6484,0.5938,0.7294,0.6908,0.521,0.6131,0.4166,0.3972,0.5848,0.4561
1702301007,0.5838,0.8446,0.724,0.6618,0.8451,0.8205,0.6884,0.7618,0.6314,0.5338,0.7111,0.6373
1702302001,0.5837,0.7613,0.6764,0.6467,0.7921,0.7509,0.622,0.7029,0.5018,0.5055,0.6307,0.5683
1702302002,0.5024,0.6881,0.6501,0.6183,0.7611,0.7305,0.5839,0.6841,0.489,0.4421,0.6195,0.5233
1702302003,0.4888,0.694,0.6587,0.5877,0.7606,0.7123,0.5087,0.627,0.414,0.438,0.6166,0.4702
1702302004,0.5442,0.7455,0.6895,0.6313,0.7817,0.7275,0.5744,0.6789,0.4661,0.483,0.6393,0.5275
1702302005,0.54,0.7261,0.6756,0.6033,0.8047,0.7563,0.584,0.6939,0.4613,0.4687,0.6486,0.5034
1702302006,0.6042,0.7954,0.7392,0.6891,0.8552,0.8447,0.6938,0.7566,0.5937,0.548,0.6968,0.6246
1702302007,0.5667,0.7681,0.7109,0.6548,0.8019,0.7774,0.606,0.69,0.4658,0.4905,0.6653,0.5108
1702302008,0.5864,0.8173,0.7544,0.6898,0.848,0.8164,0.6762,0.7822,0.5791,0.5797,0.765,0.6448
1702302009,0.5727,0.7814,0.7364,0.6944,0.7924,0.761,0.6291,0.7252,0.4613,0.5195,0.648,0.5298
1702302010,0.4569,0.6254,0.6184,0.5589,0.7045,0.6645,0.4635,0.5945,0.3812,0.3853,0.5414,0.4285
1702302011,0.5323,0.7525,0.6889,0.6091,0.805,0.7625,0.5741,0.6987,0.4412,0.4546,0.6468,0.5192
1702302012,0.5341,0.7238,0.6634,0.6248,0.7504,0.7471,0.5527,0.6647,0.4763,0.4503,0.6119,0.51
1702302013,0.5363,0.7975,0.7118,0.6261,0.8154,0.7913,0.6078,0.7098,0.4924,0.5128,0.7035,0.5864
1702303001,0.5522,0.7305,0.6925,0.6164,0.7872,0.7333,0.5481,0.6552,0.4234,0.4213,0.5951,0.4806
1702303002,0.5728,0.7129,0.6873,0.6608,0.7779,0.714,0.5754,0.662,0.408,0.4484,0.5803,0.4549
1702303003,0.5587,0.7255,0.7014,0.6083,0.8003,0.7561,0.5836,0.6752,0.4444,0.4902,0.634,0.5281
1702303004,0.5088,0.7274,0.7024,0.621,0.7745,0.7245,0.5587,0.6488,0.4766,0.4444,0.6172,0.5044
1702401001,0.7811,0.8007,0.6308,0.5709,0.8179,0.8,0.8904,0.7224,0.7075,0.8401,0.75,0.6412
1702501001,0.659,0.8574,0.742,0.6993,0.888,0.8308,0.743,0.7978,0.7026,0.6571,0.696,0.697
1702601001,0.6144,0.8694,0.7108,0.6801,0.8883,0.8287,0.7166,0.7668,0.6947,0.7391,0.6931,0.7018
1702701001,0.6864,0.8367,0.6955,0.6714,0.8731,0.8169,0.7281,0.7714,0.5799,0.5499,0.6471,0.5891
1702701002,0.6982,0.8405,0.7171,0.673,0.8788,0.8436,0.7667,0.7967,0.6132,0.589,0.6565,0.639
1702801001,0.781,0.8073,0.703,0.6997,0.8807,0.8013,0.8788,0.7273,0.6314,0.5858,0.683,0.6526
1702901001,0.771,0.8109,0.6453,0.6135,0.8439,0.804,0.8599,0.744,0.6402,0.7762,0.695,0.7065
1703001001,0.7542,0.796,0.6667,0.624,0.8264,0.7369,0.8048,0.7034,0.5672,0.7595,0.6489,0.5706
1703101001,1.0,0.7904,0.6337,0.5774,0.8172,0.7143,0.4974,0.6573,0.4639,0.324,0.6,0.5114
1703201001,0.6309,0.7321,0.6048,0.5619,0.7447,0.709,0.7148,0.6527,0.5192,0.5459,0.5892,0.4995
1703301001,0.6271,0.7812,0.6892,0.6465,0.8294,0.7617,0.6878,0.707,0.5365,0.5683,0.6194,0.5658
1703301002,0.5,0.7571,0.6415,0.5883,0.8129,0.7196,0.5592,0.6455,0.43,0.421,0.5732,0.4741
1703301003,0.667,0.8006,0.7251,0.6753,0.8645,0.8111,0.7211,0.7718,0.576,0.643,0.6738,0.6213
1703301004,0.4779,0.7431,0.6049,0.5588,0.784,0.6987,0.5257,0.6471,0.4207,0.4025,0.5421,0.4579
1703401001,0.5437,0.7346,0.6531,0.5929,0.7787,0.7327,0.6377,0.6587,0.5013,0.5318,0.6244,0.5478
1703401002,0.5239,0.7596,0.6353,0.5935,0.7682,0.742,0.6147,0.6636,0.5369,0.4618,0.6166,0.5736
1703401003,0.4818,0.7838,0.6625,0.606,0.8404,0.7713,0.6267,0.7192,0.5544,0.5022,0.6584,0.6078
1703401004,0.5568,0.7675,0.6821,0.6128,0.8143,0.7367,0.6005,0.6518,0.5021,0.4692,0.6054,0.5251
1703401005,0.4589,0.7486,0.6401,0.6016,0.7995,0.7199,0.5654,0.6537,0.4734,0.422,0.5854,0.537
1703501001,0.8107,0.8944,0.7353,0.6953,0.9084,0.8364,0.8485,0.8217,0.7367,0.6533,0.7279,0.7648
1703601001,0.6787,0.8733,0.7322,0.6852,0.879,0.828,0.7335,0.7767,0.5978,0.6808,0.6965,0.6808
1703601002,0.6258,0.808,0.6271,0.5956,0.8421,0.7689,0.7004,0.7182,0.538,0.6258,0.6312,0.611
1703601003,0.5913,0.7722,0.6562,0.6106,0.8222,0.7419,0.6836,0.6982,0.5447,0.5855,0.5917,0.5726
1703701001,0.8058,0.8846,0.625,0.6635,0.9118,0.8596,0.8534,0.7679,0.6491,0.9055,0.7209,0.8231
1703801001,0.5833,0.9044,0.6911,0.6393,0.8997,0.8211,0.8298,0.8037,0.7395,0.8095,0.6906,0.7361
1703901001,0.7668,0.8508,0.7096,0.6774,0.8729,0.8079,0.7776,0.7631,0.6634,0.702,0.6605,0.657
1703901002,0.7273,0.8241,0.6744,0.6267,0.816,0.7761,0.7704,0.7457,0.5601,0.6652,0.646,0.6252
1704001001,0.7886,0.8903,0.7286,0.6462,0.9076,0.8439,0.8262,0.7985,0.6543,0.729,0.6327,0.686
1704101001,0.6953,0.8341,0.6791,0.5963,0.823,0.7615,0.6781,0.6912,0.6103,0.6026,0.6622,0.619
1704201001,0.5957,0.784,0.6957,0.6492,0.8225,0.7672,0.7033,0.7293,0.628,0.6476,0.6475,0.5684
1704301001,0.8599,0.8758,0.7532,0.7578,0.8466,0.8084,0.8757,0.8061,0.7875,0.8663,0.7719,0.7182
1704401001,0.6353,0.8797,0.754,0.6867,0.9056,0.8467,0.7495,0.8016,0.6466,0.638,0.6853,0.669
1704401002,0.5677,0.8058,0.6852,0.6383,0.8399,0.7642,0.7071,0.7518,0.5744,0.5822,0.6458,0.6108
1704402001,0.5641,0.8035,0.6748,0.6256,0.8325,0.7786,0.6746,0.7278,0.5362,0.5251,0.6106,0.5587
1704402002,0.554,0.8097,0.6682,0.6354,0.829,0.7738,0.6801,0.7296,0.5682,0.587,0.6476,0.6093
1704402003,0.63,0.8597,0.7437,0.701,0.8968,0.8228,0.7504,0.7944,0.6632,0.6427,0.7054,0.7199
1704601001,0.7286,0.828,0.694,0.6402,0.8619,0.8085,0.7552,0.7574,0.5933,0.6537,0.6597,0.6061
1704701001,0.5898,0.7684,0.6735,0.6168,0.7961,0.7215,0.6036,0.6474,0.4959,0.538,0.5758,0.5057
1704701002,0.652,0.8032,0.6945,0.637,0.8337,0.7919,0.6971,0.71,0.5904,0.6147,0.6539,0.6137
1704701003,0.4786,0.6515,0.5471,0.5453,0.695,0.6185,0.4682,0.5584,0.4428,0.3847,0.4698,0.3876
1704701004,0.4485,0.6114,0.5471,0.4977,0.6635,0.6368,0.4672,0.5391,0.3917,0.3575,0.5165,0.3806
1704801001,0.5804,0.7979,0.7146,0.6422,0.8259,0.7987,0.6652,0.7158,0.5782,0.5948,0.6976,0.6082
1704801002,,,,,,,,,,0.3883,0.5556,0.4806
1704801003,0.5529,0.7454,0.6881,0.6302,0.7639,0.7436,0.6207,0.6751,0.5012,0.5312,0.6247,0.5192
1704801004,0.4409,0.7248,0.5851,0.5766,0.7233,0.6943,0.5111,0.584,0.4638,0.3898,0.5764,0.4593
1704801005,0.501,0.7676,0.6642,0.6494,0.7917,0.7308,0.5742,0.673,0.541,0.4658,0.6199,0.5609
1704801006,,,,,,,,,,0.4408,0.5489,0.5109
1704901001,0.6744,0.8764,0.75,0.7174,0.9032,0.8512,0.8063,0.8214,0.6927,0.6722,0.7429,0.7031
1704901002,0.5694,0.8064,0.6969,0.6332,0.8636,0.8025,0.7216,0.7485,0.5809,0.5648,0.6565,0.6262
1704901003,0.5991,0.8376,0.7127,0.6618,0.8852,0.8069,0.7009,0.7589,0.5969,0.5527,0.6407,0.591
1705001001,0.5306,0.8933,0.7689,0.6948,0.9158,0.868,0.859,0.8343,0.743,0.8061,0.709,0.6932
1705101001,0.6419,0.8364,0.7169,0.6651,0.8945,0.8406,0.7318,0.797,0.7198,0.8326,0.7074,0.7348
1705201001,0.7222,0.832,0.6694,0.624,0.8594,0.7761,0.8551,0.6889,0.7132,0.7259,0.6692,0.6767
1705401001,0.4871,0.7876,0.664,0.6378,0.8101,0.781,0.6515,0.731,0.6395,0.7577,0.7041,0.6614
1705501001,0.7197,0.8636,0.8224,0.7333,0.9375,0.8811,0.8095,0.8732,0.8067,0.7939,0.8659,0.7516
1705601001,0.6667,0.8511,0.7034,0.6531,0.8777,0.8143,0.7672,0.7747,0.6453,0.6567,0.6669,0.6816
1705701001,0.4853,0.8403,0.7375,0.6622,0.8938,0.8533,0.7928,0.7955,0.7068,0.6401,0.6944,0.708
1705801001,0.7033,0.7596,0.7333,0.5706,0.8256,0.8176,0.8295,0.7273,0.6703,0.7807,0.736,0.6519
1706001001,0.74,0.7933,0.6533,0.6321,0.8365,0.7623,0.7506,0.7335,0.6049,0.7252,0.687,0.6215
1706101001,0.7636,0.8354,0.7346,0.6667,0.8704,0.8087,0.8936,0.7833,0.7076,0.881,0.6875,0.5728
1706201001,0.6041,0.7396,0.5967,0.5956,0.7614,0.7472,0.6621,0.6786,0.5291,0.5422,0.5656,0.5668
1706201002,0.5712,0.6991,0.5945,0.5433,0.7701,0.7046,0.6108,0.6552,0.4894,0.4619,0.567,0.5232
1706201003,0.6161,0.7769,0.6672,0.6318,0.8311,0.7877,0.7051,0.7128,0.5854,0.547,0.6506,0.5875
1706201004,0.5876,0.7518,0.6418,0.6064,0.805,0.7375,0.6452,0.689,0.4977,0.5083,0.589,0.5306
1706201005,0.4758,0.7064,0.5995,0.5526,0.7546,0.6855,0.5322,0.6393,0.4914,0.4357,0.5538,0.5041
1706301001,0.8634,0.9146,0.6928,0.6852,0.9217,0.9075,0.908,0.8547,0.8407,0.8182,0.7259,0.7537
1706401001,0.7668,0.8638,0.6738,0.6646,0.9113,0.8067,0.7522,0.7685,0.7245,0.6456,0.7261,0.6698
1706501001,0.8136,0.8632,0.7463,0.6949,0.8675,0.784,0.8464,0.8224,0.7064,0.7762,0.6794,0.6863
1706601001,0.456,0.7392,0.6279,0.5925,0.7708,0.7179,0.5975,0.6343,0.456,0.4942,0.5802,0.4978
1706601002,0.5575,0.7891,0.6922,0.6585,0.8196,0.7566,0.6583,0.6894,0.5357,0.5147,0.6124,0.5532
1706601003,0.4657,0.7346,0.6312,0.5558,0.7864,0.7041,0.5931,0.6401,0.4425,0.4875,0.5504,0.5062
1706601004,0.475,0.7201,0.6266,0.5945,0.7503,0.694,0.5819,0.609,0.4398,0.4376,0.5719,0.4842
1706601005,0.3366,0.4121,0.3415,0.3374,0.4574,0.31,0.4663,0.2669,0.1225,0.3049,0.2247,0.1605
1706601006,0.424,0.6096,0.5328,0.49,0.6469,0.5708,0.4985,0.5215,0.2946,0.3882,0.451,0.3657
1706601007,0.4421,0.6501,0.5722,0.5432,0.7334,0.6371,0.5186,0.5498,0.3532,0.38,0.5098,0.372
1706601008,0.4634,0.6705,0.5578,0.5381,0.7181,0.6727,0.5314,0.5857,0.4311,0.4327,0.5523,0.4785
1706602001,0.4827,0.6711,0.5907,0.5348,0.7024,0.6328,0.5682,0.5498,0.4168,0.4642,0.5199,0.4416
1706602002,0.501,0.6853,0.5861,0.5704,0.7229,0.6808,0.5831,0.6317,0.4706,0.5381,0.5872,0.4912
1706602003,0.5767,0.8103,0.6905,0.6561,0.826,0.7771,0.6696,0.6992,0.5488,0.553,0.6474,0.6003
1706602004,0.4993,0.7124,0.6288,0.5995,0.7473,0.6985,0.5732,0.6347,0.4583,0.4875,0.5716,0.4974
1706603001,,,,,,0.6591,0.5465,0.6076,0.4633,0.4421,0.5515,0.4777
1706603002,0.4897,0.6902,0.6173,0.5747,0.7522,0.6802,0.5784,0.6352,0.4841,0.4891,0.568,0.4923
1706603003,0.435,0.7172,0.609,0.5832,0.7739,0.6999,0.5606,0.6271,0.4422,0.4638,0.5784,0.4916
1706603004,0.3784,0.5724,0.5607,0.4699,0.66,0.5623,0.4677,0.521,0.3119,0.4066,0.4492,0.3256
1706603005,0.5395,0.7268,0.6455,0.5883,0.7637,0.6802,0.5777,0.6378,0.4707,0.4872,0.558,0.4803
1706604001,0.4576,0.7049,0.5629,0.554,0.701,0.6535,0.558,0.5973,0.4223,0.4673,0.556,0.4496
1706604002,0.5772,0.7529,0.6604,0.642,0.7829,0.7136,0.6172,0.6531,0.5004,0.5095,0.573,0.5011
1706604003,0.4898,0.6853,0.6109,0.5588,0.7386,0.6746,0.5493,0.5983,0.4301,0.439,0.5445,0.4495
1706604004,0.5238,0.7346,0.6513,0.6113,0.7928,0.7136,0.6015,0.6621,0.4942,0.5036,0.5956,0.5257
1706604005,0.444,0.6503,0.5759,0.5508,0.6786,0.611,0.5013,0.577,0.3885,0.4504,0.5289,0.4442
1706604007,0.5565,0.7628,0.7139,0.6559,0.8273,0.7812,0.6624,0.7118,0.5631,0.6329,0.7012,0.6612
1706604008,0.494,0.7039,0.6559,0.5968,0.7898,0.7205,0.5716,0.6458,0.5382,0.5135,0.6236,0.5217
1706604009,0.5533,0.8002,0.6925,0.6443,0.8335,0.7411,0.6323,0.7017,0.5094,0.5379,0.6328,0.5917
1706701001,0.6033,0.8557,0.7174,0.671,0.8606,0.8336,0.7787,0.7827,0.6955,0.6846,0.6755,0.7014
1706801001,0.6599,0.874,0.7061,0.6449,0.8988,0.7886,0.741,0.7549,0.7063,0.792,0.7231,0.7143
1706901001,0.7619,0.8598,0.7143,0.6845,0.866,0.7857,0.6712,0.7521,0.6551,0.6582,0.7173,0.6595
1707001001,0.6228,0.8972,0.7523,0.6847,0.9099,0.8545,0.7699,0.7909,0.7478,0.5354,0.6935,0.712
1707101001,0.7298,0.8772,0.7162,0.6861,0.9109,0.867,0.7986,0.8316,0.7294,0.7024,0.7308,0.7224
1707301001,0.7411,0.9055,0.7819,0.7277,,,,,0.7411,0.7225,0.7212,0.7298
1707301002,,,,,,,,,0.7319,0.647,0.7285,0.724
1707401001,0.7116,0.8078,0.6805,0.6608,0.8463,0.8195,0.7668,0.7519,0.6386,0.4982,0.6709,0.6061
1707501001,0.5331,0.7927,0.7006,0.6212,0.8746,0.8443,0.7227,0.7559,0.6588,0.7938,0.7623,0.7211
1707601001,0.7795,0.8279,0.7317,0.6935,0.8837,0.8279,0.8203,0.7983,0.7377,0.7305,0.791,0.6769
1707701001,0.8097,0.8388,0.6955,0.6734,0.8634,0.7654,0.8612,0.6991,0.6041,0.5687,0.6793,0.627
1707801001,0.6687,0.8287,0.6818,0.6637,0.8642,0.75,0.7645,0.7313,0.723,0.5335,0.6727,0.6319
1707901001,0.5819,0.7734,0.6573,0.6513,0.8215,0.7738,0.6713,0.7293,0.6233,0.5145,0.6284,0.6026
1707901002,0.6681,0.8054,0.7277,0.6391,0.8433,0.7843,0.6798,0.7025,0.6055,0.5737,0.6182,0.6019
1707901003,0.5599,0.7856,0.6933,0.6206,0.8057,0.7946,0.6999,0.7593,0.6906,0.5884,0.667,0.6718
1707901004,0.4945,0.7108,0.6234,0.5773,0.7458,0.7102,0.5593,0.6684,0.5254,0.4309,0.5451,0.5064
1707901005,0.4169,0.4463,0.3749,0.2868,0.5641,0.4104,0.3939,0.3614,0.1702,0.3609,0.3343,0.3201
1707901006,0.5288,0.699,0.6064,0.5329,0.7624,0.6633,0.502,0.5857,0.3836,0.433,0.5281,0.428
1707902001,0.629,0.8436,0.7531,0.7092,0.8835,0.8534,0.7719,0.8198,0.7495,0.6172,0.7384,0.7241
1707902002,0.573,0.8019,0.6934,0.6031,0.8362,0.772,0.6603,0.7189,0.6428,0.5209,0.6516,0.6369
1707902003,0.6058,0.8254,0.7358,0.6827,0.8595,0.8132,0.7202,0.7783,0.6567,0.5698,0.6599,0.6405
1707902004,0.6158,0.8633,0.7202,0.691,0.8743,0.8382,0.7162,0.7925,0.6796,0.5762,0.6955,0.6809
1707902005,0.6152,0.8008,0.7088,0.6585,0.8389,0.7843,0.6789,0.744,0.6197,0.5511,0.6157,0.658
1707902006,0.5832,0.8223,0.708,0.6403,0.8536,0.7987,0.6838,0.7569,0.643,0.5501,0.6477,0.6258
1707902007,0.6282,0.8439,0.7613,0.7013,0.879,0.8474,0.7258,0.7885,0.6817,0.5535,0.6662,0.6667
1707902008,0.625,0.8628,0.7517,0.7172,0.8842,0.8529,0.743,0.796,0.6956,0.5761,0.6815,0.6907
1707902009,0.5841,0.7958,0.7062,0.6515,0.8571,0.8161,0.6667,0.738,0.5552,0.5338,0.6676,0.6087
1707902010,0.5915,0.8422,0.7431,0.6994,0.868,0.8218,0.6919,0.785,0.6089,0.5447,0.6929,0.6476
1707902011,0.5057,0.7924,0.6612,0.6431,0.8389,0.7702,0.6091,0.7289,0.5623,0.4575,0.6258,0.5539
1707902012,0.6244,0.8385,0.7318,0.6813,0.8753,0.8515,0.7388,0.7802,0.6552,0.5459,0.6576,0.6583
1707902013,0.6098,0.8293,0.7095,0.6748,0.86,0.807,0.6997,0.7477,0.6208,0.484,0.6162,0.5966
1707902014,0.5464,0.7624,0.6931,0.5935,0.7843,0.7361,0.5953,0.6528,0.4531,0.436,0.5652,0.4883
1707902015,0.6055,0.8397,0.7479,0.6602,0.8593,0.8157,0.7034,0.7649,0.6634,0.549,0.6753,0.6772
1707902016,0.6836,0.8645,0.7681,0.7359,0.9002,0.8697,0.7704,0.8347,0.7365,0.6571,0.7432,0.7648
1707902017,0.62,0.8768,0.7634,0.704,0.8993,0.8704,0.7592,0.8342,0.6826,0.5616,0.7038,0.6916
1707902018,0.6101,0.861,0.7693,0.6863,0.8893,0.8501,0.7487,0.8131,0.6377,0.5683,0.6778,0.6619
1707902019,0.6264,0.8746,0.7526,0.7028,0.9142,0.8729,0.7479,0.8273,0.7051,0.5611,0.6991,0.6861
1707902020,0.5837,0.8271,0.73,0.6787,0.8676,0.8074,0.6722,0.7745,0.6584,0.5476,0.6884,0.673
1707902021,0.6183,0.8317,0.7379,0.6821,0.8716,0.8314,0.7179,0.7979,0.6467,0.5464,0.6713,0.6565
1707902022,0.5023,0.8083,0.699,0.6005,0.8383,0.7799,0.5915,0.7054,0.5478,0.4863,0.645,0.5847
1707903001,0.6488,0.8557,0.7393,0.7089,0.8646,0.8206,0.7094,0.7882,0.7074,0.5607,0.6535,0.6974
1707903002,0.6026,0.8386,0.6803,0.6779,0.8601,0.8225,0.7289,0.7941,0.68,0.5501,0.6737,0.6501
1707903003,0.5837,0.8188,0.6984,0.6617,0.8557,0.8073,0.6869,0.7727,0.6523,0.5642,0.6607,0.6413
1707903004,0.6473,0.8729,0.7757,0.7099,0.8875,0.8641,0.7681,0.8249,0.7555,0.6246,0.7344,0.7644
1707903005,0.5953,0.8754,0.7664,0.6961,0.9104,0.8783,0.7929,0.8213,0.7166,0.6015,0.6923,0.6936
1707903006,0.6003,0.8036,0.7256,0.6786,0.8147,0.8096,0.7214,0.7564,0.627,0.5573,0.672,0.6502
1707903007,0.4856,0.7071,0.6148,0.5718,0.7393,0.7118,0.5686,0.6418,0.4521,0.4072,0.5217,0.4845
1707903008,,,,,,,,,,0.4363,0.5505,0.4735
1707903009,0.4433,0.653,0.6126,0.5478,0.6801,0.6403,0.4831,0.5809,0.3619,0.3717,0.5006,0.4126
1707903010,0.4742,0.7157,0.6151,0.5936,0.7683,0.7248,0.5584,0.6459,0.4585,0.3909,0.5581,0.4946
1707903011,0.5127,0.7273,0.6502,0.591,0.7313,0.7008,0.5528,0.6437,0.4558,0.4395,0.5418,0.484
1707903012,0.5071,0.6936,0.6324,0.5622,0.7662,0.7127,0.5671,0.6702,0.4493,0.4052,0.535,0.4714
1707903013,0.5041,0.6733,0.6211,0.5929,0.7305,0.6939,0.5406,0.6258,0.3677,0.4265,0.491,0.4385
1707903014,0.4507,0.674,0.5965,0.5725,0.7134,0.6784,0.515,0.609,0.431,0.3819,0.5059,0.4114
1707903015,0.519,0.7656,0.6786,0.6437,0.7884,0.756,0.6218,0.6965,0.5406,0.451,0.5757,0.5292
1707903016,0.577,0.8167,0.7262,0.675,0.8333,0.7837,0.662,0.7192,0.547,0.5019,0.6632,0.5865
1707903017,0.5108,0.7261,0.6532,0.6126,0.7751,0.7355,0.5794,0.678,0.4722,0.4566,0.5968,0.5139
1707903018,0.4773,0.7265,0.6476,0.5889,0.792,0.7372,0.5627,0.6655,0.5492,0.4526,0.619,0.4988
1707903019,0.6292,0.857,0.7523,0.7075,0.8884,0.8447,0.7372,0.7969,0.6886,0.5816,0.6999,0.68
1707903020,0.6157,0.868,0.7316,0.6581,0.8763,0.8455,0.7513,0.8032,0.666,0.553,0.6707,0.6434
1707903021,,,,,,,,,,0.4502,0.5932,0.5162
1707904001,0.4839,0.7077,0.6013,0.5352,0.7459,0.655,0.5364,0.6078,0.5387,0.4559,0.5483,0.4638
1707904002,0.5186,0.7235,0.6258,0.5955,0.783,0.6918,0.609,0.6822,0.5378,0.4689,0.5441,0.483
1707905001,0.6851,0.9081,0.7844,0.7436,0.9301,0.8959,0.8052,0.86,0.7723,0.6693,0.7493,0.7606
1707905002,0.5109,0.6984,0.6123,0.589,0.738,0.6943,0.598,0.6585,0.537,0.4536,0.6134,0.5043
1707905003,0.4539,0.694,0.6117,0.5462,0.7721,0.6974,0.5388,0.6486,0.4603,0.4073,0.5522,0.512
1707905004,0.6172,0.8172,0.6855,0.681,0.8803,0.8264,0.752,0.8087,0.69,0.6213,0.7204,0.6948
1707905005,0.4678,0.6923,0.5836,0.538,0.7618,0.6587,0.5676,0.6262,0.4932,0.4072,0.5179,0.4711
1707905006,0.5991,0.8601,0.7267,0.6808,0.9041,0.8715,0.7518,0.828,0.6561,0.5603,0.6519,0.6817
1707906001,0.564,0.823,0.7278,0.6605,0.8684,0.8158,0.6673,0.7483,0.588,0.5235,0.6577,0.6181
1707906002,0.5438,0.7719,0.6853,0.6231,0.832,0.7525,0.5917,0.7041,0.4434,0.5016,0.5982,0.5388
1707906003,0.5278,0.755,0.6868,0.6139,0.8251,0.7675,0.5938,0.7358,0.4504,0.5137,0.6252,0.5597
1707906004,0.5429,0.8068,0.7004,0.6492,0.8521,0.8007,0.6582,0.7556,0.5607,0.5082,0.6529,0.6129
1707906005,0.3818,0.6603,0.5552,0.5305,0.74,0.6477,0.4987,0.6019,0.3874,0.4016,0.5298,0.4622
1708001001,0.7211,0.9209,0.695,0.6957,0.9065,0.8611,0.8776,0.7847,0.6,0.6312,0.6855,0.6797
1708101001,0.7413,0.8423,0.6762,0.6626,0.8635,0.7742,0.809,0.7381,0.6989,0.7263,0.7103,0.6371
1708201001,0.6918,0.8301,0.6659,0.6115,0.8162,0.7821,0.7605,0.708,0.5966,0.7785,0.6232,0.6174
1708301001,0.6096,0.7864,0.6986,0.6388,0.8166,0.7704,0.7133,0.6839,0.521,0.6146,0.6086,0.5561
1708301002,0.604,0.8066,0.7248,0.6682,0.855,0.8121,0.7254,0.7673,0.5511,0.63,0.6621,0.5849
1708301003,0.5317,0.7264,0.6663,0.6115,0.7919,0.7472,0.7097,0.7026,0.4493,0.6128,0.6228,0.5419
1708401001,0.6473,0.8681,0.678,0.6134,0.8839,0.7835,0.7662,0.7149,0.6331,0.7643,0.7068,0.6577
1708501001,0.7759,0.9028,0.7611,0.7143,0.8912,0.8522,0.862,0.8157,0.7716,0.7907,0.739,0.7807
1708601001,0.6447,0.7114,0.6797,0.6343,0.765,0.7073,0.6742,0.6142,0.4524,0.6701,0.5675,0.4763
1708601002,0.6383,0.7286,0.6734,0.592,0.7827,0.6889,0.7129,0.6618,0.5024,0.6861,0.6115,0.5934
1708701001,0.806,0.8447,0.7613,0.6756,0.8533,0.7973,0.8622,0.8174,0.7366,0.7617,0.7415,0.7089
1708801001,0.5072,0.8486,0.6953,0.6904,0.8899,0.8097,0.6395,0.7796,0.6678,0.5251,0.6906,0.665
1708901001,0.513,0.7335,0.6292,0.5661,0.7488,0.6982,0.6024,0.6356,0.448,0.478,0.5526,0.4978
1708901002,0.59,0.7552,0.649,0.6008,0.8389,0.7601,0.6786,0.705,0.5567,0.572,0.6278,0.5605
1708901003,0.5226,0.7916,0.656,0.5993,0.811,0.7509,0.6423,0.6958,0.5051,0.4841,0.5794,0.5328
1708901004,0.5702,0.7911,0.7084,0.6486,0.8453,0.7431,0.6777,0.7234,0.5233,0.5827,0.6315,0.5547
1709001001,0.7631,0.8855,0.7565,0.6789,0.8944,0.8621,0.8574,0.8163,0.7339,0.7753,0.7287,0.7103
1709101001,0.6039,0.8354,0.6861,0.6339,0.845,0.7789,0.6967,0.757,0.6321,0.5714,0.6269,0.6998
1709201001,0.6232,0.8302,0.6337,0.6544,0.8225,0.7575,0.6908,0.6955,0.5611,0.5396,0.6338,0.5709
1709201002,0.7044,0.8119,0.6945,0.646,0.8244,0.7821,0.7435,0.7145,0.5282,0.6719,0.6977,0.6165
1709201003,0.6998,0.7692,0.6922,0.6232,0.8061,0.7497,0.7053,0.6659,0.4319,0.6173,0.6019,0.5244
1709301001,0.455,0.8133,0.6607,0.6319,0.8181,0.7766,0.7047,0.6977,0.6032,0.6098,0.6656,0.6433
1709401001,0.6065,0.7731,0.6158,0.5685,0.8102,0.7228,0.6876,0.7155,0.56,0.6504,0.6224,0.5364
1709501001,0.5027,0.6839,0.6306,0.5972,0.7141,0.6692,0.5083,0.6181,0.4707,0.4516,0.56,0.4645
1709501002,0.572,0.7091,0.6525,0.6161,0.7342,0.6719,0.5611,0.6226,0.497,0.522,0.569,0.4726
1709501003,,,,,,,,,0.3504,0.3573,0.5026,0.4099
1709501004,,,,,,,,,0.4205,0.3759,0.5438,0.4353
1709502001,0.6004,0.7244,0.6652,0.6326,0.7399,0.7314,0.5949,0.6536,0.522,0.5143,0.5579,0.5128
1709502002,0.5756,0.7298,0.6742,0.6297,0.7494,0.7359,0.5893,0.6645,0.5414,0.5265,0.6141,0.5115
1709502003,0.5069,0.6762,0.5874,0.5717,0.7062,0.6717,0.5283,0.5952,0.473,0.4506,0.5399,0.474
1709503001,0.5462,0.7303,0.676,0.5784,0.8026,0.7371,0.589,0.6655,0.4709,0.492,0.6,0.4788
1709503002,0.5373,0.7137,0.6493,0.5855,0.7645,0.7233,0.5513,0.63,0.4618,0.4433,0.5595,0.4721
1709503003,0.5708,0.7377,0.6752,0.6118,0.7809,0.7141,0.6022,0.6571,0.4621,0.5318,0.6091,0.4938
1709503004,0.4799,0.6756,0.6414,0.5726,0.7329,0.6745,0.5007,0.6012,0.427,0.3988,0.5576,0.4502
1709504001,0.4571,0.6911,0.6251,0.5403,0.7238,0.6643,0.4688,0.587,0.4201,0.3931,0.5355,0.4057
1709504002,0.5415,0.7059,0.6399,0.5904,0.7585,0.6986,0.5586,0.6366,0.4273,0.5136,0.5969,0.4642
1709504003,0.6226,0.7982,0.7122,0.6513,0.8245,0.8009,0.6319,0.72,0.5553,0.6042,0.6684,0.5827
1709504004,0.5858,0.781,0.7158,0.6245,0.8349,0.7754,0.6196,0.6964,0.4619,0.5796,0.6566,0.5243
1709601001,0.6062,0.7514,0.6461,0.5922,0.8049,0.689,0.7169,0.7296,0.5901,0.7785,0.5833,0.6218
1709701001,0.8204,0.8939,0.7487,0.7551,0.9363,0.8643,0.7385,0.85,0.7438,0.6121,0.7549,0.7222
1709801001,0.5015,0.8275,0.7203,0.6379,0.861,0.8086,0.6656,0.7532,0.6201,0.5,0.6361,0.603
1709901001,0.8375,0.8481,0.75,0.7037,0.8608,0.7564,0.8734,0.7051,0.7436,0.7802,0.7033,0.6848
1710001001,0.5764,0.8274,0.7136,0.6856,0.8333,0.8051,0.8081,0.7617,0.665,0.5577,0.652,0.6382
1710101001,0.6812,0.7652,0.6703,0.6208,0.7985,0.7384,0.715,0.6873,0.5068,0.6273,0.6136,0.5105
1710201001,0.7483,0.8152,0.6892,0.7005,0.8258,0.8011,0.7276,0.7158,0.676,0.747,0.6743,0.6551
1710301001,0.6551,0.7907,0.713,0.6366,0.8653,0.8047,0.723,0.7459,0.5508,0.6561,0.6664,0.6166
1710301002,0.4586,0.6737,0.6032,0.5544,0.7365,0.6507,0.5405,0.5685,0.3109,0.5082,0.5436,0.3813
1710301003,0.629,0.7748,0.6787,0.6169,0.8279,0.7489,0.6412,0.6787,0.4921,0.605,0.63,0.5237
1710301004,0.4207,0.6663,0.5716,0.5282,0.6968,0.637,0.4945,0.5718,0.35,0.4694,0.5181,0.4259
1710501001,0.8209,0.8405,0.6667,0.5951,0.8395,0.7854,0.8506,0.754,0.6357,0.4741,0.5677,0.6007
1710601001,0.7589,0.8652,0.777,0.7357,0.8832,0.8671,0.8581,0.8028,0.7222,0.7089,0.6968,0.6169
1710701001,0.641,0.8652,0.7052,0.6326,0.8815,0.8216,0.7333,0.7753,0.6863,0.5351,0.6554,0.6962
1710901001,0.4426,0.8352,0.6392,0.6063,0.8953,0.7994,0.661,0.7699,0.5931,0.3642,0.6395,0.6512
1711001001,0.6674,0.8078,0.7192,0.6475,0.8386,0.8006,0.721,0.7432,0.5754,0.6503,0.6814,0.6249
1711101001,0.7141,0.8504,0.7365,0.6705,0.8648,0.8058,0.7401,0.7398,0.6465,0.6882,0.6967,0.6723
1711201001,0.852,0.8594,0.7344,0.6684,0.9005,0.7938,0.8462,0.7475,0.6856,0.8872,0.7188,0.7861
1711401001,0.4663,0.6327,0.5242,0.487,0.6307,0.6113,0.5112,0.5647,0.4343,0.377,0.4995,0.461
1711401002,0.5493,0.6973,0.6058,0.5741,0.7168,0.6746,0.5809,0.6484,0.4894,0.4678,0.5444,0.5498
1711401003,0.5833,0.8136,0.695,0.6593,0.868,0.8116,0.7383,0.7745,0.6229,0.5235,0.6124,0.664
1711401004,0.6702,0.8598,0.7301,0.6949,0.847,0.8139,0.7396,0.7754,0.6601,0.581,0.6892,0.6874
1711401005,0.6744,0.825,0.7069,0.6726,0.8456,0.7956,0.7202,0.7618,0.6379,0.5107,0.6074,0.6749
1711401006,0.5863,0.805,0.6613,0.66,0.8065,0.7458,0.6732,0.6899,0.5541,0.4841,0.5805,0.5538
1711401007,0.5554,0.7675,0.6416,0.582,0.7887,0.7339,0.649,0.6801,0.5027,0.4775,0.5787,0.5872
1711402001,0.5751,0.823,0.6788,0.6216,0.8553,0.8008,0.7078,0.7546,0.5604,0.4943,0.6021,0.6186
1711402002,0.5633,0.7887,0.6736,0.6292,0.8115,0.7648,0.6696,0.7215,0.5397,0.47,0.6046,0.5964
1711402003,0.5013,0.7219,0.6082,0.5611,0.7466,0.6997,0.5638,0.6376,0.4198,0.4309,0.5285,0.496
1711402004,0.4882,0.7222,0.621,0.528,0.7482,0.7028,0.5854,0.6431,0.4411,0.4512,0.5913,0.5258
1711402005,0.5403,0.7931,0.6806,0.601,0.808,0.7508,0.6315,0.6869,0.4979,0.4883,0.6045,0.5671
1711403001,0.4967,0.77,0.5879,0.5805,0.8074,0.753,0.643,0.6701,0.4983,0.414,0.515,0.528
1711403002,0.6027,0.8426,0.7175,0.6519,0.8579,0.8004,0.7271,0.7687,0.6153,0.5307,0.6297,0.6667
1711403003,0.5549,0.8202,0.6629,0.6231,0.8466,0.7847,0.6724,0.7254,0.5307,0.4503,0.5741,0.5841
1711404001,0.4907,0.7399,0.6042,0.55,0.7779,0.7131,0.5887,0.6492,0.4427,0.4054,0.5129,0.5131
1711404002,0.5175,0.7025,0.6183,0.5594,0.7245,0.6623,0.5475,0.5991,0.3983,0.3624,0.4864,0.4235
1711405001,0.589,0.8075,0.6903,0.6095,0.845,0.7871,0.6796,0.7526,0.5802,0.5078,0.6182,0.6305
1711405002,0.6517,0.8657,0.7394,0.6892,0.8931,0.8306,0.7505,0.8095,0.6618,0.5375,0.6442,0.6692
1711405003,0.5554,0.7827,0.6389,0.6107,0.8186,0.7718,0.6653,0.7191,0.5465,0.4684,0.5819,0.587
1711405004,0.6203,0.8686,0.7365,0.6613,0.887,0.8431,0.7784,0.8017,0.652,0.611,0.6763,0.71
1711501001,0.743,0.8448,0.704,0.6489,0.8777,0.8129,0.7222,0.7536,0.7194,0.6598,0.7517,0.7483
1711601001,0.7937,0.8473,0.6983,0.6441,0.8211,0.7994,0.6961,0.7436,0.6476,0.5599,0.6571,0.6496
1711701001,0.5289,0.757,0.6532,0.6041,0.7654,0.7344,0.5981,0.6472,0.4963,0.4801,0.5836,0.5407
1711701002,0.4775,0.7327,0.6604,0.5877,0.7969,0.7372,0.6021,0.6593,0.4953,0.4753,0.6215,0.5549
1711701003,0.4647,0.7214,0.6229,0.5701,0.7387,0.7023,0.5626,0.6176,0.4231,0.4583,0.569,0.4613
1711701004,0.5086,0.7573,0.6639,0.6014,0.7877,0.7416,0.5971,0.6456,0.4505,0.4654,0.5973,0.5119
1711701005,0.4908,0.711,0.6325,0.5839,0.7681,0.7279,0.5518,0.6485,0.4371,0.4871,0.6149,0.5
1711702001,0.5388,0.7372,0.6584,0.6024,0.769,0.7341,0.6095,0.6559,0.4943,0.5012,0.6046,0.5393
1711702002,0.4866,0.6949,0.6304,0.5705,0.7381,0.7015,0.5653,0.6262,0.4187,0.4528,0.5732,0.4808
1711702003,0.4866,0.7279,0.6307,0.5755,0.7629,0.705,0.5852,0.6278,0.5163,0.487,0.6005,0.5478
1711703001,0.468,0.7482,0.6562,0.5769,0.7898,0.7395,0.606,0.6582,0.4346,0.478,0.6047,0.498
1711703002,0.5596,0.7913,0.6971,0.6349,0.8245,0.7901,0.6513,0.7211,0.5705,0.5561,0.6596,0.6198
1711703003,0.5105,0.7,0.6412,0.5626,0.7433,0.7073,0.5382,0.6477,0.4253,0.4453,0.5675,0.4816
1711801001,0.5835,0.7643,0.6733,0.6243,0.8033,0.7469,0.659,0.6767,0.5352,0.5395,0.616,0.5889
1711801002,0.5824,0.7595,0.6659,0.5985,0.7858,0.7404,0.612,0.6782,0.5142,0.5273,0.6298,0.5833
1711801003,0.5355,0.7309,0.6528,0.5808,0.7819,0.7634,0.6193,0.6777,0.493,0.4958,0.6002,0.4911
1711801004,0.6298,0.806,0.705,0.6346,0.8288,0.773,0.6417,0.7163,0.5452,0.5284,0.6209,0.5803
1711802001,0.5677,0.7864,0.6728,0.6102,0.7806,0.741,0.6218,0.6677,0.5627,0.5282,0.6313,0.5825
1711802002,0.552,0.7637,0.6653,0.6206,0.7982,0.7254,0.6128,0.6879,0.5124,0.4936,0.6158,0.5425
1711803001,0.5578,0.7268,0.6522,0.5771,0.7979,0.7118,0.5887,0.6727,0.469,0.5008,0.6002,0.5225
1711803002,0.5701,0.7859,0.7037,0.6085,0.7963,0.7368,0.5775,0.6645,0.4193,0.5216,0.6092,0.5156
1711803003,0.5351,0.7626,0.6782,0.575,0.8011,0.7517,0.6186,0.6974,0.5161,0.5423,0.6569,0.587
1711804001,0.5214,0.7204,0.6564,0.5455,0.7498,0.7022,0.559,0.6352,0.4152,0.4771,0.5799,0.4825
1711804002,0.5122,0.7493,0.6243,0.6059,0.8108,0.7379,0.6145,0.6591,0.4932,0.5098,0.6249,0.5482
1711901001,0.7714,0.9265,0.8676,0.7297,0.8608,0.7945,0.7733,0.7465,0.7683,0.9406,0.76,0.6907
1712001001,0.7029,0.7843,0.6692,0.6578,0.8182,0.7366,0.7065,0.6804,0.5754,0.6773,0.623,0.6011
1712101001,0.6404,0.8914,0.7104,0.625,0.8832,0.8035,0.7082,0.7378,0.6996,0.8452,0.619,0.6404
1712301001,0.7686,0.8715,0.7703,0.7514,0.8986,0.8812,0.8395,0.8338,0.7582,0.7437,0.7147,0.7159
1712401001,0.6316,0.8032,0.6691,0.6391,0.8237,0.7862,0.6934,0.7301,0.6148,0.5515,0.6399,0.5947
1712501001,0.7109,0.8516,0.6822,0.6154,0.8855,0.7481,0.7576,0.7353,0.6364,0.7391,0.6058,0.6231
1712601001,0.8131,0.9221,0.8182,0.7588,0.9452,0.8774,0.7932,0.8513,0.7761,0.7994,0.7554,0.7929
1712801001,0.7911,0.8411,0.7417,0.6656,0.882,0.807,0.8645,0.7445,0.6746,0.8138,0.7041,0.6676
1712901001,0.7447,0.8613,0.7226,0.7594,0.8741,0.8333,0.8562,0.7552,0.7029,0.626,0.6818,0.6953
1713001001,0.6599,0.8593,0.75,0.6862,0.8638,0.8323,0.7382,0.8308,0.7447,0.5214,0.7189,0.7147
1713201001,0.7019,0.8358,0.704,0.681,0.856,0.8162,0.7431,0.7582,0.6616,0.6301,0.7016,0.6591
1713301001,0.6736,0.8305,0.6995,0.6414,0.864,0.8233,0.7263,0.7734,0.684,0.7591,0.6188,0.6692
1713401001,0.8809,0.8455,0.6966,0.7105,0.9043,0.8475,0.8964,0.7955,0.6476,0.7336,0.6777,0.6109
1713501001,0.8355,0.8612,0.7408,0.6989,0.8776,0.7823,0.8441,0.7812,0.6106,0.8119,0.6936,0.6587
1713601001,0.779,0.858,0.76,0.7022,0.8258,0.8,0.8829,0.7653,0.7368,0.8371,0.756,0.7431
1713701001,0.5444,0.8411,0.6632,0.625,0.881,0.8398,0.7222,0.7839,0.6944,0.548,0.6483,0.6562
1713701002,0.6583,0.8584,0.6935,0.6642,0.899,0.8282,0.7502,0.8059,0.6614,0.5782,0.6867,0.6686
1713701003,0.6717,0.8717,0.7296,0.6916,0.904,0.8658,0.7906,0.8183,0.7043,0.6066,0.717,0.6862
1713801001,0.7039,0.7762,0.7076,0.6864,0.7982,0.7692,0.7422,0.7069,0.6363,0.7712,0.7432,0.6453
1713901001,0.6821,0.8511,0.7033,0.6481,0.8824,0.8343,0.7642,0.8017,0.6534,0.6396,0.6507,0.7
1714001001,0.7787,0.8659,0.7389,0.7134,0.8559,0.8435,0.8124,0.7969,0.7031,0.7194,0.7103,0.7375
1714101001,0.5212,0.6013,0.5187,0.4246,0.6326,0.5866,0.5016,0.5537,0.3764,0.4588,0.474,0.3968
1714101002,0.6057,0.7771,0.6676,0.574,0.781,0.7072,0.6415,0.6504,0.4729,0.5614,0.5957,0.4919
1714101003,0.5574,0.7718,0.6404,0.5516,0.7999,0.7217,0.6299,0.6629,0.5081,0.5618,0.6003,0.5327
1714101004,0.5266,0.7035,0.6119,0.538,0.7266,0.6886,0.5662,0.6033,0.4194,0.4976,0.5373,0.436
1714101005,0.5538,0.7723,0.6583,0.5761,0.8329,0.7605,0.6574,0.7237,0.5074,0.598,0.6278,0.5259
1714201001,0.6979,0.8709,0.7421,0.7114,0.9065,0.847,0.7934,0.8113,0.6692,0.7009,0.7156,0.6777
1714201002,0.6901,0.868,0.7843,0.7059,0.8955,0.8382,0.7712,0.7898,0.661,0.6852,0.6895,0.6592
1714301001,0.7423,0.8356,0.7466,0.7254,0.8601,0.7986,0.8364,0.7172,0.6284,0.7531,0.6069,0.651
1714401001,0.7477,0.8517,0.6714,0.6845,0.8398,0.8143,0.7798,0.7678,0.6818,0.7032,0.7333,0.6972
1714501001,0.6368,0.8274,0.6464,0.6464,0.8328,0.7668,0.7284,0.7309,0.6101,0.658,0.621,0.6193
1714501002,0.6261,0.8651,0.697,0.6576,0.8536,0.7856,0.7358,0.743,0.5684,0.6056,0.6375,0.6019
1714601001,0.6041,0.7758,0.6993,0.6398,0.81,0.7887,0.6888,0.7268,0.535,0.4949,0.6331,0.5375
1714601002,0.5577,0.7306,0.6654,0.6194,0.7989,0.7511,0.6544,0.699,0.4819,0.5178,0.606,0.5149
1714701001,0.583,0.7764,0.6273,0.5689,0.7976,0.7182,0.6252,0.6624,0.4716,0.5473,0.5541,0.5787
1714702001,0.6667,0.8309,0.7372,0.7039,0.8413,0.7841,0.7208,0.7394,0.586,0.6283,0.6368,0.6965
1714702002,0.5876,0.7007,0.6231,0.5776,0.7683,0.7255,0.6108,0.665,0.4411,0.5772,0.5763,0.561
1714703001,0.559,0.7854,0.6696,0.6136,0.8363,0.7577,0.6332,0.6795,0.4486,0.5532,0.5733,0.5731
1714703002,0.6476,0.8121,0.7052,0.6297,0.8598,0.7769,0.7152,0.7423,0.5703,0.6135,0.5626,0.5935
1714703003,0.6492,0.8197,0.6962,0.6466,0.8528,0.8081,0.7089,0.7491,0.5583,0.6282,0.6392,0.6384
1714703004,0.5715,0.7813,0.6691,0.6172,0.8347,0.7749,0.6671,0.7241,0.4861,0.5953,0.6044,0.5949
1714704001,0.6448,0.8505,0.6811,0.6071,0.8713,0.8211,0.7056,0.7518,0.5726,0.6083,0.6104,0.648
1714801001,0.6809,0.7866,0.6879,0.6475,0.8295,0.7609,0.714,0.7232,0.5461,0.563,0.6026,0.5448
1714901001,0.8043,0.895,0.7355,0.6813,0.9148,0.8626,0.8397,0.8162,0.752,0.7187,0.6607,0.7096
1715001001,0.7404,0.8854,0.7633,0.6867,0.8983,0.8408,0.8199,0.8151,0.7076,0.7293,0.7117,0.696
1715101001,0.8807,0.8488,0.7126,0.6379,0.8579,0.8108,0.6791,0.7318,0.6307,0.8352,0.64,0.6044
1715201001,0.555,0.6682,0.5912,0.5604,0.7147,0.6475,0.5735,0.5689,0.4464,0.5169,0.5593,0.4827
1715201002,0.5741,0.714,0.6722,0.6189,0.7674,0.7099,0.6189,0.6426,0.4953,0.5415,0.5968,0.5146
1715201003,0.3454,0.5911,0.4639,0.4872,0.6042,0.5348,0.3588,0.4575,0.3408,0.2765,0.4548,0.3357
1715201004,0.5476,0.7488,0.6694,0.6041,0.7967,0.7478,0.6418,0.6809,0.503,0.5785,0.638,0.5017
1715201005,0.5311,0.7405,0.6488,0.5509,0.7745,0.6361,0.5897,0.6343,0.4689,0.5136,0.6053,0.5167
1715201006,0.5246,0.7243,0.6439,0.5804,0.7817,0.7085,0.5542,0.6485,0.4753,0.4821,0.575,0.4815
1715202001,0.5823,0.6985,0.619,0.5734,0.728,0.6904,0.623,0.6441,0.4858,0.506,0.5567,0.4931
1715202002,0.5369,0.7056,0.628,0.5764,0.7375,0.6979,0.5954,0.6294,0.4756,0.5135,0.5664,0.5092
1715202003,0.5218,0.7445,0.6381,0.6352,0.7937,0.7302,0.5891,0.675,0.5425,0.4938,0.6275,0.5491
1715202004,0.6394,0.8439,0.7543,0.6931,0.8441,0.7864,0.6984,0.7238,0.5983,0.6051,0.7113,0.5751
1715202005,0.5536,0.749,0.6572,0.6029,0.7477,0.6927,0.5853,0.6281,0.4644,0.4781,0.5884,0.4985
1715301001,0.8718,0.8973,0.7527,0.7074,0.9323,0.8617,0.7889,0.7937,0.765,0.5286,0.7451,0.6948
1715401001,0.6571,0.837,0.6739,0.7283,0.9072,0.8485,0.7845,0.7525,0.6355,0.896,0.7727,0.6306
1715501001,0.681,0.8223,0.7353,0.692,0.8386,0.7888,0.7113,0.745,0.6177,0.578,0.6339,0.623
1715501002,0.6529,0.8203,0.7209,0.6644,0.8356,0.8022,0.6549,0.7429,0.6024,0.6026,0.654,0.6248
1715501003,0.49,0.5794,0.5391,0.4596,0.6029,0.5684,0.4587,0.5095,0.3592,0.388,0.443,0.3656
1715501004,0.5818,0.7415,0.6564,0.5957,0.7908,0.737,0.6174,0.6838,0.4497,0.5143,0.5986,0.5071
1715501005,0.4942,0.5909,0.5553,0.509,0.6489,0.5818,0.4523,0.5348,0.3742,0.4032,0.4591,0.3885
1715501006,0.4621,0.6007,0.5897,0.5076,0.6205,0.6141,0.5017,0.5515,0.3522,0.4289,0.475,0.3754
1715501008,0.5663,0.7492,0.6451,0.6041,0.827,0.7619,0.6353,0.7354,0.544,0.5145,0.5811,0.5402
1715501009,0.648,0.8283,0.7252,0.6483,0.8605,0.8348,0.7161,0.7658,0.5665,0.5923,0.6626,0.632
1715502001,0.5344,0.6983,0.6119,0.5672,0.757,0.6551,0.5442,0.5951,0.4538,0.4757,0.5294,0.4461
1715502002,0.5493,0.6802,0.6355,0.582,0.6659,0.6717,0.5095,0.6131,0.4467,0.456,0.524,0.4565
1715502003,0.5385,0.7109,0.6488,0.5962,0.7579,0.6986,0.5607,0.6244,0.4579,0.4425,0.5265,0.4463
1715502004,0.5003,0.6758,0.5694,0.5353,0.7318,0.6688,0.5378,0.6128,0.4006,0.4353,0.5198,0.4399
1715502005,0.656,0.8183,0.7219,0.6579,0.8175,0.767,0.6676,0.6958,0.5829,0.5663,0.6417,0.6117
1715502006,0.4993,0.6602,0.6276,0.6222,0.7226,0.6851,0.5474,0.6088,0.4431,0.3876,0.5051,0.402
1715502007,0.4871,0.6831,0.626,0.5531,0.755,0.6887,0.5213,0.6339,0.4815,0.4765,0.594,0.5387
1715701001,1.0,0.9603,0.8254,0.76,0.9134,0.8629,0.8871,0.8525,0.8151,0.7661,0.7823,0.7087
1715801001,0.671,0.6891,0.6121,0.5798,0.7082,0.7201,0.7176,0.5239,0.4615,0.6154,0.5965,0.5302
1715901001,0.5786,0.8054,0.7002,0.6423,0.8266,0.778,0.7382,0.7379,0.6044,0.7213,0.6484,0.6104
1716001001,0.5942,0.7925,0.6694,0.6376,0.8065,0.7627,0.6589,0.7051,0.59,0.537,0.6319,0.5987
1716001002,0.6153,0.7973,0.6972,0.6797,0.8322,0.759,0.6918,0.7089,0.5717,0.5198,0.6622,0.5974
1716002001,0.5837,0.7622,0.6859,0.6472,0.8132,0.7839,0.6785,0.7069,0.5443,0.5341,0.6049,0.5627
1716002002,0.534,0.721,0.6595,0.6075,0.7697,0.7433,0.6174,0.6741,0.4486,0.4967,0.6072,0.5075
1716002003,0.5328,0.7235,0.6803,0.6056,0.7739,0.7316,0.5984,0.6529,0.448,0.5161,0.6168,0.4782
1716002004,0.5396,0.7316,0.6782,0.6069,0.8019,0.7116,0.5633,0.6786,0.4184,0.5231,0.6663,0.5145
1716002005,0.4559,0.6713,0.6159,0.553,0.7351,0.6498,0.4619,0.57,0.3651,0.4338,0.5335,0.4056
1716003001,0.5898,0.7732,0.6953,0.6572,0.8004,0.7495,0.6515,0.6837,0.5425,0.5286,0.6301,0.5679
1716003002,0.5416,0.7404,0.6652,0.6157,0.7897,0.7512,0.6324,0.6896,0.4831,0.5079,0.6361,0.5239
1716003003,0.5179,0.6957,0.5902,0.563,0.7593,0.6975,0.6064,0.6151,0.4393,0.4921,0.5696,0.4571
1716004001,0.541,0.7446,0.6747,0.625,0.7813,0.7287,0.6346,0.6805,0.5229,0.4996,0.5835,0.5366
1716004002,0.5767,0.8368,0.7056,0.7031,0.8433,0.7757,0.6649,0.7133,0.5946,0.5153,0.6593,0.6325
1716101001,0.8103,0.8966,0.7444,0.7319,0.9046,0.8438,0.8601,0.825,0.7139,0.7545,0.6947,0.7134
1716201001,0.7722,0.755,0.619,0.5733,0.8481,0.7308,1.0,0.6928,0.5688,0.4969,0.6169,0.5987
1716301001,0.7142,0.8809,0.7403,0.6784,0.9158,0.8652,,,,0.6537,0.7368,0.7272
1716301002,0.6521,0.8241,0.7093,0.6588,0.8476,0.7771,0.7369,0.7423,0.6416,0.5928,0.6295,0.6387
1716301003,,,,,,,,,,0.6434,0.6789,0.6778
1716401001,0.6637,0.8402,0.6503,0.5991,0.8522,0.7882,0.717,0.7355,0.5491,0.5474,0.5749,0.5859
1716401002,0.6341,0.8312,0.6235,0.5872,0.8561,0.7779,0.72,0.7298,0.5407,0.5538,0.591,0.5996
1716401003,0.6631,0.8123,0.6415,0.5934,0.8662,0.7822,0.7279,0.7246,0.532,0.5363,0.5836,0.5797
1716501001,0.7116,0.8585,0.6815,0.6692,0.8545,0.8139,0.7216,0.7783,0.6013,0.4479,0.6224,0.6254
1716601001,0.709,0.8702,0.7481,0.7165,0.8839,0.841,0.8061,0.808,0.755,0.7668,0.7331,0.6982
1716701001,0.7843,0.8482,0.6942,0.6673,0.8644,0.8111,0.8039,0.7828,0.625,0.7341,0.6627,0.63
1716701002,0.7343,0.8379,0.699,0.6521,0.8637,0.8098,0.7991,0.7766,0.6299,0.7396,0.6746,0.6631
1716701003,0.7231,0.8303,0.6888,0.6472,0.8744,0.823,0.8295,0.7827,0.6145,0.7171,0.6831,0.6723
1716801001,0.8172,0.8856,0.7299,0.6842,0.9034,0.876,0.7807,0.8284,0.7177,0.6559,0.7297,0.7201
1716901001,,,,,,,,,0.5768,0.5258,0.5998,0.5711
1716901002,0.6462,0.8265,0.6995,0.6435,0.8717,0.8112,0.7329,0.7664,0.6667,0.6016,0.6598,0.6116
1716901003,,,,,,,,,0.6818,0.5427,0.729,0.6732
1717001001,0.847,0.8621,0.686,0.731,0.908,0.8167,0.8251,0.8092,0.743,0.7565,0.7225,0.7368
1717101001,0.88,0.8485,0.7546,0.7091,0.8614,0.8314,0.9155,0.7797,0.7143,0.7356,0.7989,0.7314
1717201001,0.7373,0.8414,0.6814,0.6608,0.8174,0.7702,0.7356,0.7434,0.6247,0.6314,0.6503,0.6004
1717301001,0.8,0.882,0.7833,0.7333,0.8977,0.8571,0.8486,0.7901,0.7074,0.8168,0.7077,0.6771
1717401001,0.648,0.8305,0.5795,0.5562,0.8851,0.8148,0.8,0.7927,0.6412,0.6983,0.6011,0.672
1717501001,0.6883,0.7123,0.6321,0.5554,0.7473,0.6755,0.5469,0.6225,0.4801,0.4301,0.5962,0.5027
1717601001,0.8254,0.8678,0.7459,0.7419,0.8525,0.8943,0.8321,0.8672,0.7797,0.8467,0.8226,0.7917
1717701001,0.746,0.8503,0.6377,0.6047,0.8662,0.8095,0.8199,0.758,0.5805,0.7291,0.6469,0.6781
1717801001,0.5212,0.7844,0.6491,0.6176,0.8069,0.7614,0.6945,0.7268,0.5629,0.5811,0.6137,0.5811
1718001001,0.5739,0.7533,0.6317,0.588,0.8076,0.7566,0.6536,0.6938,0.5019,0.4757,0.596,0.5457
1718001002,0.6416,0.7937,0.66,0.6131,0.8192,0.7466,0.6765,0.704,0.5794,0.5468,0.6245,0.6259
1718001003,0.6013,0.7807,0.6441,0.5897,0.8323,0.7548,0.6515,0.6957,0.5179,0.513,0.5945,0.5629
1718001004,0.6282,0.8123,0.6938,0.6383,0.8598,0.7952,0.6876,0.7377,0.5782,0.5145,0.6254,0.6171
1718001005,0.6073,0.7764,0.6646,0.5885,0.8336,0.7778,0.6615,0.7067,0.5297,0.5157,0.628,0.6035
1718001006,0.5183,0.7535,0.6181,0.5556,0.8077,0.7155,0.5232,0.6662,0.4403,0.3439,0.5414,0.4596
1718101001,0.6133,0.7773,0.6645,0.6208,0.8118,0.7725,0.6667,0.7105,0.5125,0.6221,0.6452,0.5752
1718101002,0.517,0.7694,0.6801,0.6462,0.821,0.7641,0.578,0.7087,0.5501,0.5293,0.6546,0.5682
1718201001,0.6459,0.7769,0.729,0.6882,0.8524,0.8088,0.6022,0.7249,0.5298,0.5964,0.6436,0.521
1718301001,0.8475,0.8828,0.6788,0.6498,0.8969,0.8471,0.8736,0.7787,0.6745,0.8199,0.6926,0.6834
1718401001,0.6971,0.8792,0.7099,0.6491,0.8803,0.8449,0.8117,0.8057,0.6619,0.6832,0.6465,0.6775
1718501001,0.674,0.8326,0.7006,0.6747,0.871,0.8089,0.74,0.7417,0.5568,0.6409,0.6309,0.6071
1718501002,0.6356,0.8094,0.6468,0.5812,0.8246,0.7682,0.7067,0.7116,0.4867,0.6053,0.6233,0.6264
1718501003,0.5943,0.8435,0.662,0.6018,0.8632,0.7642,0.7206,0.7401,0.5495,0.5318,0.5894,0.6345
1718601001,0.627,0.8562,0.7351,0.6858,0.8624,0.8173,0.726,0.7719,0.5977,0.5809,0.6398,0.5962
1718601002,0.5772,0.826,0.7169,0.6645,0.8753,0.8254,0.7015,0.7843,0.5745,0.5701,0.6894,0.6319
1718601003,0.5713,0.7867,0.7357,0.6782,0.8717,0.795,0.6529,0.7713,0.5429,0.5287,0.6631,0.6112
1718701001,0.7729,0.8811,0.7536,0.7052,0.8868,0.848,0.7846,0.7936,0.7149,0.7867,0.7343,0.6942
1718801001,0.7716,0.8494,0.7636,0.7561,0.8452,0.8225,0.8011,0.7836,0.7485,0.6461,0.6954,0.6568
1718901001,0.6989,0.87,0.7357,0.7063,0.8976,0.8662,0.7847,0.8297,0.7427,0.7403,0.7257,0.7067
1718901002,0.68,0.8516,0.7423,0.7137,0.8941,0.8654,0.7917,0.8285,0.7017,0.719,0.7084,0.703
1719001001,0.6958,0.8512,0.7031,0.6256,0.872,0.8126,0.7294,0.7482,0.6139,0.6559,0.6321,0.645
1719101001,0.8649,0.8828,0.7808,0.6525,0.9262,0.8735,0.8976,0.8589,0.8538,0.8363,0.7907,0.7574
1719201001,0.8267,0.8707,0.7448,0.6667,0.8298,0.8288,0.8919,0.7483,0.6531,0.8387,0.6842,0.7143
1719301001,0.6376,0.801,0.6988,0.6506,0.837,0.7708,0.6646,0.7176,0.5512,0.5377,0.6396,0.5676
1719301002,0.5588,0.7822,0.6842,0.6308,0.832,0.7665,0.6559,0.6918,0.5113,0.5016,0.6411,0.5355
1719301003,0.4228,0.6854,0.6054,0.5262,0.7541,0.6829,0.5,0.6121,0.3965,0.3926,0.5589,0.4369
1719401001,0.8916,0.8608,0.6923,0.6875,0.8861,0.7949,0.7831,0.7671,0.6712,0.8,0.6962,0.7595
1719501001,0.7337,0.8918,0.7574,0.7204,0.8955,0.8655,0.8596,0.8107,0.792,0.7793,0.7436,0.6997
1719601001,0.5455,0.8411,0.7056,0.6818,0.8475,0.8182,0.6367,0.7937,0.6367,0.7641,0.6903,0.6642
1719701001,0.8261,0.8603,0.7664,0.7727,0.8409,0.8626,0.7846,0.7578,0.7222,0.6562,0.728,0.6846
1719801001,0.687,0.7647,0.6558,0.6294,0.8239,0.7667,0.748,0.7025,0.5906,0.7631,0.6452,0.5957
1719901001,0.629,0.8248,0.6989,0.6307,0.8408,0.7808,0.687,0.7357,0.6036,0.5367,0.6157,0.5714
1719901002,0.6367,0.8267,0.7312,0.6786,0.8523,0.7666,0.6782,0.7346,0.6101,0.5994,0.6725,0.6693
1719901003,0.5506,0.698,0.5591,0.5506,0.7314,0.7011,0.6015,0.638,0.5602,0.5461,0.5609,0.4973
1719901004,0.6461,0.828,0.7178,0.6395,0.8603,0.8091,0.7104,0.7491,0.5869,0.5827,0.6802,0.5996
1719901005,0.5977,0.7738,0.6576,0.6216,0.83,0.7779,0.668,0.6914,0.5041,0.4967,0.5754,0.5559
1719901006,0.6052,0.8097,0.6816,0.591,0.8434,0.7829,0.6472,0.7124,0.541,0.5033,0.6337,0.5731
1719901007,0.5058,0.7808,0.6176,0.5512,0.8353,0.757,0.5852,0.6835,0.5416,0.4059,0.5601,0.515
1720001001,0.7302,0.849,0.6877,0.6917,0.8961,0.8218,0.8167,0.7516,0.6551,0.4835,0.6736,0.6329
1720101001,0.8516,0.916,0.7266,0.6444,0.8603,0.8392,0.8264,0.7518,0.6712,0.7115,0.6194,0.6225
1720201001,0.6203,0.7223,0.5898,0.5764,0.7684,0.7631,0.6972,0.6776,0.5133,0.5881,0.5898,0.5265
1720201002,0.6684,0.7707,0.6336,0.6025,0.7853,0.7261,0.6797,0.6803,0.5243,0.5797,0.6409,0.5071
1720201003,0.7069,0.7925,0.6893,0.6131,0.7951,0.7673,0.716,0.6891,0.5414,0.6568,0.6429,0.5567
1720301001,0.5844,0.8961,0.7143,0.6471,0.8553,0.8182,0.9091,0.7636,0.6481,0.6826,0.6481,0.6346
1720401001,0.6502,0.8029,0.6851,0.6206,0.8233,0.7735,0.7553,0.7044,0.5929,0.7308,0.6636,0.5845
1720501001,0.8908,0.8935,0.783,0.7548,0.8927,0.872,0.9279,0.799,0.732,0.8962,0.6683,0.7114
1720601001,0.6,0.8042,0.6312,0.6027,0.8,0.7613,0.7436,0.7025,0.6971,0.6721,0.625,0.5943
1720701001,0.7541,0.8845,0.7465,0.7036,0.9111,0.85,0.8254,0.7993,0.6903,0.6881,0.6809,0.7339
1720701002,0.6998,0.8577,0.6813,0.6381,0.865,0.8153,0.7844,0.7879,0.6753,0.6602,0.6695,0.6946
1720801001,0.6089,0.8313,0.681,0.597,0.8678,0.791,0.714,0.7393,0.5785,0.4868,0.5955,0.628
1720901001,0.7569,0.864,0.768,0.7032,0.8957,0.8439,0.7833,0.7675,0.6682,0.7429,0.7315,0.6643
1721001001,0.6781,0.8187,0.686,0.6352,0.8551,0.7741,0.7226,0.7238,0.6429,0.7382,0.6789,0.6477
1721101001,0.7635,0.8732,0.77,0.7,0.8966,0.8351,0.7485,0.8088,0.7033,0.7307,0.704,0.6966
1721201001,0.7826,0.8815,0.777,0.7376,0.8836,0.8239,0.8138,0.7655,0.7635,0.7357,0.7842,0.837
1721301001,0.6656,0.7963,0.6991,0.6348,0.83,0.7714,0.6972,0.7085,0.5289,0.607,0.6426,0.5854
1721301002,0.615,0.7747,0.6615,0.5967,0.7691,0.7164,0.6283,0.642,0.4491,0.543,0.5843,0.5196
1721301003,0.5913,0.8113,0.6905,0.6255,0.8313,0.7582,0.6591,0.6949,0.4921,0.5519,0.6062,0.5355
1721301004,0.4167,0.6429,0.5836,0.5225,0.7039,0.6292,0.4431,0.5629,0.3403,0.3053,0.4665,0.3738
1721401001,0.5606,0.8204,0.6671,0.6,0.8697,0.8077,0.6452,0.7227,0.6113,0.7368,0.6762,0.6708
1721501001,0.7256,0.8644,0.7795,0.7073,0.9093,0.8763,0.8179,0.8167,0.7088,0.6701,0.7217,0.7137
1721501002,,0.8606,0.756,0.7124,0.9192,0.8619,0.786,0.8058,0.6617,0.6534,0.7069,0.6901
1721601001,0.8696,0.8902,0.6788,0.6667,0.8827,0.8194,0.8726,0.7722,0.7239,0.8457,0.6605,0.7032
1721701001,0.7908,0.9062,0.7701,0.7486,0.9266,0.8839,0.8812,0.82,0.7589,0.6371,0.6923,0.7584
1721801001,0.721,0.8712,0.7619,0.6942,0.8932,0.8211,0.7654,0.7917,0.7318,0.7,0.708,0.7048
1722001001,0.8354,0.8728,0.6942,0.6759,0.9055,0.836,0.8556,0.8102,0.7115,0.7988,0.6807,0.694
1722101001,0.5713,0.7616,0.6529,0.5711,0.8269,0.7658,0.6674,0.6917,0.5326,0.5727,0.6355,0.5676
1722101002,0.5419,0.7979,0.7189,0.6675,0.8543,0.8185,0.6594,0.7364,0.6441,0.5948,0.6769,0.6472
1722101003,0.4951,0.7529,0.6628,0.5866,0.8114,0.76,0.6317,0.7078,0.533,0.5195,0.6565,0.5898
1722101004,0.5815,0.8176,0.7277,0.6672,0.8582,0.807,0.6978,0.764,0.5968,0.5922,0.6938,0.6169
1722201001,0.7182,0.8704,0.7798,0.7525,0.95,0.9048,0.8679,0.8365,0.8519,0.6496,0.7719,0.7607
1722301001,0.7189,0.7748,0.6543,0.6442,0.8272,0.7788,0.7827,0.7005,0.5824,0.6972,0.6448,0.6035
1722401001,0.6883,0.8301,0.6815,0.6051,0.8355,0.7715,0.6788,0.7559,0.6027,0.7424,0.6351,0.6599
1722501001,0.5789,0.7895,0.6667,0.6495,0.8517,0.7778,0.7053,0.7317,0.657,0.6274,0.6651,0.6927
1722601001,0.6023,0.7674,0.6682,0.6332,0.8217,0.752,0.6125,0.6821,0.5194,0.7976,0.6526,0.5707
1722701001,0.6479,0.8281,0.7422,0.6667,0.8741,0.7626,0.6604,0.7075,0.6419,0.7032,0.6761,0.6267
1722801001,0.7624,0.8605,0.7153,0.6215,0.8596,0.8035,0.7647,0.7649,0.6655,0.5537,0.6974,0.6777
1723001001,0.735,0.8603,0.7408,0.6795,0.8678,0.7956,0.7372,0.7599,0.5988,0.5179,0.6779,0.6355
1723201001,0.5906,0.8662,0.6577,0.6053,0.8759,0.7852,0.7,0.7603,0.6959,0.512,0.6887,0.6688
1723301001,0.7887,0.8778,0.73,0.6901,0.905,0.8659,0.8276,0.8202,0.663,0.6667,0.6662,0.6839
1723301002,0.7238,0.8341,0.7379,0.6699,0.8854,0.8089,0.7701,0.7759,0.6008,0.6768,0.6881,0.6531
1723401001,0.7344,0.8033,0.6776,0.6319,0.8667,0.8212,0.8172,0.7127,0.6339,0.8187,0.7528,0.6784
1790101001,0.5825,0.8349,0.7037,0.6312,0.8569,0.8037,0.6823,0.7427,0.6484,0.4111,0.6534,0.6256
1790201001,0.7085,0.8575,0.7265,0.6603,0.8678,0.822,0.7527,0.7756,0.6609,0.591,0.6675,0.6319
1790201002,0.7488,0.8714,0.6817,0.6429,0.8701,0.8263,0.7923,0.7549,0.6703,0.7,0.6742,0.6911
1790301001,0.6663,0.824,0.7213,0.6332,0.867,0.8166,0.6704,0.7712,0.5991,0.4216,0.6213,0.6642
2500101001,0.7429,0.777,0.6331,0.5069,0.8069,0.7482,0.8356,0.7133,0.4627,0.7364,0.5484,0.5484
2500201001,0.8218,0.8326,0.6674,0.6556,0.7789,0.7645,0.8367,0.6968,0.6586,0.8295,0.6785,0.5839
2500301001,0.615,0.765,0.6131,0.5844,0.78,0.7312,0.6551,0.6626,0.5226,0.577,0.6169,0.5507
2500301002,0.5921,0.7432,0.6142,0.5883,0.7889,0.7368,0.6533,0.6724,0.547,0.5218,0.5376,0.5382
2500301003,0.618,0.7747,0.6143,0.5647,0.8218,0.747,0.6659,0.6928,0.5737,0.5554,0.6097,0.5368
2500301004,0.644,0.8009,0.6721,0.6189,0.846,0.8015,0.6628,0.7204,0.5381,0.5758,0.6255,0.5403
2500401001,0.7701,0.8368,0.7443,0.6585,0.8541,0.8174,0.8106,0.7509,0.6431,0.7396,0.6615,0.6621
2500501001,0.6078,0.7978,0.6606,0.6272,0.7951,0.7372,0.7306,0.7175,0.6374,0.7132,0.6731,0.634
2500601001,0.8062,0.7965,0.6185,0.5912,0.8218,0.776,0.8527,0.7179,0.6381,0.7323,0.6557,0.5941
2500701001,0.6279,0.7989,0.7128,0.605,0.8125,0.7823,0.7105,0.7329,0.5304,0.5982,0.6035,0.5315
2500801001,0.7487,0.8506,0.7295,0.6361,0.8652,0.7969,0.7884,0.7428,0.5739,0.7603,0.6404,0.6108
2500901001,0.8727,0.8476,0.7369,0.7081,0.8499,0.8347,0.8977,0.7517,0.6953,0.6502,0.7081,0.7327
2501001001,0.5991,0.7678,0.6179,0.5355,0.86,0.7959,0.7653,0.7113,0.6753,0.6872,0.5949,0.5808
2501101001,0.5845,0.7761,0.6394,0.5484,0.8208,0.7448,0.6642,0.6696,0.4953,0.5818,0.5748,0.5257
2501101002,0.4677,0.6922,0.5729,0.5166,0.7789,0.7186,0.597,0.6424,0.4344,0.5129,0.5426,0.4493
2501101003,0.5544,0.7325,0.6207,0.5216,0.7874,0.7407,0.6151,0.6631,0.4501,0.5306,0.5704,0.489
2501101004,0.5683,0.739,0.596,0.5415,0.8095,0.7675,0.6755,0.7025,0.5125,0.5879,0.5797,0.56
2501201001,0.6765,0.7905,0.6989,0.6241,0.8244,0.7687,0.7179,0.6951,0.5626,0.6286,0.5985,0.541
2501201002,0.4383,0.6588,0.5955,0.489,0.7717,0.7172,0.5541,0.6261,0.4176,0.4387,0.5859,0.4092
2501301001,0.6831,0.728,0.6639,0.595,0.7833,0.7795,0.7823,0.71,0.5451,0.683,0.6066,0.5431
2501301002,0.6673,0.6996,0.6006,0.5563,0.7586,0.7022,0.7197,0.6462,0.483,0.6432,0.5912,0.5017
2501401001,0.8251,0.8504,0.6969,0.6346,0.8745,0.8153,0.7729,0.748,0.672,0.8248,0.6309,0.6078
2501501001,0.8204,0.8215,0.7268,0.6134,0.8281,0.7821,0.7249,0.6964,0.611,0.5807,0.5852,0.5828
2501601001,0.6455,0.7549,0.6789,0.6184,0.807,0.7639,0.696,0.6657,0.5461,0.6663,0.5998,0.5349
2501601002,0.6248,0.7671,0.6624,0.5865,0.8303,0.7628,0.6955,0.6816,0.5392,0.6313,0.593,0.5401
2501701001,0.834,0.8159,0.6695,0.7161,0.8051,0.7931,0.8918,0.7675,0.6797,0.749,0.6765,0.6667
2501901001,0.6817,0.729,0.6914,0.6133,0.7856,0.7215,0.7005,0.6654,0.487,0.4795,0.6368,0.57
2501901002,0.6537,0.7393,0.6775,0.6126,0.7882,0.7361,0.6858,0.6468,0.4515,0.5813,0.6108,0.5382
2501902001,0.6308,0.7144,0.6352,0.5836,0.7413,0.6933,0.6491,0.6188,0.4594,0.5955,0.6061,0.5364
2501902002,0.5978,0.6864,0.6334,0.5792,0.7125,0.6419,0.5956,0.5753,0.4409,0.587,0.5267,0.4832
2502001001,0.7533,0.8197,0.6952,0.7128,0.8893,0.8066,0.7899,0.7481,0.7316,0.8409,0.6756,0.6875
2502101001,0.5852,0.6316,0.5964,0.5391,0.7488,0.6718,0.6542,0.5737,0.4363,0.5621,0.5848,0.4835
2502102001,0.6257,0.7331,0.6461,0.5868,0.8025,0.741,0.7286,0.6618,0.5049,0.5818,0.5765,0.5426
2502102002,0.6603,0.763,0.6394,0.5756,0.8207,0.7933,0.7452,0.7229,0.539,0.6419,0.6413,0.5922
2502201001,0.6786,0.8692,0.717,0.7596,0.8426,0.8224,0.7368,0.7619,0.6019,0.6505,0.6429,0.5816
2502301001,0.6124,0.7873,0.6744,0.6029,0.8434,0.7885,0.6863,0.7173,0.5327,0.562,0.6176,0.5663
2502301002,0.5956,0.8022,0.6602,0.5893,0.8486,0.8004,0.6992,0.746,0.5833,0.5476,0.6514,0.5873
2502301003,0.5576,0.8332,0.7432,0.6626,0.8697,0.8134,0.6875,0.7427,0.6426,0.513,0.724,0.6039
2502401001,0.7191,0.8177,0.6545,0.6439,0.8,0.7756,0.8423,0.7045,0.6776,0.7647,0.6399,0.6347
2502501001,0.7016,0.6976,0.7177,0.6438,0.7844,0.7228,0.7538,0.6669,0.5116,0.7167,0.6596,0.5075
2502701001,0.7722,0.8318,0.6863,0.6486,0.8405,0.783,0.7976,0.7106,0.586,0.7329,0.6328,0.5927
2502901001,0.6856,0.8105,0.6948,0.6286,0.8214,0.7635,0.739,0.7258,0.6103,0.6576,0.6795,0.6337
2502901002,0.7081,0.8404,0.6962,0.6305,0.8615,0.8141,0.7904,0.7683,0.6176,0.7612,0.6936,0.6498
2503001001,0.6439,0.75,0.6565,0.5481,0.7231,0.7317,0.7903,0.6496,0.5639,0.6884,0.6148,0.5704
2503101001,0.7679,0.6923,0.5962,0.5577,0.7308,0.6842,0.8689,0.5614,0.5273,0.7231,0.629,0.4737
2503201001,0.8361,0.8333,0.7213,0.6875,0.8358,0.791,0.7344,0.8154,0.6769,0.8361,0.7167,0.6557
2503301001,0.7687,0.8368,0.7025,0.6651,0.8629,0.802,0.8069,0.7482,0.6652,0.7346,0.6823,0.6067
2503401001,0.6738,0.8187,0.672,0.6118,0.8485,0.7747,0.7376,0.7347,0.6186,0.664,0.6103,0.6057
2503401002,0.6316,0.742,0.6227,0.551,0.8132,0.7332,0.7103,0.6785,0.5404,0.6133,0.6215,0.5607
2503501001,0.6625,0.8417,0.7229,0.6256,0.8364,0.8361,0.8256,0.706,0.6458,0.788,0.6631,0.6201
2503601001,0.7527,0.8216,0.6848,0.6087,0.8486,0.7826,0.8261,0.6889,0.7093,0.6424,0.6159,0.6048
2503701001,0.801,0.8184,0.6364,0.6587,0.8468,0.7814,0.8432,0.7479,0.5462,0.775,0.5938,0.6121
2503801001,0.8204,0.7789,0.6858,0.6632,0.7865,0.721,0.7948,0.6853,0.6395,0.8145,0.6547,0.6209
2503801002,0.813,0.7992,0.6889,0.6248,0.8008,0.7784,0.8428,0.7446,0.6346,0.8333,0.6797,0.5831
2503901001,0.5614,0.8472,0.65,0.6534,0.8727,0.8276,0.847,0.7606,0.6989,0.7645,0.6947,0.6912
2504001001,0.6268,0.6639,0.5954,0.5329,0.6872,0.6565,0.6347,0.6025,0.4896,0.5732,0.5445,0.4973
2504001002,0.5897,0.7035,0.6333,0.5853,0.7717,0.7168,0.6145,0.6269,0.4768,0.574,0.5672,0.491
2504002001,0.6467,0.5163,0.4648,0.4259,0.6304,0.5675,0.6406,0.4747,0.3433,0.6092,0.4102,0.3598
2504003001,0.5888,0.7395,0.6473,0.6014,0.7782,0.7157,0.6141,0.6381,0.4589,0.5061,0.5758,0.5043
2504003002,0.5829,0.7254,0.6386,0.606,0.7676,0.7268,0.6344,0.6585,0.4567,0.5023,0.5721,0.4845
2504004001,0.6581,0.8056,0.715,0.6686,0.8246,0.7819,0.7035,0.7228,0.5749,0.5797,0.6038,0.5869
2504004002,0.6218,0.7627,0.66,0.6238,0.7975,0.7413,0.6572,0.6693,0.5294,0.5618,0.577,0.5582
2504004003,0.6552,0.8053,0.6937,0.6477,0.8223,0.7861,0.7164,0.7271,0.5646,0.6539,0.6538,0.6485
2504004004,0.6539,0.8177,0.6999,0.6479,0.8524,0.8118,0.7119,0.733,0.5509,0.6117,0.628,0.5957
2504101001,0.812,0.7888,0.6678,0.6109,0.8345,0.7557,0.859,0.7143,0.5411,0.5,0.5842,0.5522
2504201001,0.8612,0.8238,0.6875,0.5913,0.8454,0.7692,0.8317,0.7304,0.6931,0.6205,0.6082,0.5729
2504301001,0.6588,0.804,0.636,0.6208,0.8121,0.7653,0.7714,0.73,0.6081,0.713,0.6747,0.5131
2504401001,0.9062,0.8211,0.7196,0.6489,0.8967,0.8146,0.9227,0.809,0.7222,0.8869,0.7679,0.7378
2504501001,0.8824,0.7755,0.6923,0.7018,0.7288,0.5741,0.8596,0.4561,0.4237,0.7206,0.5556,0.5091
2504601001,0.5751,0.8205,0.6936,0.6611,0.9015,0.8575,0.739,0.8073,0.6642,0.599,0.7012,0.6216
2504701001,0.8171,0.8547,0.7228,0.6657,0.8636,0.8066,0.8205,0.7793,0.703,0.8224,0.6788,0.6517
2504801001,0.6934,0.7889,0.6847,0.6458,0.8522,0.7688,0.7381,0.7384,0.6159,0.6285,0.6283,0.5894
2504801002,0.7397,0.7927,0.714,0.6283,0.8537,0.7912,0.7923,0.7329,0.6119,0.6913,0.6698,0.6243
2504901001,0.8323,0.8487,0.6887,0.7285,0.8497,0.729,0.8671,0.7051,0.7133,0.8951,0.7071,0.7286
2505001001,0.5709,0.7324,0.5965,0.5716,0.797,0.7309,0.6657,0.6631,0.5417,0.5816,0.6007,0.5545
2505001002,0.6442,0.7952,0.6631,0.6185,0.8253,0.7806,0.7168,0.7263,0.5881,0.6257,0.5944,0.5928
2505001003,0.6287,0.7699,0.6667,0.6218,0.8259,0.749,0.7194,0.706,0.5736,0.6002,0.6425,0.5737
2505101001,0.6174,0.8123,0.6505,0.6097,0.8293,0.7788,0.7121,0.7004,0.6146,0.5946,0.6317,0.6049
2505201001,0.7551,0.847,0.7196,0.6605,0.8563,0.815,0.7687,0.7677,0.6277,0.6375,0.6388,0.6346
2505301001,0.6885,0.8186,0.7195,0.636,0.8635,0.8049,0.7409,0.7445,0.6112,0.6959,0.6643,0.5866
2505501001,0.7571,0.7701,0.686,0.6213,0.7927,0.7975,0.8,0.6994,0.5839,0.7763,0.625,0.585
2505601001,0.7854,0.7984,0.6214,0.6085,0.8186,0.7653,0.8611,0.6938,0.5797,0.9045,0.602,0.6051
2505701001,0.7451,0.791,0.7379,0.6779,0.7333,0.757,0.7256,0.726,0.491,0.6828,0.6623,0.5683
2505801001,0.5856,0.7249,0.5974,0.5659,0.7755,0.7231,0.6726,0.6597,0.4993,0.552,0.5457,0.5117
2505801002,0.65,0.8092,0.647,0.6406,0.8238,0.778,0.7149,0.7371,0.6096,0.588,0.6374,0.5786
2505802001,0.6237,0.8129,0.6613,0.6042,0.8443,0.7704,0.7129,0.725,0.5704,0.6005,0.6223,0.6265
2505802002,0.5612,0.728,0.6387,0.5852,0.7906,0.7102,0.6465,0.6673,0.515,0.5219,0.5548,0.5345
2505901001,0.7554,0.7416,0.7366,0.6547,0.7595,0.7638,0.759,0.6825,0.5645,0.7303,0.6868,0.5638
2506001001,0.5972,0.7429,0.6429,0.6389,0.6901,0.7101,0.6857,0.5915,0.5692,0.6607,0.5741,0.5862
2506101001,0.8415,0.8049,0.6463,0.5542,0.7561,0.7375,0.7595,0.6375,0.5949,0.5128,0.6,0.4203
2506201001,0.7003,0.8292,0.6882,0.648,0.8441,0.8317,0.804,0.7207,0.6223,0.7779,0.6985,0.6732
2506301001,0.7826,0.7033,0.6044,0.6667,0.7692,0.6421,0.8478,0.619,0.4211,0.6627,0.6463,0.4598
2506401001,0.8205,0.9138,0.7589,0.6296,0.9109,0.898,0.9293,0.8125,0.7872,0.7333,0.7143,0.6408
2506701001,0.6537,0.7948,0.6616,0.6495,0.8129,0.7606,0.7595,0.7123,0.5827,0.6471,0.6455,0.5842
2506801001,0.7447,0.8303,0.6667,0.6223,0.848,0.7571,0.7657,0.6971,0.5668,0.7289,0.6024,0.5771
2506901001,0.8115,0.7684,0.638,0.5477,0.8032,0.7741,0.8521,0.6948,0.5507,0.7537,0.6263,0.5899
2507001001,0.6036,0.8399,0.7148,0.6731,0.8837,0.8348,0.7899,0.7576,0.6224,0.7416,0.6779,0.6429
2507101001,0.7818,0.7885,0.6078,0.6327,0.7955,0.7619,0.8182,0.7561,0.7805,0.7805,0.7105,0.7429
2507201001,0.5862,0.7017,0.6164,0.5733,0.7662,0.6984,0.6134,0.6358,0.4874,0.4466,0.5518,0.4913
2507202001,0.687,0.7862,0.6904,0.6498,0.8319,0.7868,0.7064,0.7192,0.5545,0.5302,0.6258,0.6079
2507202002,0.6035,0.7266,0.6391,0.5756,0.7914,0.7324,0.6118,0.6562,0.5066,0.4892,0.5823,0.509
2507202003,0.6975,0.827,0.7011,0.6581,0.8673,0.8212,0.7057,0.7405,0.6015,0.5722,0.6796,0.6544
2507203001,0.6027,0.7367,0.6641,0.561,0.8243,0.764,0.6482,0.6977,0.5232,0.5202,0.6146,0.5589
2507301001,0.5635,0.7653,0.6361,0.5636,0.8092,0.7692,0.663,0.6744,0.6115,0.4917,0.6224,0.5473
2507401001,0.8011,0.8715,0.7967,0.7416,0.8944,0.8722,0.8827,0.8659,0.7184,0.85,0.7562,0.7108
2507501001,0.8898,0.8718,0.7009,0.6154,0.9262,0.7786,0.9167,0.7652,0.6769,0.9141,0.7656,0.7442
2507601001,0.4452,0.7551,0.5753,0.5586,0.7826,0.7015,0.694,0.6947,0.6818,0.7405,0.6667,0.6241
2507701001,0.7425,0.7593,0.5913,0.5529,0.8098,0.7523,0.7813,0.7172,0.6328,0.6965,0.6244,0.5969
2507801001,0.6938,0.8375,0.715,0.6293,0.86,0.8062,0.7562,0.7497,0.6486,0.5093,0.6454,0.6008
2507901001,0.8387,0.8301,0.7082,0.6622,0.8464,0.8,0.8561,0.7319,0.6727,0.8276,0.7208,0.6596
2508101001,0.5418,0.8307,0.6698,0.6136,0.8456,0.77,0.6877,0.694,0.6407,0.7948,0.6171,0.5949
2508201001,0.6107,0.7806,0.6036,0.6526,0.7902,0.7763,0.8682,0.6747,0.6545,0.7627,0.6472,0.6266
2508501001,0.6226,0.8411,0.6974,0.723,0.8929,0.8369,0.7801,0.773,0.6993,0.7537,0.7463,0.6212
2508601001,0.7354,0.8437,0.6998,0.6628,0.8324,0.7946,0.7917,0.781,0.7058,0.6958,0.6442,0.5819
2508701001,0.8281,0.8387,0.7541,0.7167,0.9091,0.875,0.875,0.8333,0.7358,1.0,0.6667,0.8235
2508801001,0.7374,0.9062,0.7917,0.7604,0.866,0.8947,0.8646,0.7604,0.6289,0.73,0.74,0.6389
2508901001,0.7019,0.8286,0.5472,0.5714,0.84,0.7423,0.8144,0.7527,0.6374,0.9065,0.6,0.578
2509201001,0.6642,0.7879,0.7045,0.7538,0.8182,0.7953,0.8095,0.744,0.7619,0.8154,0.6977,0.7231
2509301001,0.6508,0.8195,0.7058,0.6297,0.8344,0.7774,0.7575,0.7234,0.6246,0.8096,0.66,0.6525
2509401001,0.7667,0.8905,0.7986,0.7153,0.8723,0.8345,0.7823,0.6957,0.6692,0.7444,0.712,0.7109
2509601001,0.7114,0.7792,0.6425,0.592,0.8209,0.7466,0.8041,0.6746,0.545,0.672,0.5871,0.5882
2509701001,0.7802,0.9059,0.7126,0.7738,0.881,0.8571,0.8605,0.7978,0.6383,1.0,0.7159,0.7011
2509801001,0.7115,0.7849,0.6443,0.5968,0.7806,0.7414,0.7561,0.7048,0.6094,0.7186,0.6806,0.653
2509901001,0.6782,0.7978,0.6381,0.5978,0.8127,0.7599,0.7646,0.7066,0.5525,0.6795,0.615,0.5636
2510001001,0.6573,0.8708,0.6321,0.5924,0.9005,0.788,0.7946,0.7446,0.7005,0.8486,0.6201,0.6608
2510101001,0.8559,0.865,0.6956,0.6488,0.8708,0.8361,0.8895,0.7687,0.6929,0.7915,0.6821,0.6576
2510201001,0.6192,0.8067,0.6643,0.5941,0.8236,0.7821,0.6737,0.7481,0.629,0.6512,0.6867,0.5877
2510301001,0.6364,0.7176,0.6107,0.563,0.8516,0.7574,0.7071,0.6567,0.5573,0.8209,0.6385,0.621
2510401001,0.7778,0.7812,0.688,0.5846,0.7891,0.7459,0.6942,0.7333,0.6077,0.7967,0.7459,0.6803
2510501001,0.6544,0.8333,0.7308,0.736,0.8655,0.8641,0.835,0.8381,0.8125,1.0,0.7876,0.8108
2510901001,0.5917,0.827,0.7059,0.7056,0.8371,0.8364,0.8122,0.7346,0.6779,0.5771,0.7085,0.6406
2511001001,0.6099,0.7874,0.6739,0.6204,0.843,0.7646,0.6735,0.6873,0.5238,0.5298,0.5843,0.5602
2511001002,0.5945,0.802,0.654,0.5844,0.8564,0.7853,0.6931,0.7048,0.5814,0.5755,0.6294,0.6004
2511001003,0.5755,0.7618,0.6381,0.57,0.8288,0.7743,0.675,0.7267,0.5668,0.5541,0.6093,0.5787
2511101001,0.9138,0.8696,0.7217,0.6154,0.8992,0.7965,0.8772,0.7544,0.6636,0.7652,0.6607,0.6261
2511201001,0.8957,0.8582,0.6949,0.7033,0.854,0.7985,0.7903,0.7621,0.6642,0.6515,0.687,0.61
2511301001,0.7505,0.8442,0.7471,0.7121,0.8436,0.8097,0.7976,0.7717,0.6433,0.7215,0.6838,0.641
2511301002,0.7701,0.8328,0.7242,0.6804,0.8494,0.8232,0.8093,0.7932,0.6434,0.7321,0.6886,0.6173
2511401001,0.7938,0.9684,0.8969,0.7347,0.9362,0.8316,0.8947,0.8646,0.7905,0.828,0.7312,0.7912
2511501001,0.7067,0.8014,0.6687,0.5934,0.8413,0.7965,0.7965,0.7484,0.6463,0.7466,0.6291,0.6646
2511801001,0.6243,0.8017,0.6371,0.5723,0.8138,0.737,0.6696,0.684,0.5253,0.8,0.7047,0.6568
2511901001,0.693,0.8078,0.6645,0.6241,0.8091,0.7843,0.7332,0.7277,0.5986,0.6248,0.6273,0.5814
2511901002,0.7358,0.8581,0.7453,0.6704,0.862,0.8213,0.8023,0.7848,0.6183,0.6798,0.666,0.6603
2512001001,0.5706,0.7615,0.6705,0.6393,0.7866,0.7562,0.6444,0.6903,0.569,0.5553,0.6323,0.5633
2512001003,0.5636,0.7706,0.6929,0.6227,0.7788,0.7463,0.6118,0.6895,0.5609,0.4788,0.6041,0.5559
2512001004,0.5648,0.7868,0.6943,0.6309,0.8306,0.7884,0.668,0.7394,0.5669,0.5587,0.6382,0.5946
2512001005,0.5011,0.7203,0.6835,0.5975,0.7986,0.7395,0.5676,0.6642,0.4267,0.4986,0.6085,0.476
2512001006,0.5392,0.712,0.6641,0.5977,0.7898,0.7448,0.6011,0.6922,0.4552,0.5461,0.6136,0.5297
2512001007,0.4983,0.7135,0.631,0.567,0.7813,0.752,0.589,0.6628,0.4954,0.5148,0.6002,0.5305
2512001008,0.5516,0.7707,0.6909,0.615,0.8214,0.7738,0.6156,0.7001,0.4954,0.5235,0.635,0.5579
2512001009,0.5457,0.7155,0.6508,0.6309,0.7479,0.7077,0.595,0.663,0.5274,0.4673,0.5822,0.5074
2512001010,0.5104,0.6997,0.6609,0.5496,0.7574,0.6858,0.5243,0.5703,0.3778,0.4462,0.5212,0.4393
2512001011,0.5434,0.7644,0.6819,0.6138,0.816,0.7531,0.5748,0.6798,0.4628,0.5349,0.6255,0.5427
2512001012,0.4859,0.6658,0.5848,0.5197,0.6741,0.6255,0.4922,0.5712,0.4126,0.4122,0.5019,0.4431
2512001013,0.5499,0.7403,0.6751,0.6078,0.8088,0.7675,0.6358,0.7029,0.4816,0.5709,0.6513,0.5742
2512001014,0.5514,0.7676,0.7145,0.6383,0.8482,0.8052,0.6591,0.7408,0.5172,0.6043,0.6801,0.6003
2512002002,0.5398,0.7394,0.6428,0.6002,0.8016,0.7474,0.5967,0.6776,0.5004,0.5279,0.6014,0.5407
2512002003,0.5436,0.7446,0.6567,0.6036,0.7803,0.7262,0.6169,0.6823,0.4815,0.5117,0.5988,0.5388
2512002004,0.5637,0.7708,0.6816,0.615,0.8317,0.7805,0.6366,0.7207,0.5486,0.5458,0.6513,0.5728
2512002005,0.6108,0.7962,0.717,0.6495,0.845,0.8125,0.6772,0.741,0.5632,0.5615,0.6504,0.5892
2512002006,0.5602,0.7444,0.6761,0.5831,0.8132,0.7597,0.612,0.6864,0.5,0.5442,0.6311,0.5476
2512002007,0.5529,0.7347,0.6796,0.6231,0.7871,0.7484,0.6228,0.6851,0.4921,0.5411,0.638,0.5574
2512002008,0.5185,0.707,0.6738,0.6081,0.7344,0.6895,0.5622,0.6034,0.443,0.4837,0.5827,0.5178
2512002009,0.6059,0.826,0.7585,0.6777,0.8846,0.8401,0.7225,0.7979,0.6025,0.5751,0.6548,0.6233
2512003001,0.4601,0.6075,0.5405,0.5125,0.6647,0.6282,0.5296,0.5871,0.4025,0.4102,0.4921,0.4427
2512003003,0.5589,0.6727,0.6095,0.5667,0.7113,0.6844,0.5849,0.6517,0.5104,0.4705,0.558,0.5086
2512003004,0.6183,0.8198,0.7548,0.6874,0.8649,0.8217,0.7081,0.7809,0.653,0.6286,0.7011,0.6521
2512003005,0.5703,0.8207,0.729,0.6687,0.8337,0.8004,0.6796,0.7691,0.6215,0.5533,0.6705,
2512003006,0.5985,0.7667,0.7031,0.6327,0.8124,0.7594,0.6317,0.7017,0.5569,0.5613,0.6446,0.5694
2512003007,0.5313,0.7621,0.6466,0.5984,0.7652,0.7474,0.6066,0.6614,0.4964,0.4973,0.6243,0.51
2512003008,0.5906,0.7535,0.6888,0.6136,0.7785,0.7612,0.6535,0.7221,0.5408,0.534,0.6414,0.5443
2512004001,0.3885,0.5029,0.4836,0.4365,0.5299,0.4937,0.3825,0.4264,0.3215,0.3024,0.3856,0.3051
2512004003,0.6294,0.8048,0.737,0.6653,0.8276,0.7858,0.6804,0.7467,0.6024,0.5586,0.6497,0.598
2512004004,0.5674,0.7,0.6599,0.6215,0.7516,0.7006,0.5942,0.6683,0.5056,0.4936,0.5978,0.542
2512004005,0.5491,0.7522,0.6886,0.632,0.8,0.7245,0.6218,0.7038,0.5408,0.5236,0.6033,0.5107
2512004006,0.5709,0.779,0.6833,0.6431,0.833,0.7545,0.6425,0.726,0.5682,0.5641,0.6537,0.5752
2512004007,0.5401,0.7373,0.6382,0.5967,0.7491,0.7196,0.5844,0.6411,0.4714,0.4853,0.5627,0.5212
2512004008,0.5091,0.6798,0.6047,0.5758,0.7149,0.6564,0.531,0.595,0.3982,0.4249,0.5167,0.4537
2512004010,0.3715,0.517,0.4463,0.4008,0.5493,0.5128,0.343,0.3807,0.2435,0.2983,0.3631,0.2322
2512004011,0.3948,0.4896,0.4142,0.3794,0.5242,0.445,0.3232,0.3816,0.205,0.2525,0.3031,0.2417
2512004013,0.4672,0.6582,0.5828,0.5315,0.712,0.6788,0.5115,0.6,0.3601,0.4512,0.5505,0.4302
2512004014,0.4888,0.6903,0.6367,0.5689,0.732,0.7052,0.5452,0.5967,0.4326,0.4601,0.5564,0.4412
2512004015,0.4818,0.7122,0.6455,0.591,0.7909,0.7242,0.5824,0.656,0.4457,0.4204,0.5677,0.5076
2512004016,0.5493,0.732,0.6886,0.6282,0.8031,0.7518,0.6256,0.7073,0.5143,0.5421,0.6302,0.551
2512004017,0.5575,0.7549,0.6891,0.6218,0.7909,0.7619,0.6222,0.7046,0.5178,0.5479,0.638,0.5714
2512005002,0.5554,0.7339,0.6653,0.6389,0.7807,0.7741,0.6497,0.6906,0.5105,0.4974,0.575,0.5283
2512005003,0.5411,0.7252,0.6626,0.6254,0.7729,0.7345,0.6386,0.6714,0.5554,0.4777,0.5886,0.5149
2512005004,0.6045,0.7786,0.7043,0.6519,0.7947,0.7634,0.6476,0.7071,0.5484,0.5205,0.6508,0.5872
2512005005,0.6014,0.7597,0.7015,0.6627,0.7956,0.7646,0.6607,0.7141,0.5556,0.5607,0.6108,0.6256
2512005006,0.6262,0.8199,0.7599,0.6856,0.8557,0.8245,0.7201,0.7614,0.6478,0.6019,0.7001,0.6485
2512005007,0.4919,0.6504,0.5817,0.5127,0.7059,0.6554,0.5391,0.6214,0.4588,0.4664,0.5826,0.4937
2512005008,0.5942,0.7914,0.7271,0.6655,0.8353,0.8156,0.707,0.7248,0.6036,0.5714,0.6979,0.6034
2512005009,0.5863,0.8005,0.7123,0.6721,0.8387,0.7909,0.6776,0.7439,0.6201,0.5759,0.678,0.5997
2512005010,0.5904,0.7987,0.7215,0.6702,0.8193,0.803,0.6748,0.7459,0.5935,0.5905,0.6919,0.6568
2512005011,0.6977,0.8795,0.816,0.7572,0.9039,0.8708,0.7942,0.8156,0.7166,0.6767,0.7574,0.7278
2512005012,0.6003,0.8037,0.7032,0.6605,0.8409,0.7864,0.6861,0.722,0.5833,0.5744,0.6634,0.6064
2512006001,0.4583,0.6431,0.5856,0.5237,0.6401,0.641,0.4986,0.5728,0.4454,0.4215,0.5367,0.4509
2512006002,0.5502,0.7475,0.667,0.6153,0.7587,0.704,0.5912,0.6741,0.5014,0.4787,0.5929,0.5324
2512006003,0.5161,0.716,0.6637,0.5963,0.7561,0.7325,0.5669,0.6548,0.4675,0.4701,0.5812,0.4981
2512006004,0.5967,0.779,0.7074,0.6529,0.8063,0.7869,0.6527,0.7298,0.5634,0.5354,0.6362,0.5833
2512006005,0.6042,0.7828,0.7281,0.6761,0.805,0.7896,0.6952,0.7454,0.5918,0.5872,0.6979,0.6537
2512006006,0.5563,0.7288,0.6568,0.6064,0.7423,0.7069,0.5641,0.6414,0.4843,0.4911,0.5859,0.5264
2512006007,0.508,0.7027,0.6323,0.5638,0.7639,0.7211,0.5616,0.6399,0.4312,0.4707,0.5737,0.497
2512006009,,0.6903,0.6166,0.5695,0.75,0.7267,0.5769,0.6403,0.4176,0.4688,0.5778,0.4814
2512006010,0.499,0.6881,0.629,0.5676,0.7344,0.6893,0.5436,0.6474,0.4498,0.4579,0.5518,0.4678
2512006011,0.5494,0.7729,0.6639,0.6103,0.7772,0.7451,0.6489,0.6824,0.5171,0.5293,0.5931,0.5626
2512006012,0.5792,0.7804,0.6909,0.6316,0.8006,0.7792,0.632,0.7076,0.5218,0.5222,0.6227,0.5206
2512006013,0.6476,0.8188,0.7659,0.6963,0.8455,0.7947,0.6942,0.7492,0.6382,0.58,0.6613,0.6315
2512006014,0.5823,0.787,0.7212,0.6515,0.857,0.8141,0.6663,0.7472,0.5601,0.5762,0.658,0.6054
2512006016,0.6152,0.8189,0.7299,0.6993,0.8486,0.8411,0.7229,0.7562,0.6262,0.5802,0.6873,0.6553
2512006017,0.4738,0.6968,0.6294,0.5556,0.7536,0.7139,0.5362,0.6262,0.4188,0.4732,0.5475,0.4647
2512007001,0.5378,0.7655,0.6642,0.5841,0.813,0.7789,0.6273,0.7193,0.5303,0.5641,0.6407,0.6031
2512007002,,,,,,0.7254,0.5446,0.64,0.4397,0.4519,0.5662,0.4592
2512007003,0.5523,0.7429,0.6779,0.6039,0.8004,0.7564,0.5914,0.6811,0.4536,0.5091,0.6175,0.5181
2512007004,0.4757,0.6293,0.5969,0.5175,0.7157,0.6225,0.4633,0.5299,0.3561,0.4654,0.5101,0.403
2512007005,0.4989,0.7442,0.656,0.5637,0.7957,0.7214,0.5464,0.6537,0.4158,0.4584,0.5785,0.459
2512007006,0.4931,0.6973,0.6213,0.5642,0.7728,0.7164,0.5615,0.6558,0.4537,0.4623,0.5578,0.4818
2512007007,0.5115,0.7002,0.6721,0.5662,0.7857,0.7257,0.5579,0.6366,0.4176,0.4717,0.5868,0.4959
2512008001,0.5389,0.7303,0.6323,0.6025,0.7694,0.7002,0.611,0.646,0.5197,0.5014,0.5823,0.5142
2512008002,0.6567,0.8375,0.7388,0.6927,0.8768,0.8753,0.7695,0.8339,0.7221,0.6776,0.7667,0.7206
2512008003,0.6659,0.8036,0.7372,0.6459,0.8525,0.7922,0.7075,0.7071,0.5509,0.6771,0.6767,0.6085
2512008004,,,,,,0.7732,0.6375,0.6869,0.5721,0.5164,0.6268,0.5848
2512009001,0.5805,0.7695,0.6697,0.6336,0.8133,0.7813,0.6751,0.7004,0.5949,0.5822,0.6727,0.6154
2512009002,0.5069,0.7333,0.6358,0.5962,0.7932,0.7235,0.5885,0.6585,0.4613,0.4683,0.5983,0.5199
2512101001,0.7765,0.6692,0.6464,0.6444,0.6848,0.6866,0.7515,0.6013,0.4817,0.6593,0.5787,0.492
2512201001,0.6655,0.8157,0.6404,0.6237,0.8446,0.7824,0.7457,0.7408,0.5634,0.653,0.6344,0.5921
2512201002,0.6958,0.8536,0.6862,0.6369,0.8509,0.7806,0.7448,0.721,0.5326,0.6943,0.6367,0.6181
2512301001,0.7789,0.841,0.6788,0.6943,0.8548,0.7989,0.866,0.7143,0.7128,0.5721,0.6944,0.6204
2512401001,0.7964,0.8095,0.6982,0.6386,0.7925,0.7261,0.8354,0.6375,0.6242,0.7179,0.6346,0.609
2512501001,0.6457,0.822,0.658,0.5995,0.837,0.7789,0.6873,0.6919,0.6461,0.5559,0.6639,0.6017
2512601001,0.8646,0.8,0.7483,0.6897,0.8116,0.8204,0.9161,0.7509,0.6738,0.8014,0.7276,0.7436
2512701001,0.7615,0.8779,0.6368,0.6476,0.8257,0.8037,0.6895,0.6682,0.6288,0.5407,0.5755,0.6125
2512801001,1.0,0.7431,0.6268,0.5515,0.7302,0.685,0.7422,0.68,0.6107,0.7632,0.646,0.5982
2512901001,0.8266,0.8506,0.642,0.4743,0.8263,0.7233,0.7484,0.7019,0.6115,0.743,0.6188,0.6257
2513001001,0.6263,0.8223,0.5939,0.5795,0.7947,0.776,0.873,0.7182,0.641,0.75,0.639,0.5764
2513101001,0.789,0.7506,0.6578,0.6154,0.8411,0.7985,0.7193,0.7132,0.6205,0.752,0.7292,0.6334
2513201001,0.768,0.8492,0.7462,0.6471,0.8643,0.8252,0.8592,0.7518,0.6316,0.8667,0.7426,0.7246
2513301001,0.7548,0.7969,0.6578,0.6119,0.8506,0.7697,0.8084,0.7168,0.5949,0.7485,0.6129,0.6143
2513401001,0.7241,0.7971,0.6583,0.5923,0.8295,0.8159,0.8052,0.7554,0.6488,0.7621,0.6678,0.625
2513501001,0.7974,0.8082,0.6851,0.5837,0.822,0.773,0.789,0.677,0.5596,0.8416,0.6036,0.6111
2513601001,0.8738,0.81,0.7245,0.6737,0.8854,0.8229,0.866,0.7789,0.7053,0.7368,0.6522,0.6703
2513701001,0.6101,0.7669,0.6691,0.6257,0.7814,0.7244,0.6331,0.6684,0.5043,0.5546,0.572,0.5399
2513701002,0.5487,0.7393,0.6361,0.5791,0.7746,0.7119,0.6141,0.6573,0.4731,0.5307,0.5707,0.5172
2513701003,0.5118,0.6653,0.6013,0.5342,0.7185,0.6688,0.5599,0.6105,0.4301,0.5357,0.5635,0.4967
2513701004,0.6201,0.8022,0.6929,0.6127,0.81,0.7699,0.6857,0.6902,0.5398,0.5807,0.6006,0.5807
2513701005,0.5419,0.753,0.6399,0.616,0.7716,0.7102,0.5978,0.669,0.4807,0.5617,0.6056,0.5484
2513701006,0.5703,0.7938,0.6755,0.595,0.8006,0.7587,0.6437,0.6858,0.5116,0.5216,0.6043,0.5301
2513801001,0.8014,0.8715,0.7205,0.638,0.8623,0.8044,0.8773,0.7652,0.6346,0.8107,0.7082,0.6066
2513901001,0.627,0.8368,0.6785,0.6296,0.8301,0.7943,0.7312,0.7296,0.6283,0.6043,0.66,0.6446
2514001001,0.4899,0.7375,0.6047,0.552,0.7853,0.7413,0.7205,0.6932,0.5564,0.5854,0.5713,0.5132
2514101001,0.7469,0.7898,0.6474,0.6209,0.8312,0.7763,0.8344,0.6818,0.5613,0.7987,0.6242,0.5103
2514201001,0.707,0.8049,0.6848,0.6291,0.8414,0.8219,0.8361,0.7883,0.6758,0.7843,0.7094,0.6647
2514301001,0.8276,0.8391,0.6667,0.6667,0.9277,0.8571,1.0,0.7683,0.6875,0.9136,0.8272,0.8077
2514501001,0.7727,0.8588,0.7529,0.7558,0.9146,0.8684,0.8947,0.7867,0.8108,0.8421,0.7733,0.6944
2514601001,0.7759,0.8444,0.6696,0.6167,0.8319,0.7783,0.7265,0.7085,0.6036,0.64,0.6305,0.661
2514801001,0.875,0.8119,0.7045,0.5662,0.843,0.7671,0.8814,0.7054,0.6574,0.837,0.684,0.6386
2514901001,0.7633,0.8439,0.7308,0.6953,0.839,0.8041,0.8022,0.7509,0.6045,0.7428,0.6983,0.6602
2515001001,0.5323,0.8182,0.6865,0.6354,0.843,0.8242,0.8176,0.7904,0.7108,0.6667,0.68,0.7399
2515101001,0.7674,0.8763,0.6955,0.6204,0.905,0.8043,0.752,0.7592,0.6315,0.7221,0.6509,0.6654
2515201001,0.7241,0.7643,0.7143,0.6143,0.8462,0.7361,0.7778,0.7162,0.6216,0.6111,0.6138,0.6408
2515301001,0.7931,0.82,0.7121,0.6771,0.8263,0.7917,0.7969,0.7316,0.5691,0.7719,0.6882,0.6667
2515401001,0.8455,0.7623,0.5667,0.6066,0.8319,0.7966,0.7881,0.735,0.6348,0.5586,0.6636,0.6636
2515501001,0.7994,0.8117,0.6942,0.6507,0.8387,0.7977,0.817,0.724,0.6023,0.7387,0.6341,0.5925
2515601001,0.5392,0.8432,0.7257,0.6935,0.8482,0.7755,0.6806,0.7464,0.6296,0.4942,0.6545,0.6254
2515701001,0.8268,0.8571,0.768,0.6354,0.8623,0.8457,0.8545,0.7987,0.6604,0.7346,0.7595,0.6903
2515801001,0.6634,0.8215,0.7096,0.6286,0.8521,0.8039,0.788,0.7433,0.6187,0.7145,0.6613,0.6316
2516101001,0.496,0.7439,0.6359,0.6083,0.7898,0.7085,0.641,0.65,0.6302,0.7312,0.609,0.5881
2516301001,0.6223,0.7913,0.6272,0.5844,0.8369,0.7669,0.7754,0.7043,0.5726,0.572,0.639,0.6292
2516401001,0.5908,0.7448,0.6929,0.6436,0.7885,0.7395,0.7584,0.7337,0.6028,0.6994,0.6516,0.6545
2516501001,0.8632,0.8321,0.6929,0.6281,0.8286,0.8007,0.8309,0.7749,0.6703,0.8517,0.7519,0.709
2516601001,0.8475,0.8295,0.6949,0.6077,0.8713,0.7965,0.8497,0.7706,0.5449,0.7733,0.7093,0.6798
2516701001,0.7562,0.8462,0.6695,0.6,0.8475,0.8186,0.8274,0.7399,0.658,0.68,0.662,0.6728
2516801001,0.8178,0.8538,0.7717,0.6955,0.875,0.8361,0.8473,0.8044,0.6559,0.7429,0.698,0.7083
2516901001,0.75,0.8032,0.6649,0.6474,0.8412,0.7066,0.8494,0.6882,0.64,0.7914,0.7273,0.6961
2517001001,0.7849,0.8397,0.6894,0.6353,0.8604,0.8812,0.8851,0.8015,0.7237,0.752,0.6908,0.6548
2517101001,0.6486,0.785,0.674,0.6507,0.8139,0.7752,0.7278,0.7187,0.6074,0.5943,0.623,0.5647
2517101002,0.6788,0.8013,0.6613,0.6458,0.8062,0.7666,0.7267,0.734,0.6195,0.6393,0.6304,0.6173
2517201001,0.7356,0.7994,0.6765,0.6705,0.835,0.7521,0.7548,0.7108,0.5779,0.6794,0.6109,0.605
2517201002,0.761,0.8243,0.6847,0.6388,0.8459,0.8167,0.8074,0.7854,0.5987,0.7086,0.6547,0.6128
2517301001,0.6392,0.7757,0.717,0.6909,0.8139,0.7848,0.7322,0.733,0.593,0.6456,0.6769,0.5891
2517301002,0.6184,0.7112,0.6454,0.6519,0.7461,0.753,0.668,0.68,0.4735,0.5902,0.6625,0.5322
2517401001,0.8852,0.8715,0.7513,0.7053,0.8934,0.8308,0.884,0.8,0.6797,0.901,0.7345,0.6305
2517501001,0.6287,0.8929,0.6804,0.629,0.8387,0.767,0.7472,0.6879,0.7005,0.689,0.6184,0.6377
2517601001,0.7636,0.8349,0.766,0.699,0.8803,0.8534,0.7532,0.785,0.6563,0.729,0.7087,0.7016
2517701001,0.7225,0.7899,0.6935,0.6141,0.8056,0.7542,0.7452,0.7079,0.6057,0.4785,0.596,0.497
2517901001,0.7135,0.8712,0.7143,0.6358,0.9053,0.7836,0.8092,0.7811,0.6739,0.8325,0.7409,0.733
2518001001,0.562,0.7479,0.6318,0.6111,0.8133,0.7719,0.7112,0.696,0.6422,0.5046,0.6197,0.6244
2518101001,0.5787,0.8492,0.7797,0.7151,0.8519,0.7771,0.8333,0.7965,0.6299,0.5815,0.5652,0.5769
2518201001,0.7083,0.8057,0.7076,0.6371,0.8828,0.8073,0.7713,0.7315,0.5836,0.7305,0.6558,0.5926
2518301001,0.7402,0.8068,0.6627,0.6533,0.8386,0.7832,0.7753,0.7154,0.6494,0.6752,0.6252,0.6081
2518501001,0.7364,0.7643,0.6182,0.578,0.8018,0.7261,0.6938,0.6647,0.5593,0.6177,0.5745,0.5259
2518601001,0.8235,0.8419,0.6589,0.5822,0.878,0.8406,0.8947,0.7826,0.7243,0.8476,0.6986,0.7206
2518901001,0.6112,0.7532,0.661,0.5678,0.8032,0.7352,0.66,0.6731,0.5144,0.5714,0.5844,0.5274
2519001001,0.777,0.8528,0.7414,0.7061,0.8222,0.8366,0.8397,0.7681,0.6528,0.7491,0.7126,0.6494
2519101001,0.8095,0.8242,0.6777,0.6138,0.8318,0.7726,0.7909,0.7072,0.591,0.7143,0.6024,0.5938
2519201001,0.6766,0.8099,0.6649,0.6043,0.8499,0.779,0.7676,0.7249,0.5884,0.6495,0.6633,0.6039
2519301001,0.7119,0.829,0.6797,0.639,0.8598,0.8005,0.741,0.7383,0.6134,0.5553,0.6521,0.6441
2519401001,0.7408,0.8141,0.6526,0.5816,0.8735,0.7757,0.7972,0.7122,0.6055,0.8379,0.7041,0.6231
2519601001,1.0,0.7377,0.6218,0.5044,0.7965,0.8393,0.8898,0.6944,0.6381,0.7414,0.6577,0.6182
2519701001,0.6906,0.8561,0.708,0.6692,0.8797,0.773,0.8993,0.7786,0.7571,0.8876,0.6826,0.7055
2520001001,0.5982,0.7719,0.6488,0.6474,0.8531,0.7833,0.8426,0.7704,0.6334,0.6862,0.6378,0.5943
2520101001,0.8017,0.8136,0.6087,0.6518,0.8333,0.8091,0.9018,0.7364,0.5943,0.7982,0.6667,0.6117
2520201001,0.6847,0.7921,0.7129,0.7019,0.7946,0.6944,0.7304,0.6667,0.5481,0.595,0.6161,0.5043
2520301001,0.5232,0.6028,0.5784,0.5165,0.6938,0.6208,0.5811,0.5963,0.4257,0.4347,0.4949,0.3898
2520301002,0.5349,0.6363,0.5582,0.5305,0.6898,0.6306,0.5617,0.5943,0.4269,0.4415,0.5339,0.4621
2520301003,0.5432,0.7035,0.6479,0.5433,0.7593,0.716,0.6264,0.65,0.4689,0.4508,0.5368,0.5056
2520301004,0.6236,0.7661,0.6779,0.593,0.8025,0.7771,0.686,0.712,0.5727,0.5483,0.6377,0.5501
2520301005,0.5179,0.6723,0.5745,0.5363,0.7265,0.6734,0.5944,0.6278,0.459,0.4821,0.5553,0.4798
2520301006,0.6242,0.7523,0.6324,0.5887,0.7899,0.7471,0.6721,0.6823,0.5399,0.5289,0.5719,0.52
2520301007,0.5594,0.7245,0.6301,0.5734,0.7811,0.7337,0.6669,0.6838,0.5237,0.5346,0.5772,0.5414
2520401001,0.7568,0.8021,0.6935,0.5982,0.8211,0.7909,0.7921,0.7473,0.6186,0.7824,0.7008,0.6424
2520401002,0.769,0.7893,0.6672,0.5901,0.8426,0.7816,0.7969,0.7017,0.5251,0.7317,0.6841,0.5824
2520501001,0.6429,0.8242,0.7349,0.6749,0.8584,0.8025,0.7491,0.7318,0.6235,0.6753,0.6508,0.6303
2520601001,0.8134,0.8571,0.6381,0.5769,0.8392,0.756,0.8071,0.7611,0.7283,0.7642,0.5837,0.6556
2520701001,0.6705,0.8013,0.6881,0.6333,0.8386,0.7834,0.7347,0.733,0.5724,0.6248,0.6371,0.6268
2520701002,0.591,0.7443,0.6195,0.5566,0.7978,0.744,0.6474,0.6826,0.4993,0.6007,0.5915,0.5706
2520701003,0.61,0.7708,0.6403,0.5561,0.8148,0.7612,0.6906,0.7139,0.5306,0.5792,0.6052,0.597
2520702001,0.6442,0.7906,0.6625,0.6286,0.8359,0.7578,0.699,0.709,0.5531,0.6054,0.624,0.6219
2520702002,0.6319,0.7831,0.6504,0.5991,0.8073,0.7603,0.6773,0.6658,0.5389,0.5795,0.5804,0.5773
2520801001,0.7276,0.7834,0.6044,0.5529,0.8086,0.7568,0.8112,0.7181,0.6345,0.6629,0.6278,0.5706
2520901001,0.7704,0.8043,0.6823,0.6656,0.8269,0.769,0.782,0.703,0.596,0.6854,0.6409,0.5978
2521001001,0.6992,0.82,0.7056,0.6182,0.8338,0.8035,0.82,0.7372,0.6331,0.7811,0.6328,0.6156
2521101001,0.416,0.7423,0.6252,0.5676,0.8186,0.7634,0.7619,0.6912,0.5813,0.6373,0.6482,0.5891
2521201001,0.7623,0.8426,0.7393,0.6609,0.8874,0.8705,0.8711,0.8037,0.6335,0.6044,0.5636,0.6698
2521501001,0.487,0.7415,0.7305,0.6957,0.791,0.5921,0.6316,0.7345,0.4857,0.3789,0.6182,0.4435
2521601001,0.8267,0.8772,0.6637,0.6106,0.9065,0.8257,0.8843,0.7623,0.6846,0.8223,0.6818,0.668
2521701001,0.5576,0.7393,0.6511,0.5655,0.7904,0.7348,0.6232,0.6642,0.4864,0.5056,0.5563,0.5105
2521701002,,0.7429,0.6264,0.5832,0.7875,0.7585,0.6642,0.6897,0.5388,0.521,0.6034,0.5569
2521702001,0.5971,0.7974,0.6866,0.619,0.8254,0.7878,0.6838,0.7279,0.5797,0.5778,0.6302,0.5736
2521702002,0.6384,0.7984,0.6812,0.6161,0.8262,0.7846,0.6681,0.7245,0.5745,0.5448,0.6166,0.5947
2521702003,0.5874,0.7852,0.6769,0.5766,0.8137,0.7616,0.6669,0.7216,0.5695,0.5624,0.6119,0.5567
2521703001,0.5585,0.7335,0.6442,0.583,0.7757,0.7392,0.6308,0.6983,0.5009,0.5103,0.5668,0.4942
2521703002,0.5618,0.7658,0.6769,0.6089,0.8074,0.725,0.6393,0.7,0.5592,0.5086,0.5994,0.5436
2521703003,0.5679,0.7715,0.6793,0.6063,0.7905,0.7676,0.653,0.7199,0.5586,0.5136,0.6273,0.5709
2521704001,0.5764,0.7287,0.6351,0.6169,0.7762,0.6946,0.6412,0.6691,0.5262,0.5486,0.6266,0.5749
2521704002,0.5771,0.7716,0.6525,0.5948,0.7961,0.75,0.6389,0.7001,0.5092,0.4731,0.5548,0.5194
2521801001,0.7816,0.8824,0.7857,0.7901,0.9221,0.9186,0.9101,0.8636,0.7619,0.8298,0.7312,0.7263
2521901001,0.7973,0.9014,0.7361,0.7234,0.8951,0.7919,0.8079,0.7603,0.5878,0.7465,0.6763,0.6074
2522001001,0.8281,0.8134,0.6897,0.6246,0.8586,0.827,0.8576,0.775,0.6568,0.7942,0.6724,0.6503
2522101001,0.8195,0.7405,0.5846,0.6639,0.832,0.7863,0.6923,0.713,0.7203,0.8264,0.6807,0.6471
2522201001,0.8594,0.8333,0.7761,0.7879,0.7606,0.8636,0.9692,0.8406,0.791,0.9138,0.7544,0.8167
2522301001,0.7487,0.8382,0.6659,0.5998,0.8579,0.8035,0.7856,0.7562,0.5978,0.6762,0.6485,0.6385
2522401001,0.8047,0.8571,0.6825,0.5556,0.8943,0.7778,0.816,0.7705,0.7273,0.88,0.744,0.6393
2522501001,0.5742,0.8397,0.687,0.6312,0.8597,0.7893,0.7556,0.7439,0.6065,0.6486,0.6419,0.5777
2522601001,0.6,0.7849,0.6215,0.6126,0.8699,0.7603,0.6612,0.661,0.5983,0.5216,0.6435,0.5778
2522701001,0.7553,0.8385,0.6209,0.6166,0.8426,0.7786,0.785,0.7256,0.6687,0.7046,0.6876,0.6064
2522801001,0.6372,0.7448,0.6612,0.6036,0.8071,0.7466,0.6614,0.6817,0.4946,0.6156,0.5944,0.5184
2522801002,0.6681,0.8335,0.7315,0.6593,0.868,0.8223,0.6959,0.7446,0.5859,0.6272,0.6478,0.5932
2523001001,,0.8019,0.6993,0.647,0.8365,0.7852,0.7273,0.7171,0.5968,0.6746,0.6416,0.6165
2523101001,0.9187,0.8635,0.7796,0.679,0.8684,0.83,0.8919,0.8012,0.7412,0.8871,0.7113,0.6729
2523201001,0.7322,0.8034,0.6763,0.6256,0.8399,0.7861,0.7491,0.7458,0.5836,0.7035,0.638,0.5835
2523301001,0.8201,0.8139,0.6942,0.6473,0.8535,0.8105,0.8703,0.7578,0.68,0.8046,0.6644,0.5886
2523401001,0.6344,0.6728,0.5938,0.5868,0.6889,0.6721,0.6196,0.638,0.5041,0.6048,0.5884,0.5208
2523401002,0.6565,0.753,0.6265,0.6265,0.776,0.7445,0.6877,0.689,0.5606,0.6015,0.6281,0.5646
2523402001,0.6158,0.7557,0.6176,0.5822,0.7758,0.7627,0.688,0.6716,0.5464,0.6193,0.6033,0.5301
2523402002,0.659,0.774,0.6375,0.6038,0.8133,0.7561,0.7021,0.7014,0.5662,0.6393,0.6249,0.5878
2523403001,0.5139,0.6861,0.5788,0.5626,0.7526,0.6846,0.6442,0.6233,0.4571,0.5737,0.6014,0.5036
2523801001,0.7455,0.8279,0.6959,0.6863,0.8731,0.7951,0.8309,0.7594,0.6651,0.6853,0.697,0.6719
2523901001,0.5427,0.6183,0.5263,0.4373,0.6437,0.6168,0.5961,0.567,0.4111,0.5234,0.4746,0.3936
2524001001,0.6538,0.83,0.715,0.6688,0.8588,0.8058,0.728,0.754,0.6245,0.6172,0.656,0.6209
2524201001,0.7453,0.7844,0.6557,0.6333,0.824,0.7823,0.7631,0.718,0.5747,0.4542,0.602,0.5696
2524301001,0.6487,0.6876,0.6687,0.572,0.7308,0.7002,0.6633,0.6446,0.4402,0.5939,0.6252,0.4782
2524301002,0.7078,0.7208,0.6732,0.6026,0.7428,0.7131,0.7039,0.6274,0.4527,0.6244,0.6138,0.4651
2524301003,0.6094,0.699,0.6939,0.6309,0.7462,0.706,0.664,0.6368,0.4858,0.5444,0.6022,0.456
2524401001,0.7049,0.8388,0.6829,0.6177,0.868,0.8177,0.827,0.7353,0.6545,0.7548,0.6096,0.6
2524501001,0.7549,0.7788,0.7098,0.6644,0.8056,0.8047,0.7623,0.7307,0.5658,0.7734,0.7017,0.656
2524701001,0.7557,0.7302,0.5854,0.5366,0.7054,0.6803,0.8446,0.6268,0.4898,0.8993,0.5724,0.5
2524801001,0.578,0.8483,0.6981,0.6644,0.8681,0.8114,0.8465,0.777,0.7151,0.5303,0.6451,0.6408
2524901001,0.7647,0.8187,0.6448,0.544,0.8644,0.7898,0.8182,0.733,0.6163,0.7232,0.6743,0.659
2525001001,0.6851,0.8415,0.686,0.6087,0.8542,0.7909,0.8155,0.8226,0.6451,0.7671,0.6938,0.6594
2525101001,0.6099,0.7873,0.6972,0.6266,0.8309,0.7882,0.7767,0.7429,0.612,0.5317,0.6644,0.5997
2525201001,0.8011,0.8302,0.7281,0.6259,0.8339,0.7612,0.784,0.6872,0.5333,0.7381,0.5803,0.5678
2525301001,0.7725,0.8902,0.7669,0.6604,0.8467,0.8414,0.8904,0.8027,0.7662,0.8272,0.7707,0.7722
2525401001,0.7611,0.7986,0.687,0.6277,0.8601,0.8101,0.7949,0.7259,0.591,0.727,0.6686,0.577
2525501001,0.55,0.8395,0.723,0.7146,0.8585,0.8127,0.8261,0.7718,0.6919,0.619,0.7128,0.6297
2590101001,0.8007,0.8454,0.637,0.6894,0.8305,0.7282,0.7986,0.7405,0.703,0.7917,0.6709,0.6364
2590201001,0.8339,0.8664,0.6842,0.6437,0.8584,0.8284,0.8535,0.7575,0.6124,0.8229,0.71,0.6099
2590301001,0.5806,0.8536,0.6498,0.6822,0.8397,0.8253,0.8681,0.7478,0.7035,0.7902,0.7123,0.6776
2590401001,0.878,0.8968,0.7613,0.7568,0.9103,0.9074,0.8537,0.8375,0.7067,0.8239,0.7403,0.6644
2590501001,0.8016,0.8568,0.6736,0.664,0.8623,0.8347,0.8505,0.7678,0.626,0.8278,0.6701,0.6881
2590601001,0.8433,0.7566,0.6372,0.5734,0.7524,0.7476,0.8171,0.6488,0.5782,0.8327,0.6498,0.6274
2590701001,0.7237,0.8088,0.6365,0.5385,0.8649,0.7827,0.7384,0.732,0.5988,0.6557,0.5941,0.6165
2590801001,0.7543,0.7851,0.6053,0.6372,0.7972,0.7195,0.8571,0.6267,0.5872,0.821,0.614,0.6171
2590901001,0.5824,0.8228,0.5742,0.6284,0.8255,0.7714,0.7534,0.7174,0.687,0.5461,0.6549,0.6525
2591001001,0.5946,0.835,0.6337,0.63,0.7708,0.7692,0.6989,0.6923,0.6559,0.637,0.75,0.6321
2591101001,0.7149,0.8238,0.6659,0.6053,0.8009,0.783,0.7388,0.7112,0.6444,0.6612,0.6364,0.6478
2591201001,0.7214,0.77,0.712,0.6383,0.8212,0.8126,0.8082,0.7372,0.6419,0.8085,0.7023,0.6098
2591301001,0.8602,0.9551,0.7931,0.7791,0.9341,0.8953,0.9651,0.8182,0.8182,0.8667,0.7312,0.6989
4300101001,0.7092,0.8055,0.682,0.6382,0.8094,0.7824,0.7599,0.7203,0.5467,0.6981,0.6783,0.5882
4300201001,0.757,0.7591,0.7106,0.6419,0.786,0.7291,0.7257,0.6524,0.4392,0.6237,0.6489,0.5233
4300301001,0.7697,0.81,0.7267,0.6698,0.806,0.76,0.7827,0.7364,0.5322,0.6133,0.6405,0.5733
4300401001,0.6909,0.7537,0.6921,0.6435,0.7842,0.7519,0.7058,0.692,0.4804,0.6123,0.6514,0.524
4300401002,0.6828,0.7498,0.6843,0.6557,0.7851,0.7595,0.6915,0.7031,0.4773,0.6318,0.6494,0.5253
4300401003,0.5423,0.7145,0.6312,0.6096,0.7613,0.7267,0.6087,0.6311,0.4483,0.4326,0.5917,0.4598
4300401004,0.7414,0.8077,0.7273,0.6847,0.8411,0.8192,0.7611,0.7507,0.5374,0.659,0.7014,0.5412
4300402001,0.6975,0.7278,0.6533,0.5996,0.7868,0.7503,0.7027,0.6824,0.3744,0.5873,0.6465,0.497
4300402002,0.7136,0.7432,0.689,0.6197,0.7748,0.7307,0.7017,0.6895,0.4197,0.6377,0.6694,0.5208
4300501001,0.6679,0.8055,0.666,0.6111,0.8343,0.8007,0.7387,0.7091,0.5225,0.6076,0.6656,0.5682
4300502001,0.5809,0.7614,0.6476,0.5769,0.8068,0.7146,0.6417,0.652,0.4676,0.5211,0.6276,0.5238
4300601001,0.7692,0.7518,0.6779,0.6432,0.791,0.7855,0.7912,0.6834,0.5219,0.5648,0.6368,0.5415
4300701001,0.7842,0.8176,0.7551,0.7114,0.8623,0.7969,0.7837,0.7591,0.6195,0.7696,0.7099,0.658
4300801001,0.8762,0.6699,0.5987,0.5081,0.7309,0.658,0.6785,0.5607,0.3854,0.777,0.613,0.4658
4300901001,0.6489,0.7616,0.6765,0.6543,0.8186,0.7807,0.7381,0.698,0.5646,0.6684,0.6798,0.5899
4301001001,0.8576,0.8882,0.8006,0.7236,0.9031,0.8487,0.7455,0.7844,0.5788,0.7355,0.6934,0.6137
4301101001,0.6815,0.8643,0.7608,0.6899,0.8951,0.8452,0.7374,0.7937,0.6755,0.6329,0.707,0.6791
4301201001,0.5932,0.7817,0.7182,0.674,0.8472,0.7916,0.6941,0.7497,0.6095,0.6389,0.7242,0.627
4301201002,0.5853,0.7952,0.6998,0.7206,0.8432,0.8147,0.69,0.7464,0.6145,0.6041,0.6968,0.6221
4301201003,0.6702,0.8478,0.7825,0.7504,0.8928,0.8585,0.7682,0.8121,0.6934,0.6616,0.7692,0.6917
4301301001,0.7129,0.7895,0.6792,0.6319,0.8252,0.7954,0.7273,0.7019,0.5846,0.6306,0.6573,0.5761
4301301002,0.7422,0.7983,0.6995,0.6408,0.8106,0.7731,0.7443,0.6996,0.5706,0.6705,0.6383,0.5775
4301301003,0.5916,0.7342,0.6532,0.6083,0.7646,0.7298,0.62,0.6586,0.4758,0.5462,0.6059,0.5122
4301401001,0.6633,0.7047,0.6403,0.5836,0.742,0.7074,0.6854,0.6631,0.4603,0.5973,0.5942,0.5177
4301401002,0.6488,0.755,0.6625,0.6339,0.7985,0.7409,0.687,0.6688,0.4984,0.606,0.6126,0.551
4301402001,0.7173,0.7669,0.7163,0.6791,0.8186,0.7793,0.7182,0.7029,0.5292,0.6471,0.6455,0.5274
4301402002,0.7067,0.7248,0.6598,0.6067,0.7485,0.7039,0.6407,0.6088,0.3965,0.642,0.6032,0.4944
4301403001,0.669,0.7319,0.643,0.598,0.797,0.7427,0.7085,0.6717,0.4496,0.6274,0.6015,0.5168
4301403002,0.6321,0.7019,0.6502,0.6067,0.7791,0.7428,0.7045,0.658,0.4378,0.6041,0.6015,0.4925
4301404001,0.6686,0.7388,0.666,0.6032,0.7614,0.7544,0.6739,0.6497,0.4678,0.6165,0.5933,0.5222
4301404002,0.6587,0.7136,0.678,0.6233,0.781,0.7502,0.7,0.69,0.4593,0.6492,0.6315,0.572
4301404003,0.6587,0.7323,0.6655,0.6274,0.7981,0.7483,0.6779,0.6649,0.4732,0.5865,0.5866,0.5101
4301404004,0.6808,0.7694,0.6989,0.6632,0.8434,0.7782,0.722,0.7141,0.5005,0.6395,0.6459,0.5693
4301404005,0.6547,0.7036,0.6531,0.5934,0.7659,0.7235,0.6582,0.65,0.4438,0.6036,0.5978,0.5075
4301404006,0.5953,0.6953,0.6008,0.5437,0.7471,0.6802,0.619,0.6113,0.4161,0.5608,0.5634,0.4891
4301501001,0.7876,0.9107,0.8125,0.7768,0.902,0.8487,0.8644,0.8,0.8108,0.8304,0.6937,0.7383
4301601001,0.6259,0.7667,0.7237,0.664,0.8088,0.7392,0.6621,0.7092,0.5349,0.6419,0.6403,0.5624
4301601002,0.6501,0.7898,0.7555,0.6993,0.8364,0.7817,0.7234,0.754,0.5462,0.6647,0.688,0.5974
4301701001,0.8582,0.8923,0.7937,0.8145,0.9167,0.8448,0.8319,0.8393,0.8448,0.888,0.813,0.75
4301801001,0.8473,0.8378,0.7805,0.7966,0.8496,0.8701,0.9221,0.7734,0.8138,0.9416,0.7714,0.7414
4301901001,0.7879,0.7635,0.6594,0.6242,0.8168,0.7635,0.8406,0.6839,0.5412,0.7853,0.6992,0.6103
4302001001,0.7043,0.8108,0.7656,0.702,0.8554,0.8141,0.7026,0.7381,0.5099,0.6469,0.6858,0.5704
4302001002,0.5871,0.7599,0.7036,0.6489,0.8516,0.7905,0.6464,0.7608,0.5122,0.5206,0.6567,0.5694
4302101001,0.5541,0.7849,0.6889,0.6499,0.8203,0.7826,0.6225,0.702,0.6228,0.562,0.6268,0.5944
4302201001,0.8354,0.7822,0.6913,0.6143,0.836,0.795,0.7884,0.7278,0.6464,0.7405,0.6802,0.6654
4302201002,0.8166,0.7674,0.6697,0.5806,0.8357,0.778,0.7799,0.7008,0.5994,0.7118,0.6689,0.6298
4302301001,0.5574,0.8312,0.7489,0.7359,0.9067,0.8692,0.7569,0.8104,0.7225,0.6301,0.715,0.6818
4302401001,0.6867,0.7622,0.6859,0.6461,0.7999,0.7416,0.6975,0.6595,0.4666,0.657,0.6247,0.5325
4302501001,0.8399,0.778,0.7136,0.68,0.8278,0.8068,0.8754,0.758,0.6516,0.7578,0.7245,0.6637
4302601001,0.7451,0.8201,0.7265,0.6701,0.8756,0.8026,0.6916,0.7619,0.6571,0.7497,0.6719,0.6384
4302701001,0.6647,0.869,0.8061,0.7329,0.8554,0.8354,0.759,0.7679,0.7574,0.7169,0.6988,0.753
4302801001,0.7533,0.7804,0.6825,0.6847,0.8198,0.7754,0.7296,0.6958,0.4948,0.6745,0.6676,0.5749
4302801002,0.5876,0.6576,0.5937,0.5577,0.7358,0.679,0.5523,0.5973,0.3273,0.4737,0.5533,0.4183
4302901001,0.6209,0.8338,0.7337,0.6871,0.8896,0.8057,0.7267,0.7724,0.7042,0.5918,0.746,0.6962
4303001001,0.6803,0.789,0.7233,0.6745,0.8197,0.7739,0.7085,0.7371,0.5901,0.6299,0.685,0.5955
4303101001,0.7005,0.8309,0.7244,0.6996,0.846,0.816,0.7799,0.7498,0.6175,0.6434,0.698,0.6237
4303201001,0.8463,0.7885,0.7094,0.6422,0.8469,0.8133,0.8405,0.7662,0.7137,0.8766,0.7336,0.6622
4303301001,0.7403,0.8115,0.7404,0.6941,0.8473,0.793,0.7519,0.7245,0.6141,0.6301,0.6722,0.6173
4303401001,0.7876,0.8586,0.7625,0.7338,0.858,0.8397,0.8901,0.7849,0.6352,0.8398,0.6875,0.6763
4303501001,0.6906,0.8429,0.6374,0.6142,0.9013,0.8723,0.8347,0.7811,0.6891,0.876,0.6813,0.6386
4303601001,0.6675,0.731,0.6465,0.5848,0.7532,0.6994,0.6939,0.6502,0.4218,0.596,0.5874,0.4458
4303701001,0.6523,0.7676,0.6985,0.6618,0.8251,0.7856,0.6879,0.6935,0.5226,0.5823,0.6556,0.5592
4303701002,0.5587,0.704,0.6744,0.6293,0.7731,0.7317,0.58,0.6576,0.425,0.4871,0.5939,0.4692
4303701003,0.5696,0.7333,0.6848,0.6646,0.8039,0.7738,0.6371,0.7386,0.5163,0.5376,0.6524,0.5582
4303702001,0.6194,0.7446,0.6954,0.6669,0.7672,0.7419,0.6424,0.6784,0.4982,0.5467,0.622,0.5357
4303702002,0.504,0.7377,0.651,0.6412,0.7875,0.7363,0.5779,0.682,0.5054,0.4668,0.6566,0.5391
4303702003,0.5097,0.6653,0.6164,0.5785,0.6991,0.6817,0.5382,0.6182,0.4581,0.4645,0.5785,0.4801
4303703001,0.4968,0.7037,0.6608,0.5992,0.7449,0.7107,0.5428,0.6349,0.4174,0.4586,0.5897,0.4673
4303703002,0.4892,0.7005,0.6407,0.6014,0.7467,0.6881,0.5412,0.6184,0.4033,0.4547,0.5682,0.4572
4303703003,0.4956,0.6706,0.626,0.6061,0.7238,0.6748,0.5416,0.6177,0.3981,0.4752,0.5646,0.4552
4303703004,0.4325,0.6242,0.5838,0.5726,0.6747,0.6515,0.4596,0.5683,0.3892,0.4065,0.5446,0.4396
4303704001,0.3883,0.642,0.6294,0.5254,0.7118,0.6528,0.4324,0.5762,0.3318,0.3454,0.5312,0.3611
4303801001,0.5406,0.7161,0.6594,0.5938,0.7935,0.7519,0.6102,0.6727,0.501,0.5203,0.6397,0.5222
4303801002,0.5148,0.7364,0.6845,0.6104,0.8102,0.7401,0.6012,0.6729,0.4517,0.5032,0.6332,0.5145
4303801003,0.5426,0.7128,0.651,0.5958,0.7689,0.7126,0.5887,0.6274,0.4388,0.4593,0.6024,0.4783
4303801004,0.578,0.7545,0.7047,0.6176,0.8015,0.7605,0.6317,0.6963,0.4944,0.5507,0.6435,0.556
4303801005,0.637,0.8145,0.7341,0.6774,0.8727,0.8127,0.6702,0.7593,0.5508,0.5731,0.7182,0.6164
4303801006,0.5188,0.6946,0.605,0.5237,0.761,0.7022,0.5542,0.6299,0.4264,0.4812,0.6011,0.4444
4303802001,0.5712,0.7678,0.658,0.6149,0.8155,0.7749,0.6477,0.7082,0.5603,0.5184,0.6289,0.5758
4303802002,0.5564,0.7154,0.6467,0.5679,0.7585,0.7165,0.5943,0.6427,0.4068,0.54,0.6172,0.4949
4303802003,0.5344,0.7835,0.689,0.635,0.8166,0.7963,0.6579,0.7387,0.5633,0.5087,0.6737,0.5867
4303802004,0.5391,0.7348,0.6575,0.6161,0.7855,0.7438,0.5757,0.6606,0.4079,0.4861,0.6253,0.5219
4303802005,0.5081,0.745,0.6656,0.6087,0.7947,0.7637,0.6223,0.6784,0.5365,0.4874,0.6424,0.5612
4303802006,0.428,0.6823,0.6209,0.5693,0.7484,0.7033,0.5492,0.6383,0.4853,0.3965,0.6066,0.5066
4303802007,0.485,0.8013,0.7228,0.6642,0.8467,0.7999,0.5974,0.7213,0.5431,0.4631,0.6947,0.599
4303802008,0.4714,0.6962,0.6233,0.5687,0.783,0.7267,0.5986,0.6826,0.4517,0.5011,0.6334,0.5272
4303802009,0.505,0.8066,0.7269,0.6652,0.8545,0.8265,0.6391,0.7653,0.6016,0.5105,0.7018,0.6267
4303802010,0.4984,0.7753,0.7,0.6359,0.7919,0.7364,0.5844,0.6686,0.5055,0.4782,0.6276,0.5328
4303901001,0.6311,0.8529,0.7157,0.6667,0.8876,0.8095,0.8785,0.7624,0.6796,0.9143,0.7524,0.73
4304001001,0.6916,0.882,0.7544,0.7788,0.9292,0.8528,0.7264,0.8246,0.7669,0.7925,0.7758,0.7708
4304101001,0.8261,0.7611,0.708,0.7037,0.799,0.7851,0.8018,0.7222,0.5392,0.7729,0.7321,0.639
4304201001,0.6463,0.8461,0.73,0.6675,0.878,0.836,0.7574,0.7906,0.6169,0.6733,0.7459,0.6884
4304201002,0.5876,0.8621,0.7425,0.6807,0.884,0.8234,0.6958,0.7705,0.6428,0.5444,0.7291,0.6646
4304301001,0.5206,0.766,0.6863,0.6357,0.8209,0.7822,0.6743,0.7344,0.5837,0.6139,0.6764,0.6073
4304301002,0.5682,0.8276,0.7238,0.6831,0.8587,0.8185,0.6332,0.7493,0.5514,0.4994,0.6904,0.5713
4304401001,0.7075,0.7711,0.7115,0.689,0.8165,0.7759,0.7056,0.6942,0.5345,0.6907,0.704,0.5962
4304402001,0.6852,0.762,0.6911,0.6719,0.7992,0.7792,0.7106,0.6932,0.4797,0.6483,0.6904,0.5627
4304402002,0.6551,0.7534,0.7086,0.6518,0.7949,0.7651,0.68,0.6958,0.5241,0.674,0.7216,0.6302
4304501001,0.8993,0.84,0.7961,0.7383,0.9172,0.8767,0.8904,0.7972,0.7113,0.8857,0.7338,0.6838
4304601001,0.7593,0.8365,0.77,0.6869,0.8925,0.8111,0.8352,0.7841,0.6854,0.8842,0.734,0.6897
4304701001,0.5888,0.7596,0.7024,0.6134,0.801,0.7423,0.6395,0.6593,0.4497,0.5759,0.6013,0.5334
4304701002,0.4416,0.5845,0.4912,0.4049,0.6215,0.4972,0.4801,0.4391,0.2331,0.3984,0.4235,0.3129
4304702001,0.6035,0.741,0.6918,0.6144,0.7981,0.7291,0.6247,0.657,0.4819,0.5748,0.6145,0.5064
4304801001,0.7904,0.8042,0.7051,0.6522,0.8361,0.8047,0.8131,0.7344,0.6029,0.7119,0.6715,0.5787
4304901001,0.8067,0.8544,0.7319,0.6374,0.8999,0.8102,0.7933,0.7662,0.6839,0.78,0.6862,0.6456
4305001001,0.5841,0.7463,0.6669,0.605,0.7784,0.7403,0.642,0.6852,0.4849,0.6261,0.6288,0.5323
4305001002,0.485,0.6922,0.6449,0.598,0.7273,0.6865,0.526,0.6076,0.4111,0.5047,0.6233,0.4689
4305101001,0.5878,0.7514,0.7101,0.6576,0.7721,0.735,0.5969,0.7048,0.4509,0.525,0.6827,0.5333
4305101002,0.5843,0.7419,0.701,0.6523,0.782,0.7463,0.3838,0.6865,0.4614,0.5181,0.6496,0.5192
4305101003,0.5634,0.7068,0.6417,0.6057,0.7329,0.7116,0.5824,0.6307,0.4282,0.4747,0.5829,0.4793
4305101004,0.5089,0.6781,0.6382,0.6191,0.7099,0.6904,0.5306,0.6319,0.3963,0.4343,0.6057,0.4694
4305101005,0.5462,0.7226,0.6989,0.6417,0.7695,0.7274,0.5685,0.6738,0.4702,0.4505,0.6072,0.4954
4305201001,0.7536,0.836,0.6939,0.6695,0.8602,0.8191,0.6986,0.7335,0.5682,0.5113,0.6376,0.5776
4305301001,0.6963,0.8802,0.7801,0.7539,0.9091,0.8138,0.8889,0.7258,0.6983,0.6872,0.6836,0.6611
4305401001,0.6639,0.7957,0.6513,0.6275,0.8163,0.7681,0.736,0.7032,0.55,0.6487,0.6591,0.5979
4305402001,0.6703,0.8053,0.6735,0.6193,0.8479,0.7685,0.7519,0.7015,0.5349,0.6577,0.6605,0.5784
4305501001,0.7631,0.8242,0.7553,0.7082,0.842,0.8173,0.8182,0.7809,0.702,0.7259,0.7289,0.6548
4305502001,0.7573,0.8656,0.7376,0.6957,0.8676,0.8225,0.7882,0.789,0.6934,0.7267,0.7205,0.7115
4305601001,0.7307,0.7706,0.6108,0.5621,0.8283,0.7643,0.7854,0.7049,0.641,0.7733,0.6494,0.6462
4305701001,0.7436,0.775,0.625,0.6579,0.8421,0.8158,0.9211,0.8421,0.7179,0.7222,0.7647,0.7647
4305801001,0.6786,0.8526,0.7312,0.7,0.9121,0.8021,0.789,0.8211,0.7778,0.6018,0.6768,0.6634
4305901001,0.8108,0.8805,0.7708,0.746,0.9028,0.856,0.7391,0.772,0.6084,0.5663,0.7256,0.6761
4306001001,0.7061,0.8168,0.6875,0.6894,0.845,0.8381,0.784,0.7668,0.6167,0.7022,0.6934,0.6545
4306001002,0.7314,0.8186,0.7185,0.6983,0.8431,0.8038,0.7613,0.7828,0.6495,0.7294,0.7629,0.6771
4306002001,0.6384,0.7993,0.6869,0.6534,0.8195,0.7721,0.7336,0.7282,0.6007,0.6741,0.6844,0.6261
4306101001,0.6471,0.7708,0.6458,0.6667,0.8372,0.7368,0.875,0.675,0.625,0.7907,0.6829,0.5556
4306201001,0.7948,0.8545,0.8139,0.7722,0.8843,0.861,0.8055,0.8513,0.6856,0.7973,0.7706,0.6028
4306301001,0.8102,0.741,0.6482,0.6373,0.7722,0.7481,0.7997,0.6912,0.5028,0.7522,0.6335,0.5801
4306401001,0.7018,0.7901,0.6611,0.6356,0.8246,0.7716,0.7538,0.693,0.5943,0.7331,0.683,0.638
4306402001,0.7851,0.8133,0.7222,0.6707,0.8466,0.7869,0.8054,0.7552,0.6243,0.7673,0.6864,0.6571
4306501001,0.7657,0.795,0.6734,0.6316,0.8351,0.8063,0.7626,0.7414,0.6675,0.6838,0.6907,0.6419
4306601001,0.9172,0.8182,0.7032,0.6329,0.8797,0.7806,0.7742,0.6835,0.6585,0.6667,0.6446,0.6353
4306701001,0.8242,0.851,0.782,0.7192,0.8854,0.8523,0.7391,0.8099,0.7266,0.8478,0.7755,0.7249
4306801001,0.8047,0.7733,0.6553,0.6346,0.7791,0.7598,0.8698,0.6653,0.4828,0.7996,0.6058,0.5439
4306901001,0.75,0.8907,0.7826,0.7473,0.8778,0.8202,0.7207,0.8087,0.724,0.6927,0.7173,0.6649
4307001001,0.9042,0.916,0.822,0.8067,0.8699,0.8151,0.8613,0.7984,0.7166,0.6818,0.7595,0.7533
4307101001,0.7998,0.826,0.7035,0.6656,0.8664,0.8002,0.8113,0.7277,0.5553,0.7537,0.6712,0.6016
4307201001,0.7048,0.8381,0.7333,0.7048,0.7921,0.7957,0.6848,0.7667,0.7582,0.6989,0.75,0.7931
4307301001,0.6444,0.7791,0.7059,0.7229,0.8519,0.8095,0.7976,0.8375,0.7,0.8675,0.6125,0.7375
4307401001,0.6386,0.7982,0.7341,0.667,0.8417,0.7831,0.6764,0.7376,0.5749,0.6255,0.6803,0.6201
4307501001,0.6122,0.7802,0.6966,0.6854,0.8537,0.8256,0.7416,0.7558,0.6471,0.6947,0.6854,0.6222
4307601001,0.6075,0.8266,0.7114,0.6834,0.8852,0.8217,0.7075,0.7401,0.6848,0.754,0.7215,0.7088
4307701001,0.6958,0.7112,0.6631,0.5875,0.7753,0.7516,0.779,0.6755,0.5205,0.8581,0.7081,0.653
4307801001,0.7309,0.8054,0.7477,0.6418,0.82,0.7746,0.7813,0.7305,0.5594,0.707,0.6746,0.6077
4307901001,0.8614,0.7885,0.7088,0.6813,0.8519,0.8596,0.8689,0.7967,0.6863,0.7156,0.6941,0.628
4308001001,0.6694,0.893,0.7541,0.7657,0.9083,0.859,0.7788,0.8348,0.7167,0.7532,0.7222,0.7281
4308101001,0.5041,0.8141,0.7119,0.6745,0.8861,0.8404,0.7614,0.7949,0.6609,0.7338,0.7564,0.6762
4308201001,0.9005,0.8838,0.7823,0.7945,0.8975,0.8632,0.8809,0.7886,0.713,0.8129,0.7515,0.6982
4308301001,0.5139,0.8451,0.6786,0.7569,0.9028,0.8056,0.9379,0.7534,0.6107,0.8163,0.75,0.7171
4308401001,0.7585,0.8352,0.7681,0.6901,0.8697,0.8138,0.8703,0.7549,0.666,0.8168,0.7246,0.707
4308501001,0.8792,0.8634,0.7876,0.7965,0.8865,0.8426,0.875,0.8017,0.7174,0.8293,0.7708,0.7234
4308601001,,,,0.566,0.8108,0.7376,0.658,0.7097,0.4792,0.6243,0.6244,0.545
4308602001,0.6388,0.814,0.7182,0.6527,0.855,0.7954,0.7478,0.7682,0.5993,0.6844,0.697,0.6619
4308602002,0.5551,0.7824,0.6395,0.6263,0.8247,0.7476,0.6668,0.6858,0.5129,0.6028,0.6459,0.567
4308602003,0.6242,0.8452,0.6774,0.6326,0.8753,0.7984,0.727,0.7521,0.5785,0.6789,0.7071,0.6112
4308801001,,,,,0.8382,0.792,0.6706,0.7315,0.5708,0.6296,0.6407,0.5776
4308801002,,,,,0.8289,0.7536,0.6233,0.6891,0.516,0.559,0.6372,0.574
4308901001,0.7518,0.7957,0.7509,0.6507,0.7759,0.7438,0.5759,0.7204,0.5017,0.7262,0.6128,0.4585
4309001001,0.5069,0.6586,0.5841,0.5251,0.7259,0.6407,0.6221,0.5746,0.3254,0.5396,0.5021,0.3698
4309101001,0.7483,0.8102,0.6912,0.6515,0.7879,0.7561,0.7903,0.72,0.5938,0.8148,0.7348,0.5956
4309201001,0.7554,0.7875,0.6957,0.628,0.8445,0.7799,0.7522,0.7241,0.5727,0.7085,0.674,0.6101
4309201002,0.5268,0.7369,0.6224,0.57,0.7573,0.717,0.5942,0.6635,0.4691,0.4981,0.5741,0.4501
4309201003,0.76,0.8143,0.734,0.6716,0.8699,0.8273,0.79,0.7516,0.603,0.7169,0.7055,0.6249
4309201004,0.414,0.6591,0.5766,0.5458,0.7036,0.6266,0.521,0.5432,0.3953,0.3843,0.5437,0.4733
4309201005,0.5875,0.7221,0.6833,0.6105,0.756,0.7027,0.6258,0.6336,0.4287,0.5636,0.6275,0.4961
4309201006,0.5943,0.6824,0.6822,0.6141,0.7479,0.7127,0.6021,0.6674,0.4755,0.5589,0.6479,0.5197
4309201007,0.5105,0.6725,0.6049,0.5771,0.707,0.6771,0.5447,0.5808,0.3747,0.4847,0.5777,0.4571
4309201008,0.4245,0.6222,0.5648,0.5488,0.6997,0.6684,0.4939,0.556,0.3751,0.4084,0.5552,0.431
4309301001,0.6515,0.775,0.6702,0.6409,0.8079,0.7821,0.7148,0.7247,0.5258,0.6077,0.6409,0.5467
4309301002,0.631,0.7732,0.6844,0.6349,0.8088,0.7516,0.7054,0.6984,0.5402,0.6142,0.6197,0.5631
4309302001,0.6276,0.7507,0.6519,0.6012,0.804,0.7517,0.713,0.6973,0.4845,0.64,0.6408,0.5539
4309401001,0.7217,0.7936,0.7008,0.6544,0.8036,0.7693,0.7356,0.7314,0.5488,0.6677,0.6565,0.6201
4309402001,0.7298,0.7835,0.6802,0.6459,0.8251,0.8029,0.7678,0.7203,0.5468,0.6763,0.6906,0.5973
4309501001,0.6064,0.7495,0.6732,0.6101,0.8218,0.7595,0.697,0.7054,0.5104,0.6456,0.6515,0.5464
4309501002,0.6651,0.8363,0.7151,0.6707,0.8768,0.8009,0.718,0.7421,0.5786,0.6614,0.7016,0.6113
4309601001,0.8636,0.8469,0.802,0.8182,0.9,0.8367,0.8257,0.7835,0.7059,0.7064,0.7447,0.7204
4309701001,0.7154,0.8446,0.7718,0.7405,0.8912,0.8546,0.8277,0.8133,0.7066,0.7708,0.7279,0.6927
4309801001,0.6957,0.8427,0.7259,0.6851,0.8754,0.822,0.7179,0.7569,0.6732,0.5,0.6702,0.6675
4309901001,0.8386,0.8641,0.7672,0.7451,0.8472,0.8182,0.8557,0.7535,0.708,0.6593,0.6236,0.636
4310001001,0.6305,0.8563,0.7723,0.6994,0.9007,0.8595,0.727,0.817,0.5939,0.5685,0.7277,0.6158
4310001002,0.5995,0.8339,0.7372,0.6951,0.8865,0.8252,0.6555,0.7639,0.5405,0.5266,0.7133,0.5884
4310001003,0.475,0.739,0.6386,0.5688,0.7745,0.7266,0.5475,0.654,0.4913,0.454,0.6547,0.5333
4310101001,0.9074,0.9195,0.723,0.7172,0.8433,0.8414,0.8889,0.7671,0.6503,0.8084,0.6312,0.6096
4310201001,0.9128,0.8144,0.6948,0.6917,0.8436,0.8294,0.8641,0.7227,0.5692,0.7672,0.7455,0.709
4310301001,0.7674,0.7933,0.722,0.6216,0.8589,0.8243,0.8123,0.7764,0.5493,0.7907,0.7141,0.5935
4310401001,0.6687,0.8028,0.6762,0.6043,0.8412,0.7828,0.7055,0.71,0.5707,0.6714,0.6467,0.5501
4310401002,0.7208,0.8376,0.732,0.6694,0.8627,0.8078,0.7707,0.7347,0.608,0.7102,0.6497,0.6117
4310501001,0.6747,0.8485,0.7099,0.7593,0.8944,0.8462,0.7532,0.8129,0.725,0.6203,0.7325,0.65
4310601001,0.8251,0.8329,0.6716,0.6494,0.8518,0.8272,0.8942,0.7707,0.5689,0.8214,0.6791,0.5838
4310701001,0.5856,0.8194,0.7029,0.6214,0.8747,0.8042,0.6788,0.7364,0.6053,0.5614,0.6692,0.6082
4310801001,0.6897,0.8178,0.6975,0.6607,0.8492,0.7728,0.7441,0.7236,0.5363,0.637,0.6333,0.572
4310901001,0.6343,0.7366,0.6716,0.5675,0.782,0.7153,0.6832,0.6347,0.4307,0.6321,0.6254,0.513
4310901002,0.6162,0.7221,0.6681,0.5852,0.7957,0.7193,0.7,0.6823,0.4288,0.6507,0.6227,0.5424
4311001001,0.6846,0.7601,0.6213,0.6757,0.813,0.7331,0.7294,0.7206,0.5896,0.5887,0.6929,0.6583
4311101001,0.6496,0.7774,0.6755,0.6416,0.798,0.7386,0.6951,0.6954,0.4693,0.6136,0.6742,0.5699
4311101002,0.4928,0.7138,0.6746,0.6254,0.757,0.6983,0.5722,0.6443,0.422,0.459,0.6142,0.4926
4311201001,0.6119,0.8551,0.6268,0.6272,0.8679,0.816,0.8486,0.7306,0.6822,0.7191,0.6377,0.6174
4311301001,0.7607,0.8146,0.75,0.7099,0.8409,0.8186,0.7794,0.7881,0.6026,0.7584,0.6537,0.6308
4311401001,0.7679,0.7974,0.6804,0.6913,0.8488,0.816,0.7831,0.7595,0.7231,0.5568,0.7195,0.6695
4311501001,0.75,0.8701,0.7484,0.6993,0.8657,0.875,0.8203,0.8281,0.7239,0.8406,0.8705,0.8112
4311601001,0.7879,0.8621,0.7165,0.7184,0.8649,0.8229,0.7877,0.7656,0.6831,0.7791,0.6766,0.6257
4311701001,0.8643,0.9014,0.7639,0.7397,0.8881,0.7972,0.8112,0.8095,0.6735,0.8143,0.7143,0.6906
4311801001,0.7782,0.8571,0.7579,0.7422,0.8668,0.84,0.8514,0.8009,0.6643,0.7744,0.7075,0.6329
4311901001,0.6508,0.7678,0.7049,0.5882,0.8351,0.7518,0.7367,0.6961,0.52,0.4344,0.6281,0.5502
4312001001,0.7261,0.7241,0.6599,0.6122,0.7692,0.7173,0.7014,0.6081,0.5047,0.604,0.5073,0.4763
4312101001,0.7719,0.797,0.6507,0.591,0.8459,0.7834,0.8436,0.6813,0.5764,0.7245,0.6708,0.6141
4312201001,0.8796,0.8365,0.7925,0.7264,0.8598,0.8829,0.8509,0.8125,0.6842,0.7179,0.7522,0.7182
4312301001,0.5571,0.6853,0.6154,0.5979,0.7421,0.6989,0.6145,0.6457,0.461,0.4219,0.5786,0.5012
4312301002,0.6057,0.7983,0.7096,0.6802,0.8315,0.8011,0.6767,0.7249,0.5475,0.5345,0.6634,0.5748
4312301003,0.6059,0.785,0.6686,0.6304,0.8254,0.7574,0.6439,0.6882,0.5296,0.5111,0.6532,0.5897
4312302001,0.5317,0.666,0.5856,0.5905,0.7227,0.6998,0.5712,0.6565,0.4157,0.461,0.6103,0.525
4312302002,0.5682,0.7381,0.6743,0.6524,0.8092,0.7538,0.6268,0.6769,0.4816,0.4968,0.6262,0.5373
4312302003,0.5824,0.802,0.7013,0.6671,0.8165,0.8083,0.6762,0.7606,0.4635,0.5211,0.6684,0.6055
4312302004,0.495,0.7149,0.6374,0.5536,0.762,0.7108,0.5788,0.6264,0.4191,0.4315,0.5727,0.479
4312302006,0.5542,0.7786,0.7009,0.6509,0.8277,0.7948,0.6192,0.7045,0.5032,0.4831,0.6722,0.5557
4312302007,0.5752,0.7939,0.69,0.6357,0.8498,0.8066,0.6394,0.7311,0.479,0.525,0.6879,0.6103
4312302008,0.525,0.7393,0.6932,0.6027,0.7859,0.7249,0.5773,0.678,0.4605,0.459,0.6226,0.5443
4312302009,0.687,0.8534,0.751,0.7044,0.8391,0.8089,0.6956,0.7559,0.5496,0.5611,0.7017,0.6617
4312302010,0.5683,0.7783,0.7019,0.6358,0.8244,0.7705,0.6329,0.7189,0.5,0.5239,0.6944,0.5945
4312302011,0.4747,0.6974,0.6274,0.581,0.7235,0.6846,0.5298,0.6196,0.3859,0.4469,0.5559,0.4706
4312302012,0.5956,0.7895,0.7219,0.6783,0.8661,0.8147,0.6287,0.7328,0.5455,0.5047,0.6507,0.5986
4312302013,0.5749,0.7683,0.7129,0.663,0.798,0.769,0.6228,0.7076,0.3985,0.5251,0.6939,0.63
4312302014,0.6569,0.8363,0.787,0.7812,0.8791,0.8297,0.7242,0.7794,0.5081,0.59,0.7515,0.6765
4312302015,0.6698,0.873,0.8138,0.7269,0.9,0.8543,0.7406,0.8172,0.6186,0.6245,0.7348,0.725
4312303001,0.5725,0.7004,0.6133,0.5606,0.7212,0.7108,0.6071,0.6361,0.4694,0.4887,0.6051,0.5179
4312303003,0.5182,0.729,0.6772,0.6458,0.7852,0.746,0.5788,0.6795,0.4421,0.5054,0.6336,0.5466
4312303004,0.5242,0.7764,0.7203,0.6525,0.8315,0.7722,0.5998,0.6697,0.3812,0.4812,0.6235,0.5238
4312303005,0.4701,0.6457,0.6146,0.5761,0.7222,0.6752,0.5353,0.6053,0.3877,0.4257,0.5928,0.442
4312303007,0.5179,0.7614,0.6757,0.6168,0.8124,0.7866,0.6099,0.7063,0.4534,0.5025,0.6848,0.5533
4312303008,0.5733,0.7672,0.6947,0.6623,0.84,0.7757,0.6275,0.7072,0.4816,0.522,0.6549,0.5997
4312303009,0.5298,0.6956,0.6428,0.6013,0.7493,0.6796,0.5497,0.6035,0.3784,0.4387,0.5711,0.4623
4312303010,0.4774,0.7013,0.6288,0.5737,0.7672,0.7193,0.5382,0.6481,0.349,0.4187,0.5716,0.4938
4312303011,0.5,0.755,0.6776,0.5963,0.7923,0.7515,0.5415,0.6646,0.3556,0.4366,0.6315,0.4946
4312303012,0.5178,0.7314,0.6457,0.5842,0.7751,0.7096,0.5311,0.6182,0.3439,0.4578,0.5913,0.489
4312303013,0.5524,0.7602,0.7027,0.6186,0.8198,0.7343,0.5607,0.6882,0.4483,0.4942,0.617,0.5464
4312304002,0.5371,0.7416,0.6782,0.6343,0.7986,0.7382,0.6033,0.6776,0.4335,0.5257,0.6544,0.5707
4312304003,0.5141,0.7259,0.6404,0.5783,0.7576,0.7182,0.5709,0.629,0.4134,0.4592,0.5881,0.4887
4312304004,0.5233,0.7163,0.665,0.6162,0.7801,0.723,0.5608,0.6549,0.3888,0.4875,0.6154,0.4986
4312304005,0.5591,0.7968,0.7581,0.6759,0.88,0.8264,0.6497,0.7262,0.4657,0.51,0.7347,0.6118
4312304007,0.4784,0.7144,0.6445,0.5526,0.7559,0.7184,0.5305,0.6383,0.3754,0.4625,0.5739,0.4929
4312304008,0.483,0.7277,0.6368,0.5806,0.8015,0.7439,0.5754,0.6819,0.4135,0.478,0.6418,0.5538
4312305001,0.5507,0.742,0.6489,0.5854,0.7779,0.7368,0.5758,0.6703,0.4132,0.4514,0.6225,0.5105
4312305002,0.563,0.7853,0.6919,0.6612,0.8383,0.7708,0.6191,0.7055,0.4778,0.517,0.6553,0.5766
4312305003,0.4608,0.6761,0.576,0.5598,0.7152,0.6477,0.4615,0.565,0.2985,0.4213,0.548,0.4444
4312305004,0.5353,0.784,0.6834,0.6349,0.8199,0.7818,0.6291,0.7206,0.5031,0.5058,0.6591,0.5406
4312305005,0.4788,0.6591,0.5872,0.5535,0.7007,0.6699,0.5217,0.5905,0.3097,0.4329,0.5298,0.4772
4312305007,0.5963,0.7863,0.7524,0.6701,0.829,0.8054,0.6572,0.7289,0.5077,0.537,0.6922,0.5852
4312306001,0.5811,0.7462,0.6783,0.5881,0.7895,0.7668,0.6233,0.6759,0.4402,0.5115,0.6544,0.5441
4312306002,0.6819,0.8575,0.7817,0.7093,0.8857,0.8368,0.7297,0.7809,0.6303,0.6142,0.749,0.6814
4312306003,0.6376,0.8301,0.7004,0.665,0.8661,0.8435,0.744,0.7745,0.6502,0.6111,0.7224,0.6772
4312306004,0.7462,0.8887,0.8066,0.7613,0.8899,0.8575,0.7694,0.8114,0.682,0.6323,0.7502,0.6999
4312306005,0.5275,0.7556,0.6679,0.598,0.8084,0.7401,0.5792,0.6771,0.4623,0.4876,0.6525,0.5466
4312306006,0.6348,0.8464,0.731,0.6981,0.8828,0.8453,0.7103,0.7867,0.6057,0.597,0.7272,0.6824
4312306007,0.5944,0.7723,0.7007,0.6362,0.7974,0.7618,0.6526,0.7283,0.5465,0.5358,0.6573,0.629
4312306008,0.5109,0.7335,0.6395,0.5844,0.7669,0.7138,0.6139,0.6734,0.5307,0.5034,0.6466,0.6043
4312306009,0.5101,0.714,0.6327,0.5982,0.758,0.6892,0.5474,0.643,0.3698,0.4691,0.5993,0.4749
4312306011,0.648,0.8679,0.7581,0.7234,0.8843,0.836,0.747,0.7877,0.645,0.559,0.7174,0.6759
4312306012,0.6313,0.8307,0.7416,0.68,0.8818,0.8167,0.6746,0.7474,0.5525,0.5637,0.7098,0.651
4312306013,0.5914,0.7821,0.7043,0.6512,0.8213,0.7633,0.6572,0.724,0.5367,0.5459,0.6808,0.6317
4312307001,0.4224,0.5455,0.4897,0.4018,0.6253,0.4583,0.3438,0.4096,0.162,0.2565,0.3229,0.2461
4312307002,0.3951,0.6462,0.5685,0.5056,0.7365,0.6044,0.3989,0.5479,0.3881,0.3687,0.5786,0.4271
4312307003,0.5029,0.7199,0.6561,0.5958,0.7652,0.7197,0.5465,0.6622,0.3987,0.4818,0.6286,0.525
4312307005,0.5189,0.7852,0.6909,0.6099,0.8537,0.801,0.5952,0.7056,0.4662,0.495,0.6612,0.5656
4312308001,0.495,0.7217,0.6513,0.5803,0.7429,0.6809,0.5,0.62,0.2865,0.4518,0.6126,0.4544
4312308002,0.5305,0.7214,0.6383,0.5321,0.7548,0.6966,0.5152,0.6032,0.3111,0.4557,0.5761,0.4606
4312308003,0.5333,0.8039,0.7277,0.6535,0.8552,0.8094,0.6377,0.7379,0.5527,0.5599,0.7075,0.5995
4312308004,0.5423,0.7344,0.6749,0.5778,0.7651,0.7393,0.605,0.6828,0.462,0.5606,0.6689,0.5918
4312308005,0.5525,0.81,0.7344,0.6423,0.8241,0.7535,0.6172,0.6978,0.4965,0.5194,0.6467,0.5589
4312308006,0.5783,0.7915,0.7063,0.6169,0.84,0.7813,0.6546,0.7401,0.5185,0.5482,0.6983,0.6246
4312308007,0.5708,0.8079,0.7029,0.637,0.849,0.803,0.6223,0.7014,0.4942,0.5031,0.6894,0.5926
4312309001,0.6331,0.8166,0.7345,0.7019,0.8716,0.8287,0.6893,0.7611,0.601,0.5928,0.7289,0.677
4312309002,0.4466,0.6282,0.5594,0.5052,0.6558,0.5365,0.4424,0.5193,0.3594,0.3681,0.5121,0.4198
4312310001,0.5373,0.7869,0.6987,0.6431,0.8578,0.7959,0.6272,0.7298,0.5075,0.545,0.6945,0.6131
4312401001,0.7515,0.8176,0.7169,0.639,0.845,0.803,0.7191,0.7329,0.5727,0.5299,0.6475,0.5843
4312501001,0.8099,0.8247,0.7346,0.7288,0.8288,0.7865,0.8018,0.7443,0.6073,0.8164,0.7103,0.6219
4312601001,0.6369,0.8156,0.7205,0.6644,0.8306,0.8299,0.7602,0.7618,0.5966,0.6998,0.7041,0.6349
4312701001,0.7651,0.8336,0.7242,0.7106,0.8543,0.8289,0.811,0.7832,0.627,0.7061,0.714,0.6346
4312801001,0.7328,0.822,0.6861,0.6472,0.8565,0.8298,0.8026,0.7308,0.5475,0.6914,0.7158,0.6028
4312901001,0.6901,0.8068,0.6625,0.5947,0.8265,0.7564,0.7153,0.7082,0.5281,0.6581,0.6691,0.5794
4312902001,0.7233,0.8108,0.673,0.6564,0.8377,0.773,0.7374,0.7284,0.5704,0.6543,0.6684,0.5993
4312902002,0.6951,0.8175,0.6853,0.6149,0.835,0.7571,0.7064,0.7069,0.5393,0.661,0.6694,0.5916
4312902003,0.6509,0.8191,0.6944,0.6329,0.8529,0.7786,0.6903,0.7171,0.5581,0.5558,0.6669,0.5667
4313001001,0.7525,0.8081,0.6531,0.6513,0.8763,0.8192,0.7472,0.7751,0.6949,0.809,0.6816,0.6798
4313101001,0.5932,0.7232,0.666,0.6259,0.7751,0.7176,0.6151,0.6337,0.415,0.5389,0.6154,0.5006
4313101002,0.4619,0.7057,0.6351,0.6307,0.7433,0.6973,0.5679,0.6257,0.4356,0.4687,0.6233,0.5034
4313101003,0.64,0.7535,0.681,0.6398,0.8068,0.7419,0.6721,0.6949,0.459,0.604,0.6421,0.5347
4313201001,0.754,0.8125,0.737,0.7078,0.8365,0.8044,0.7647,0.7867,0.6347,0.6919,0.6607,0.6298
4313301001,0.5479,0.7297,0.6351,0.6061,0.7548,0.7042,0.6309,0.6561,0.4541,0.54,0.6187,0.5268
4313301002,0.5861,0.7595,0.6638,0.6047,0.799,0.7532,0.6605,0.6661,0.447,0.5387,0.5941,0.5152
4313302001,0.5818,0.7586,0.6708,0.5997,0.8101,0.7763,0.6763,0.704,0.4609,0.5701,0.6207,0.5487
4313302002,0.5148,0.7264,0.6402,0.5919,0.7718,0.7463,0.6051,0.6604,0.4608,0.4984,0.6128,0.5226
4313401001,0.7695,0.8826,0.7986,0.6773,0.8778,0.8205,0.7314,0.7722,0.6109,0.8,0.7153,0.6113
4313501001,0.708,0.8289,0.7368,0.6912,0.8576,0.8299,0.732,0.7522,0.6727,0.5789,0.6766,0.6902
4313601001,0.5831,0.7125,0.641,0.5977,0.7793,0.7316,0.6329,0.6574,0.4653,0.5711,0.5887,0.5016
4313601002,0.588,0.7245,0.6649,0.6242,0.7855,0.7677,0.667,0.7011,0.4796,0.5483,0.5966,0.4932
4313601003,0.5937,0.7318,0.6682,0.6084,0.7982,0.7699,0.6721,0.6722,0.4709,0.5554,0.6104,0.5203
4313601004,0.5939,0.7154,0.6228,0.6001,0.7961,0.7592,0.6642,0.6623,0.4518,0.6038,0.6,0.5113
4313601005,0.5436,0.6649,0.5881,0.535,0.7014,0.6366,0.5597,0.581,0.396,0.5202,0.5501,0.4709
4313602001,0.6555,0.7373,0.656,0.6357,0.7806,0.7709,0.6991,0.698,0.5081,0.6306,0.6165,0.5481
4313602002,0.5744,0.6986,0.663,0.6122,0.8027,0.7911,0.6774,0.7101,0.5059,0.5609,0.6181,0.5292
4313602003,0.5604,0.6917,0.6207,0.5871,0.7233,0.6884,0.5795,0.6098,0.412,0.5155,0.5317,0.4578
4313602004,0.6459,0.7831,0.6713,0.6366,0.787,0.7488,0.6803,0.7001,0.516,0.6058,0.6233,0.557
4313602005,0.603,0.7593,0.6689,0.6475,0.8529,0.8089,0.6968,0.7455,0.5457,0.6051,0.673,0.5635
4313701001,0.6459,0.785,0.7145,0.6713,0.8259,0.7953,0.6971,0.7265,0.5197,0.6238,0.6584,0.5665
4313801001,0.6493,0.7379,0.6902,0.6332,0.795,0.7417,0.717,0.6882,0.461,0.6581,0.6277,0.5514
4313802001,0.6269,0.739,0.6683,0.5814,0.7601,0.7114,0.6821,0.646,0.4242,0.6233,0.5863,0.4774
4313901001,0.6533,0.802,0.6466,0.5957,0.8492,0.7643,0.7399,0.7061,0.5696,0.6077,0.6034,0.5663
4313902001,0.6849,0.8523,0.6525,0.6,0.8603,0.7947,0.7621,0.7246,0.5872,0.6635,0.6328,0.6
4314001001,0.7416,0.8132,0.7467,0.6773,0.836,0.7935,0.7667,0.7333,0.5315,0.6585,0.6971,0.59
4314001002,0.5973,0.7362,0.719,0.6364,0.8058,0.7293,0.6195,0.6603,0.4105,0.4973,0.6221,0.4921
4314101001,0.789,0.8214,0.6396,0.6415,0.8515,0.819,0.8476,0.7798,0.6372,0.7379,0.6337,0.5104
4314201001,0.6705,0.8063,0.7011,0.6345,0.8401,0.7849,0.7796,0.7325,0.5562,0.7122,0.6706,0.6119
4314301001,0.75,0.9286,0.8393,0.8704,0.8909,0.8824,0.8824,0.8,0.7059,0.8627,0.6863,0.6667
4314401001,0.5852,0.8283,0.7266,0.6752,0.8685,0.8293,0.6744,0.7831,0.5946,0.5254,0.6772,0.5885
4314501001,0.7139,0.8162,0.7191,0.6718,0.8528,0.7889,0.7362,0.7397,0.5781,0.6254,0.6816,0.6271
4314502001,0.6617,0.8207,0.7273,0.662,0.8546,0.8062,0.7361,0.7496,0.6013,0.6221,0.7134,0.6242
4314502002,0.7398,0.8594,0.7603,0.7234,0.8768,0.8528,0.7876,0.8044,0.6481,0.7103,0.7335,0.6908
4314601001,0.8108,0.8421,0.7895,0.7436,0.881,0.8537,0.8049,0.8,0.8108,0.9444,0.9189,0.8684
4314701001,0.7576,0.8671,0.7274,0.7271,0.893,0.856,0.7759,0.8049,0.7089,0.6327,0.725,0.7336
4314801001,0.5612,0.6813,0.634,0.582,0.7443,0.7024,0.5996,0.6416,0.5062,0.4838,0.5704,0.5041
4314802001,0.5655,0.69,0.6592,0.5993,0.7807,0.7474,0.6331,0.6796,0.5006,0.4894,0.6081,0.5194
4314803001,0.5814,0.7387,0.6858,0.6427,0.7963,0.7405,0.6649,0.6935,0.5477,0.5331,0.6313,0.5605
4314803002,0.6455,0.8055,0.7587,0.7033,0.8513,0.8162,0.7245,0.7767,0.7003,0.6385,0.7639,0.7016
4314803003,0.6383,0.8336,0.7635,0.7216,0.8523,0.8147,0.733,0.7611,0.699,0.6241,0.7465,0.6961
4314804001,0.606,0.7663,0.7116,0.6926,0.8017,0.792,0.683,0.7406,0.5833,0.5826,0.7099,0.6153
4314804002,0.6077,0.7598,0.6946,0.6598,0.808,0.7822,0.6718,0.7315,0.5513,0.5907,0.6644,0.6218
4314804003,0.5497,0.7439,0.6672,0.6486,0.7737,0.7735,0.6258,0.7037,0.4573,0.4918,0.5874,0.5431
4314804004,0.5882,0.7917,0.7,0.6394,0.7922,0.7893,0.6871,0.7433,0.5344,0.5261,0.6687,0.6007
4314804005,0.6257,0.823,0.7633,0.7358,0.8389,0.811,0.706,0.7681,0.6081,0.6265,0.7149,0.669
4314804006,0.6559,0.8353,0.7773,0.7039,0.8571,0.8239,0.6907,0.7704,0.6424,0.6067,0.7374,0.6691
4314804007,0.5852,0.7754,0.7423,0.7089,0.8449,0.8062,0.7103,0.7473,0.6195,0.5717,0.7087,0.6346
4314804008,0.6245,0.8012,0.7264,0.693,0.8305,0.7952,0.6684,0.7491,0.5517,0.5485,0.6866,0.6105
4314804009,0.6384,0.8798,0.8004,0.7471,0.8829,0.8578,0.7522,0.8201,0.692,0.6018,0.7428,0.681
4314804010,0.5368,0.7677,0.6886,0.6492,0.8128,0.7627,0.6373,0.7036,0.497,0.5059,0.6181,0.5506
4314804012,0.5739,0.8302,0.7252,0.6552,0.8487,0.7724,0.6602,0.6952,0.5668,0.5569,0.668,0.6801
4314804014,0.5973,0.7924,0.7249,0.6702,0.8522,0.8234,0.7079,0.788,0.5494,0.5844,0.6898,0.6368
4314804015,0.6442,0.8112,0.7225,0.6805,0.8435,0.7921,0.6973,0.7461,0.625,0.5615,0.6903,0.6804
4314804016,0.6622,0.8672,0.7884,0.7174,0.8974,0.8716,0.7621,0.8131,0.6524,0.6387,0.7625,0.7083
4314805001,0.614,0.7727,0.721,0.6897,0.8241,0.7893,0.7009,0.7513,0.6233,0.5803,0.7049,0.6537
4314805002,0.5773,0.7776,0.7213,0.6792,0.7749,0.7597,0.6501,0.6985,0.5926,0.5397,0.6725,0.6089
4314805003,0.5691,0.7609,0.6646,0.632,0.7989,0.7799,0.6726,0.7346,0.5855,0.5513,0.6604,0.6148
4314805004,0.6049,0.7847,0.7035,0.6738,0.8486,0.7958,0.6765,0.7497,0.5623,0.5678,0.6559,0.5775
4314805005,0.5165,0.7142,0.6686,0.6223,0.7525,0.7261,0.6034,0.6569,0.5046,0.4922,0.6211,0.5515
4314805006,0.472,0.6506,0.6081,0.5488,0.7038,0.6398,0.523,0.6,0.4403,0.4619,0.5825,0.52
4314805007,0.5461,0.7344,0.6724,0.6381,0.7849,0.7486,0.6196,0.7243,0.5407,0.493,0.6065,0.505
4314805008,0.6201,0.7937,0.7285,0.7069,0.8228,0.7607,0.6483,0.7285,0.5626,0.5332,0.6523,0.6208
4314806001,0.6543,0.8358,0.7795,0.7278,0.8504,0.8323,0.7351,0.7868,0.6309,0.5987,0.7519,0.695
4314806002,0.6068,0.8205,0.7501,0.6892,0.8713,0.8369,0.6953,0.7778,0.5824,0.5905,0.7304,0.6638
4314806003,0.5324,0.7401,0.6588,0.639,0.7824,0.7364,0.6093,0.6808,0.4549,0.4184,0.5943,0.4724
4314806004,0.5266,0.7002,0.6163,0.569,0.7527,0.7003,0.5584,0.6558,0.5,0.5047,0.6232,0.5444
4314806005,0.537,0.757,0.7251,0.639,0.8298,0.7589,0.5757,0.6923,0.4814,0.494,0.6343,0.5203
4314806006,0.4908,0.6987,0.6501,0.5794,0.7446,0.6886,0.5009,0.5923,0.3652,0.4702,0.5009,0.398
4314806008,0.5797,0.7902,0.735,0.6876,0.8453,0.8033,0.6769,0.7418,0.5922,0.5656,0.7212,0.6357
4314806009,0.6262,0.802,0.7527,0.716,0.8435,0.7913,0.6647,0.7391,0.5298,0.5408,0.6564,0.6034
4314806010,0.597,0.8169,0.7535,0.6993,0.8326,0.7935,0.6673,0.724,0.5736,0.5265,0.679,0.6136
4314806011,0.5708,0.7676,0.6856,0.6521,0.8084,0.7716,0.6452,0.7108,0.5494,0.5431,0.6608,0.5979
4314806012,0.6675,0.8497,0.7998,0.7465,0.8816,0.8425,0.7227,0.7916,0.6545,0.591,0.7569,0.6804
4314806013,0.6011,0.7974,0.7336,0.7073,0.8295,0.7809,0.6756,0.7337,0.518,0.5595,0.6962,0.6457
4314806015,0.5611,0.7075,0.6738,0.623,0.7405,0.7022,0.5239,0.6384,0.4194,0.4282,0.5694,0.4545
4314806016,0.6377,0.8459,0.7743,0.7327,0.89,0.8373,0.7229,0.7858,0.5974,0.6206,0.7447,0.6647
4314807001,0.5323,0.7066,0.6577,0.6093,0.7827,0.7462,0.6203,0.6998,0.5289,0.5117,0.6514,0.5679
4314807002,0.5579,0.7844,0.7202,0.6742,0.8215,0.7926,0.6495,0.7326,0.5446,0.5246,0.7145,0.6243
4314807003,0.4543,0.7015,0.6721,0.5887,0.7788,0.7342,0.5444,0.6492,0.4064,0.4408,0.6148,0.475
4314807004,0.5791,0.7973,0.7392,0.6912,0.8521,0.8144,0.645,0.7461,0.5412,0.5294,0.6929,0.6006
4314807005,0.4191,0.5738,0.5423,0.506,0.6027,0.5777,0.4267,0.4822,0.2973,0.3079,0.4276,0.3174
4314807006,0.5668,0.7191,0.6862,0.6003,0.7697,0.6976,0.5362,0.6654,0.3945,0.4144,0.5646,0.4533
4314807007,0.56,0.7968,0.7088,0.6586,0.8219,0.7567,0.6392,0.7069,0.5589,0.511,0.6569,0.5902
4314807008,0.6485,0.859,0.7884,0.7402,0.8908,0.882,0.7434,0.8351,0.6594,0.6102,0.76,0.6994
4314807010,0.4642,0.6889,0.6577,0.5701,0.7492,0.6839,0.4852,0.6333,0.3822,0.4053,0.5377,0.4198
4314807011,0.5331,0.7698,0.6951,0.6215,0.8065,0.7626,0.598,0.7087,0.4651,0.4989,0.642,0.5477
4314807012,0.4812,0.7339,0.6991,0.6218,0.7977,0.7371,0.5287,0.6643,0.4244,0.446,0.5967,0.4903
4314807013,0.5772,0.8374,0.7621,0.7006,0.876,0.8421,0.7085,0.7961,0.6269,0.5936,0.7454,0.6591
4314807014,0.6775,0.882,0.8272,0.7884,0.8947,0.8624,0.7471,0.8227,0.6849,0.6193,0.7789,0.7194
4314807015,0.5952,0.8013,0.7481,0.7011,0.837,0.8179,0.6708,0.7629,0.4887,0.5482,0.6969,0.5883
4314807016,0.6164,0.8571,0.7965,0.7374,0.8929,0.8209,0.709,0.7834,0.5974,0.563,0.7109,0.6629
4314807017,0.6397,0.857,0.7906,0.7223,0.9062,0.8571,0.7147,0.8018,0.6196,0.586,0.7556,0.6536
4314807018,0.5477,0.7706,0.7002,0.6571,0.8254,0.7908,0.6055,0.7315,0.5443,0.5257,0.6877,0.5994
4314807019,0.5217,0.7649,0.7103,0.6424,0.8261,0.7721,0.6077,0.7258,0.4734,0.4878,0.6642,0.5489
4314807020,,,,,,0.8491,0.7271,0.7825,0.6478,0.623,0.7507,0.6979
4314807021,0.5557,0.7987,0.7409,0.6513,0.8635,0.8053,0.6055,0.7574,0.5226,0.5126,0.6733,0.5694
4314807022,0.5444,0.8051,0.7264,0.6449,0.8543,0.8013,0.6463,0.7366,0.5133,0.5343,0.6783,0.5902
4314807023,,,,,,0.8776,0.7527,0.8282,0.6877,0.6083,0.7517,0.7114
4314808001,0.4375,0.6371,0.6258,0.5294,0.6988,0.6358,0.4667,0.5657,0.3873,0.3882,0.5339,0.3972
4314808002,0.4645,0.6725,0.6266,0.559,0.745,0.7043,0.5404,0.6346,0.4036,0.4423,0.5617,0.4523
4314808003,0.4737,0.6979,0.6552,0.593,0.7721,0.7062,0.5225,0.6307,0.4204,0.4383,0.5997,0.4516
4314808004,0.5395,0.7093,0.6732,0.5977,0.765,0.7029,0.54,0.6386,0.3688,0.4407,0.6005,0.4824
4314808005,0.4612,0.6987,0.6619,0.5982,0.7426,0.6827,0.5093,0.6145,0.4222,0.426,0.5765,0.4526
4314808006,0.5414,0.782,0.7301,0.6863,0.8299,0.7779,0.5598,0.6973,0.4352,0.5011,0.6725,0.5458
4314808007,0.5274,0.7419,0.7004,0.6319,0.8023,0.7324,0.5772,0.6797,0.4357,0.4675,0.6167,0.4937
4314808008,0.4767,0.6917,0.6538,0.5924,0.7528,0.6693,0.4836,0.6143,0.3918,0.4046,0.5026,0.4333
4314808009,0.5611,0.7693,0.7316,0.6588,0.8086,0.748,0.5706,0.6903,0.4832,0.5176,0.6377,0.557
4314808010,0.4336,0.513,0.458,0.3813,0.5234,0.4655,0.3858,0.4217,0.258,0.3108,0.3902,0.2741
4314808011,0.5717,0.7828,0.7462,0.6926,0.8435,0.8067,0.6183,0.7247,0.4956,0.5011,0.6619,0.5314
4314808012,0.3711,0.4871,0.3715,0.3061,0.5018,0.4302,0.2624,0.3633,0.1973,0.2155,0.3603,0.2038
4314808013,0.4993,0.726,0.6834,0.639,0.8103,0.7223,0.5652,0.683,0.4179,0.4838,0.6018,0.4695
4314808014,0.4972,0.6891,0.6323,0.5607,0.7425,0.634,0.464,0.6008,0.3778,0.4014,0.5717,0.4246
4314809001,0.4849,0.7357,0.687,0.5846,0.7852,0.7057,0.5056,0.6279,0.3816,0.4372,0.5701,0.4484
4314809002,0.4352,0.6791,0.6475,0.5687,0.7391,0.6763,0.4683,0.5883,0.3415,0.4096,0.5813,0.4313
4314809003,0.4855,0.7304,0.6628,0.6271,0.7519,0.6559,0.4956,0.6003,0.3373,0.4357,0.5426,0.4418
4314809004,0.4537,0.6505,0.6559,0.5633,0.7454,0.6517,0.4984,0.6243,0.3863,0.4345,0.5636,0.4459
4314809008,0.4608,0.6711,0.6397,0.5835,0.7294,0.6406,0.4825,0.5815,0.3281,0.373,0.5416,0.4157
4314809009,0.5023,0.7299,0.6936,0.5895,0.7985,0.7038,0.5234,0.6472,0.4159,0.4374,0.6021,0.4701
4314809010,0.4281,0.6605,0.6626,0.5471,0.7764,0.6584,0.4758,0.6303,0.3754,0.408,0.5481,0.4178
4314901001,0.7934,0.7829,0.691,0.6516,0.7962,0.7792,0.8811,0.742,0.6211,0.8965,0.7027,0.6755
4315001001,0.8294,0.8517,0.7231,0.7315,0.8817,0.8352,0.8443,0.7737,0.6842,0.8326,0.7294,0.6984
4315101001,0.8125,0.9074,0.7523,0.8411,0.9138,0.8991,0.9167,0.8224,0.783,0.8283,0.8144,0.8454
4315201001,0.8693,0.8683,0.7511,0.7358,0.8688,0.8226,0.7689,0.8,0.6862,0.826,0.7651,0.7195
4315301001,0.5678,0.7229,0.6542,0.6117,0.7709,0.7403,0.619,0.6519,0.4524,0.5256,0.6198,0.526
4315301002,0.5319,0.7865,0.6919,0.6832,0.7943,0.736,0.6168,0.6941,0.4914,0.5009,0.6545,0.5729
4315301003,0.5808,0.769,0.6758,0.6174,0.7945,0.7557,0.6581,0.709,0.5346,0.5325,0.6725,0.589
4315301004,0.5818,0.8032,0.7337,0.6717,0.8425,0.8215,0.6939,0.7649,0.5588,0.584,0.7033,0.6346
4315301005,0.5454,0.7451,0.6642,0.6165,0.7811,0.7481,0.6073,0.6776,0.4605,0.5446,0.6537,0.5563
4315301006,0.5157,0.7067,0.6637,0.5798,0.774,0.7117,0.5722,0.6457,0.3999,0.5122,0.6258,0.5065
4315301007,0.5445,0.7506,0.6837,0.635,0.7783,0.7507,0.573,0.6889,0.4621,0.4987,0.6251,0.56
4315301008,0.4764,0.7403,0.6572,0.6103,0.7522,0.7414,0.5502,0.6676,0.4487,0.4392,0.6425,0.5033
4315401001,0.8456,0.9023,0.7652,0.7769,0.92,0.881,0.8968,0.8254,0.8182,0.6991,0.8545,0.7818
4315501001,0.5279,0.6308,0.563,0.57,0.6648,0.6528,0.59,0.6125,0.4351,0.4848,0.5392,0.4354
4315501002,0.6126,0.7929,0.7176,0.6419,0.8247,0.7685,0.6641,0.7328,0.5569,0.6119,0.6875,0.6122
4315501003,0.6488,0.7861,0.706,0.662,0.8177,0.7775,0.7287,0.7417,0.5578,0.6203,0.6679,0.635
4315501004,0.6356,0.7919,0.6952,0.6545,0.8049,0.772,0.7143,0.71,0.5461,0.5979,0.6841,0.597
4315501005,0.451,0.4262,0.4377,0.4544,0.4601,0.4743,0.4958,0.4142,0.2928,0.4017,0.3794,0.2666
4315501006,0.5731,0.7158,0.6724,0.6265,0.7182,0.6805,0.6142,0.6271,0.4799,0.5425,0.6134,0.5208
4315501007,0.6244,0.7824,0.6903,0.6539,0.8129,0.7814,0.6899,0.7312,0.5462,0.6103,0.6623,0.6048
4315502002,0.6149,0.7918,0.7039,0.6639,0.8309,0.7787,0.7068,0.7256,0.587,0.59,0.685,0.6157
4315502003,0.5553,0.7599,0.657,0.6152,0.7864,0.7564,0.669,0.6997,0.478,0.5414,0.6444,0.5481
4315502004,0.5436,0.7125,0.6302,0.6154,0.762,0.7332,0.624,0.6672,0.4384,0.5773,0.6365,0.5204
4315502005,0.7178,0.7598,0.6848,0.6517,0.7983,0.7722,0.7562,0.7191,0.5407,0.6867,0.6733,0.6166
4315503001,,,,0.5343,0.6691,0.6488,0.5766,0.5979,0.4152,0.5035,0.5407,0.4487
4315503002,0.7584,0.7792,0.6899,0.6601,0.7973,0.7991,0.7905,0.6983,0.5261,0.7327,0.6359,0.585
4315503004,0.5486,0.7186,0.6376,0.5986,0.7826,0.7692,0.6701,0.6895,0.5132,0.5547,0.614,0.5465
4315504001,0.6012,0.7708,0.6882,0.6719,0.8251,0.796,0.6661,0.7167,0.5099,0.5947,0.6835,0.5902
4315504002,0.5667,0.7232,0.6548,0.6054,0.772,0.7343,0.627,0.6652,0.4693,0.5556,0.6039,0.5193
4315504003,0.5116,0.662,0.5892,0.5532,0.7175,0.6695,0.571,0.593,0.3851,0.4406,0.5275,0.4218
4315504004,0.548,0.625,0.5898,0.5444,0.6334,0.5893,0.5604,0.531,0.3598,0.4497,0.4903,0.4215
4315504005,0.6221,0.765,0.713,0.6588,0.8124,0.7677,0.7034,0.7084,0.4874,0.6161,0.6356,0.5608
4315504006,0.576,0.7495,0.6513,0.6163,0.7802,0.7369,0.6703,0.6805,0.476,0.553,0.6056,0.537
4315504007,0.6479,0.7458,0.6991,0.6477,0.8204,0.7554,0.6828,0.6688,0.4407,0.6322,0.6281,0.505
4315504008,0.6411,0.7827,0.698,0.6813,0.8341,0.8151,0.7014,0.7196,0.5353,0.5929,0.6852,0.6117
4315504009,0.559,0.7259,0.6808,0.6031,0.787,0.7679,0.6434,0.7014,0.4492,0.5159,0.6064,0.531
4315601001,0.6829,0.7791,0.7175,0.6718,0.8082,0.7817,0.7482,0.7455,0.5366,0.7318,0.7338,0.6023
4315601002,0.6796,0.7652,0.6781,0.6234,0.8026,0.7393,0.7294,0.7007,0.5147,0.6691,0.6449,0.5756
4315602001,0.6524,0.7349,0.6747,0.6246,0.776,0.7532,0.6976,0.6838,0.4332,0.6011,0.6171,0.5172
4315701001,0.6903,0.8835,0.7756,0.7592,0.908,0.8783,0.9099,0.823,0.7736,0.6731,0.7493,0.7286
4315801001,0.764,0.8409,0.618,0.6118,0.85,0.7922,0.7792,0.7027,0.7568,0.775,0.65,0.6026
4315901001,0.7317,0.8519,0.7125,0.7284,0.961,0.7778,0.7805,0.7895,0.7763,0.7619,0.8,0.8023
4316001001,0.719,0.7759,0.6976,0.656,0.8337,0.795,0.7676,0.7304,0.5702,0.6819,0.6521,0.5762
4316101001,0.5242,0.6506,0.585,0.5213,0.7071,0.6061,0.5364,0.5861,0.4573,0.4739,0.5141,0.4815
4316102001,0.5249,0.6275,0.555,0.5009,0.6785,0.6308,0.5124,0.5154,0.3477,0.4663,0.4839,0.4348
4316103001,0.5831,0.7417,0.6632,0.5975,0.7526,0.7197,0.6166,0.6621,0.466,0.4901,0.6051,0.5033
4316104001,0.6447,0.8384,0.732,0.6834,0.8549,0.7929,0.7262,0.7336,0.5522,0.6171,0.6792,0.6294
4316104002,0.5656,0.7709,0.6586,0.6053,0.8097,0.744,0.6218,0.6768,0.4669,0.509,0.5994,0.5243
4316104003,0.5029,0.7231,0.6218,0.561,0.7943,0.7246,0.6122,0.6634,0.4684,0.4803,0.5866,0.5082
4316105001,0.6031,0.8028,0.686,0.6572,0.8121,0.7908,0.6854,0.7197,0.51,0.5382,0.6564,0.5765
4316105002,0.5834,0.7848,0.6835,0.6236,0.8278,0.7713,0.6568,0.705,0.505,0.5172,0.6146,0.5668
4316105003,0.5292,0.733,0.6848,0.5947,0.7919,0.7215,0.5906,0.6447,0.3873,0.4977,0.5917,0.5
4316106001,0.5495,0.7772,0.6657,0.5917,0.8202,0.7593,0.6569,0.7095,0.5129,0.5408,0.6486,0.5666
4316106002,0.5922,0.8084,0.6966,0.6359,0.8356,0.7897,0.6775,0.7295,0.5572,0.5676,0.6703,0.6313
4316106003,0.6226,0.8056,0.704,0.6311,0.8568,0.8201,0.71,0.7749,0.5993,0.604,0.694,0.6358
4316106004,0.5311,0.7017,0.6208,0.5803,0.7513,0.7216,0.6387,0.6658,0.4804,0.5764,0.6338,0.5586
4316106005,0.5638,0.7858,0.6976,0.6473,0.8559,0.7881,0.6583,0.7403,0.5568,0.5706,0.6873,0.5991
4316106006,0.539,0.7664,0.6801,0.5893,0.847,0.7801,0.6423,0.7146,0.5062,0.5064,0.6489,0.5616
4316201001,0.8147,0.8485,0.7601,0.7208,0.8728,0.8268,0.822,0.8037,0.6941,0.7702,0.7288,0.6785
4316201002,0.6646,0.7757,0.7467,0.6946,0.8228,0.782,0.6751,0.6946,0.5457,0.616,0.6932,0.5808
4316201003,0.6386,0.7682,0.7086,0.6713,0.8432,0.7761,0.6608,0.7158,0.5148,0.6463,0.6892,0.552
4316201004,0.6231,0.7435,0.7091,0.6772,0.8107,0.7688,0.6448,0.6846,0.5307,0.538,0.6314,0.5639
4316301001,0.5866,0.7568,0.6973,0.6496,0.7979,0.7593,0.6684,0.679,0.4562,0.5173,0.6096,0.5319
4316301002,0.6103,0.7428,0.686,0.64,0.7591,0.767,0.6335,0.6925,0.469,0.5277,0.6074,0.5276
4316301003,0.5781,0.7468,0.6912,0.6463,0.8111,0.7532,0.562,0.6914,0.4832,0.5212,0.6511,0.5581
4316302001,0.5652,0.7253,0.676,0.6041,0.78,0.7155,0.5959,0.6435,0.4194,0.5012,0.5765,0.4964
4316302002,0.5117,0.6496,0.5941,0.5643,0.6898,0.6529,0.5119,0.5918,0.3524,0.4631,0.5241,0.4538
4316302003,0.4967,0.6525,0.6379,0.5876,0.7426,0.6961,0.5266,0.6215,0.3907,0.4437,0.5445,0.4509
4316302004,0.4763,0.6754,0.6115,0.5673,0.7198,0.6589,0.476,0.5928,0.3513,0.4185,0.5551,0.4289
4316302005,0.486,0.7267,0.6828,0.629,0.7808,0.7164,0.5174,0.6631,0.3888,0.464,0.636,0.5246
4316303001,0.6294,0.7529,0.7115,0.6473,0.7883,0.7325,0.6141,0.6781,0.5153,0.546,0.6543,0.5282
4316303002,0.5275,0.6987,0.6619,0.5974,0.7358,0.6996,0.5397,0.6356,0.3507,0.4563,0.5885,0.4586
4316303003,0.4759,0.7024,0.6393,0.6128,0.7261,0.7025,0.5529,0.6438,0.4678,0.4632,0.6166,0.5324
4316303004,0.5526,0.7352,0.6899,0.6268,0.7776,0.741,0.572,0.6751,0.4304,0.5004,0.6111,0.5248
4316303005,0.5877,0.7215,0.6925,0.6188,0.7828,0.7536,0.6284,0.6898,0.4848,0.5409,0.6487,0.5403
4316303006,0.5524,0.7405,0.6763,0.6429,0.7895,0.7581,0.6093,0.6937,0.5003,0.5254,0.6311,0.5575
4316303007,0.4826,0.7203,0.6782,0.6172,0.7601,0.7475,0.5672,0.6558,0.4793,0.4567,0.6336,0.5242
4316303008,0.5503,0.7497,0.7055,0.6716,0.7995,0.7515,0.571,0.6716,0.4135,0.5129,0.6562,0.5
4316303009,0.4669,0.7448,0.6813,0.6408,0.7841,0.739,0.5115,0.6766,0.5039,0.4332,0.6367,0.533
4316303010,0.6284,0.8116,0.7556,0.7097,0.8358,0.8074,0.6764,0.7352,0.5339,0.5906,0.7329,0.6306
4316303011,0.6264,0.7853,0.7245,0.6642,0.8302,0.77,0.6138,0.7044,0.4636,0.5419,0.6858,0.5592
4316303012,0.4335,0.6946,0.652,0.6169,0.7891,0.7356,0.5624,0.6536,0.4537,0.4244,0.6143,0.49
4316303013,0.5326,0.7173,0.6939,0.67,0.7931,0.7515,0.6064,0.6837,0.4576,0.5049,0.6446,0.5572
4316401001,0.8121,0.7767,0.7267,0.6811,0.7675,0.7451,0.7848,0.7581,0.5643,0.5924,0.6799,0.4916
4316501001,0.8397,0.8711,0.7457,0.7556,0.9155,0.8601,0.887,0.8214,0.7163,0.7915,0.7665,0.7459
4316601001,0.6717,0.8073,0.7124,0.6496,0.8352,0.7936,0.7211,0.7187,0.5221,0.6269,0.6879,0.5722
4316701001,0.8095,0.8583,0.7493,0.7387,0.9133,0.8698,0.8256,0.7852,0.6763,0.8077,0.6894,0.6805
4316801001,0.5876,0.8298,0.6882,0.5938,0.7955,0.7738,0.6463,0.6627,0.6463,0.8111,0.6667,0.7174
4316901001,0.7426,0.893,0.7965,0.8222,0.9065,0.88,0.8118,0.8719,0.818,0.6194,0.7849,0.7569
4317001001,0.7281,0.8414,0.7036,0.6521,0.8613,0.8041,0.6659,0.7571,0.6385,0.759,0.6916,0.678
4317101001,0.5654,0.7772,0.71,0.6481,0.8314,0.7769,0.6527,0.7192,0.5273,0.581,0.6753,0.5589
4317101002,0.5749,0.7918,0.7228,0.6308,0.8291,0.7774,0.6409,0.7099,0.5426,0.552,0.67,0.5654
4317101003,0.5378,0.7238,0.6816,0.6039,0.7609,0.7181,0.576,0.6461,0.4355,0.4926,0.631,0.488
4317101004,0.6897,0.788,0.7197,0.696,0.7879,0.7432,0.6914,0.715,0.5865,0.6173,0.6623,0.55
4317101005,0.5861,0.7412,0.6967,0.6157,0.8029,0.723,0.6063,0.6693,0.4896,0.5497,0.6159,0.5252
4317101006,0.5551,0.7721,0.7263,0.6316,0.8075,0.7649,0.6394,0.6862,0.5486,0.5822,0.6616,0.5545
4317101007,0.5301,0.7327,0.6831,0.6166,0.8048,0.7316,0.5855,0.6632,0.4466,0.4823,0.6256,0.4918
4317101008,0.3959,0.5992,0.5635,0.531,0.6891,0.6415,0.479,0.5716,0.3965,0.4246,0.5416,
4317101009,0.5928,0.7738,0.6908,0.6363,0.8278,0.7775,0.6451,0.7185,0.5463,0.5753,0.6699,0.609
4317101010,0.55,0.7484,0.712,0.6345,0.8274,0.7811,0.6026,0.6881,0.4859,0.5415,0.6745,0.5576
4317101011,0.5613,0.7913,0.7444,0.6669,0.8402,0.8124,0.6344,0.7573,0.5378,0.5544,0.6945,0.5765
4317101012,0.6364,0.7686,0.6854,0.5449,0.7867,0.6789,0.6825,0.6217,0.3871,0.686,0.5944,0.4949
4317201001,0.8575,0.8371,0.6923,0.6134,0.8319,0.7745,0.6332,0.7425,0.5191,0.8232,0.6437,0.5739
4317301001,0.83,0.8788,0.6238,0.53,0.9053,0.8081,0.7576,0.7143,0.7113,0.6289,0.5714,0.58
4317401001,0.8267,0.8803,0.7174,0.7391,0.9236,0.8889,0.8926,0.8194,0.8027,0.7533,0.7361,0.7103
4317501001,0.7885,0.8207,0.689,0.6552,0.8462,0.7933,0.8484,0.6798,0.5989,0.7385,0.701,0.6949
4317601001,0.7953,0.8487,0.7071,0.6662,0.8547,0.7882,0.7958,0.756,0.6422,0.6589,0.6722,0.6451
4317701001,0.7076,0.8746,0.7919,0.7726,0.8814,0.8556,0.807,0.8297,0.7631,0.8517,0.7739,0.7061
4317801001,0.7298,0.8151,0.7034,0.6341,0.8004,0.7868,0.7395,0.7463,0.5906,0.7294,0.6911,0.6085
4390101001,0.6472,0.6513,0.5846,0.5377,0.7259,0.665,0.7042,0.6027,0.4137,0.6473,0.5485,0.4624
4390101002,0.667,0.6704,0.5884,0.5352,0.746,0.6883,0.7362,0.6269,0.4239,0.6749,0.5713,0.4497
4390101003,0.6887,0.7241,0.6493,0.5599,0.7672,0.703,0.7342,0.6466,0.4304,0.6831,0.5732,0.4612
4390101004,0.7188,0.699,0.6238,0.5571,0.7774,0.6987,0.7366,0.6201,0.399,0.678,0.5411,0.4562
4390101005,0.6687,0.7061,0.591,0.522,0.7382,0.698,0.735,0.5907,0.4021,0.648,0.5384,0.4543
4390101006,0.6632,0.6888,0.6112,0.5246,0.7728,0.7064,0.7483,0.6233,0.4361,0.6738,0.5546,0.4953
4390201001,0.7435,0.7082,0.6686,0.5878,0.8002,0.7551,0.7712,0.6576,0.4683,0.7381,0.6326,0.5359
4390201002,0.6504,0.6796,0.6239,0.5486,0.7497,0.707,0.7052,0.6477,0.4666,0.614,0.5546,0.4721
4390301001,0.7123,0.7612,0.6272,0.5885,0.7958,0.7591,0.746,0.6859,0.4762,0.6815,0.6194,0.5157
4390301002,0.6083,0.6193,0.5299,0.4783,0.7182,0.6827,0.7067,0.5475,0.3754,0.6016,0.5306,0.3711
4390401001,0.7219,0.7169,0.6092,0.5446,0.7642,0.7308,0.7613,0.6552,0.4119,0.7329,0.6268,0.5324
4390401002,0.7263,0.724,0.6311,0.5627,0.7659,0.7245,0.749,0.6589,0.4232,0.7129,0.6288,0.5316
4390501001,0.4436,0.709,0.6448,0.597,0.7757,0.7059,0.5215,0.6417,0.4753,0.3934,0.577,0.4798
4390501002,0.4391,0.606,0.5391,0.4865,0.6418,0.6062,0.4528,0.5537,0.3671,0.3957,0.4912,0.3444
4390501003,0.5574,0.7179,0.679,0.619,0.7476,0.7003,0.5811,0.6466,0.4467,0.5489,0.5796,0.4572
4390501004,0.5053,0.6538,0.5716,0.5323,0.7108,0.6535,0.5428,0.5896,0.4222,0.4459,0.543,0.4202
4390501005,0.5777,0.7545,0.6637,0.6298,0.7817,0.7382,0.5967,0.6729,0.4417,0.5161,0.6456,0.4958
4390501006,0.4161,0.5899,0.5238,0.5119,0.6196,0.5894,0.4563,0.5166,0.4008,0.3863,0.4901,0.364
4390501007,0.5204,0.6861,0.6165,0.5678,0.7156,0.6877,0.5558,0.6301,0.4534,0.512,0.5933,0.4922
4390501008,0.5603,0.7289,0.7043,0.6306,0.7865,0.7414,0.617,0.6855,0.4588,0.5187,0.6315,0.5188
4390501009,0.5718,0.7599,0.6992,0.6293,0.8031,0.7414,0.6333,0.687,0.5364,0.528,0.6284,0.5405
4390501010,0.5893,0.789,0.7261,0.6353,0.8254,0.7882,0.6165,0.737,0.5259,0.5728,0.6857,0.5836
4390501011,0.5577,0.7723,0.7178,0.649,0.8519,0.8136,0.6025,0.754,0.528,0.5484,0.6855,0.5843
4390501012,0.53,0.7341,0.6897,0.6309,0.7984,0.7366,0.5528,0.6516,0.4766,0.5028,0.6478,0.526
4390601001,0.672,0.7739,0.6583,0.6217,0.8115,0.7455,0.7193,0.6802,0.5692,0.6641,0.6378,0.5822
4390601002,0.6375,0.8164,0.721,0.6812,0.8164,0.7748,0.7581,0.7368,0.5637,0.6793,0.635,0.6025
4390701001,0.5943,0.7993,0.7258,0.6505,0.8408,0.7825,0.6497,0.7156,0.4788,0.5923,0.6775,0.5491
4390701002,0.5653,0.7814,0.7274,0.6221,0.8429,0.7762,0.6124,0.7013,0.464,0.5289,0.6433,0.5333
4390701003,0.6291,0.798,0.7599,0.6685,0.8267,0.7824,0.6916,0.7289,0.5097,0.6406,0.7089,0.5723
4390701004,0.5633,0.7391,0.6921,0.6187,0.7919,0.7531,0.6002,0.6699,0.4377,0.5089,0.6284,0.4868
