tract_code,mun_code,mun_name,electorate,voters,turnout,t2015_12,t2016_06,t2019_04,t2019_11,t2023_07,drop_19_23,population,adults,sin_derecho,pct_ad_vota,pct_ad_sinderecho,pct_ad_abst,net_income_pc,net_income_equiv,median_income_equiv,mean_age,pct_under18,pct_over65,pct_spanish,pct_foreign,pct_foreign_born,pct_naturalized,pct_higher_ed_completed,unemployment_rate,pct_rented,pct_secondary,pct_single_hh,indep_share19,indep_share23
1700101001,17001,Agullana,636.0,431.0,0.6777,0.7128,0.6882,0.7914,0.7443,0.6777,0.0667,910.0,747.11,111.11,0.5769,0.1487,0.2744,20117.0,29258.0,20650.0,44.2,17.9,20.2,83.3,0.1744,0.1946,0.0202,0.2901,0.1009,0.2,0.4058,26.9,0.743,0.4756
1700201001,17002,Aiguaviva,583.0,397.0,0.681,0.7716,0.7212,0.8706,0.8253,0.681,0.1443,775.0,616.9,33.9,0.6435,0.055,0.3015,19819.0,32087.0,30450.0,41.9,20.4,16.1,94.5,0.0317,0.052,0.0203,0.4212,0.0459,0.1523,0.1846,15.8,0.761,0.5844
1700301001,17003,Albanyà,109.0,67.0,0.6147,0.6961,0.6442,0.7353,0.8252,0.6147,0.2106,167.0,127.922,18.922,0.5238,0.1479,0.3283,11527.0,17377.0,16450.0,42.5,23.4,22.8,85.0,0.1029,0.12,0.0171,0.2955,0.2436,0.2308,0.5423,34.3,0.8588,0.7313
1700401001,17004,Albons,584.0,397.0,0.6798,0.7275,0.6543,0.8349,0.7769,0.6798,0.0971,815.0,681.34,97.34,0.5827,0.1429,0.2745,16634.0,25075.0,23450.0,44.9,16.4,22.8,84.7,0.1524,0.1574,0.005,0.3809,0.1024,0.1761,0.4537,29.2,0.7689,0.5894
1700501001,17005,"Far d'Empordà, El",468.0,296.0,0.6325,0.6559,0.6223,0.7304,0.7046,0.6325,0.0721,604.0,486.22,18.22,0.6088,0.0375,0.3537,15631.0,24659.0,24500.0,42.3,19.5,17.9,93.9,0.0594,0.0835,0.0241,0.2697,0.097,0.2053,0.1518,21.2,0.677,0.4696
1700601001,17006,Alp,1321.0,819.0,0.62,0.6454,0.6087,0.742,0.7012,0.62,0.0812,1727.0,1478.312,157.312,0.554,0.1064,0.3396,19753.0,27819.0,21350.0,42.7,14.4,16.0,87.4,0.1143,0.1537,0.0394,0.4245,0.0813,0.3418,0.792,40.6,0.6949,0.5018
1700701001,17007,Amer,1765.0,1130.0,0.6402,0.7139,0.688,0.8162,0.7754,0.6402,0.1352,2421.0,2002.167,237.167,0.5644,0.1185,0.3172,16539.0,24531.0,22050.0,45.3,17.3,24.3,87.3,0.1134,0.1151,0.0017,0.2931,0.106,0.17,0.3415,26.4,0.8208,0.6381
1700801001,17008,Anglès,847.0,505.0,0.5962,0.6618,0.6069,0.7585,0.7155,0.5962,0.1193,1515.0,1228.665,381.665,0.411,0.3106,0.2784,12642.0,18921.0,16450.0,41.4,18.9,16.8,68.8,0.3282,0.3222,0.0,0.1775,0.1895,0.286,0.2451,25.7,0.6913,0.4851
1700801002,17008,Anglès,1618.0,919.0,0.568,0.6663,0.6046,0.7706,0.7186,0.568,0.1506,2549.0,2054.494,436.494,0.4473,0.2125,0.3402,14569.0,21823.0,19950.0,43.0,19.4,20.5,78.2,0.2369,0.2313,0.0,0.2108,0.1135,0.2079,0.1772,24.3,0.7524,0.5462
1700801003,17008,Anglès,1221.0,712.0,0.5831,0.6697,0.5951,0.7728,0.7245,0.5831,0.1414,1835.0,1490.02,269.02,0.4778,0.1805,0.3416,15167.0,22886.0,21350.0,42.8,18.8,20.2,84.4,0.1455,0.1574,0.0119,0.2368,0.1047,0.155,0.2927,23.5,0.7279,0.5379
1700901001,17009,Arbúcies,1544.0,996.0,0.6451,0.6658,0.6454,0.7937,0.7391,0.6451,0.094,2725.0,2150.025,606.025,0.4633,0.2819,0.2549,12572.0,18701.0,17150.0,41.0,21.1,17.3,71.9,0.313,0.2788,0.0,0.196,0.1429,0.2335,0.2113,26.7,0.7843,0.509
1700901002,17009,Arbúcies,1522.0,976.0,0.6413,0.7041,0.6432,0.7978,0.7605,0.6413,0.1192,2354.0,1949.112,427.112,0.5007,0.2191,0.2801,14138.0,20863.0,19250.0,43.1,17.2,20.3,74.8,0.2524,0.2349,0.0,0.2167,0.1504,0.2503,0.2464,26.1,0.7587,0.5379
1700902001,17009,Arbúcies,1073.0,692.0,0.6449,0.6869,0.6415,0.8357,0.7607,0.6449,0.1158,1425.0,1185.6,112.6,0.5837,0.095,0.3214,18263.0,27330.0,23450.0,44.8,16.8,22.0,92.8,0.0825,0.0921,0.0096,0.3145,0.1198,0.1376,0.4389,21.4,0.7997,0.5535
1701001001,17010,Argelaguer,345.0,226.0,0.6551,0.7485,0.6667,0.8073,0.759,0.6551,0.104,437.0,378.879,33.879,0.5965,0.0894,0.3141,16501.0,24337.0,22750.0,45.6,13.3,22.2,93.1,0.0481,0.0841,0.036,0.4337,0.1144,0.193,0.3187,30.2,0.8214,0.6549
1701101001,17011,"Armentera, L'",697.0,507.0,0.7274,0.7167,0.697,0.8356,0.8031,0.7274,0.0757,1045.0,846.45,149.45,0.599,0.1766,0.2245,17059.0,25502.0,22750.0,43.4,19.0,20.9,82.7,0.168,0.1781,0.0101,0.3813,0.0871,0.2481,0.4574,31.4,0.7992,0.5779
1701201001,17012,Avinyonet de Puigventós,1260.0,819.0,0.65,0.6681,0.614,0.7822,0.7191,0.65,0.0691,1663.0,1323.748,63.748,0.6187,0.0482,0.3331,16178.0,25454.0,23450.0,40.6,20.4,13.2,94.3,0.0523,0.0848,0.0325,0.2816,0.0815,0.0935,0.144,11.8,0.5692,0.3651
1701301001,17013,Begur,1319.0,854.0,0.6475,0.6593,0.6044,0.7798,0.7079,0.6475,0.0604,2059.0,1768.681,449.681,0.4828,0.2542,0.2629,17908.0,26627.0,22050.0,46.3,14.1,23.2,76.4,0.1995,0.2321,0.0326,0.3766,0.092,0.1391,0.7875,33.1,0.454,0.2927
1701301002,17013,Begur,660.0,453.0,0.6864,0.7722,0.6618,0.7974,0.725,0.6864,0.0387,816.0,705.024,45.024,0.6425,0.0639,0.2936,18125.0,27107.0,23450.0,45.6,13.6,21.9,91.2,0.0893,0.1141,0.0248,0.2967,0.1175,0.128,0.3877,24.3,0.5102,0.3311
1701301003,17013,Begur,941.0,634.0,0.6738,0.6949,0.6684,0.7863,0.7416,0.6738,0.0679,1327.0,1162.452,221.452,0.5454,0.1905,0.2641,19788.0,29439.0,21350.0,48.3,12.4,28.8,79.7,0.1838,0.2172,0.0334,0.3875,0.115,0.2194,0.5909,32.3,0.6006,0.4227
1701401001,17014,"Vajol, La",68.0,52.0,0.7647,0.7705,0.75,0.8095,0.7727,0.7647,0.008,98.0,88.984,20.984,0.5844,0.2358,0.1798,,,,50.9,9.2,27.6,77.6,,,,,,,,31.0,0.6471,0.4423
1701501001,17015,Banyoles,1138.0,695.0,0.6107,0.6434,0.5968,0.7406,0.7066,0.6107,0.0959,1814.0,1482.038,344.038,0.4689,0.2321,0.2989,14612.0,21564.0,19950.0,42.3,18.3,19.9,73.9,0.2449,0.262,0.0171,0.2867,0.113,0.2668,0.2209,30.3,0.7332,0.5525
1701501002,17015,Banyoles,743.0,512.0,0.6891,0.7255,0.6403,0.8132,0.7901,0.6891,0.101,1159.0,946.903,203.903,0.5407,0.2153,0.244,16306.0,24284.0,21350.0,41.2,18.3,16.3,80.8,0.2069,0.2439,0.037,0.3851,0.0649,0.3401,0.3277,30.9,0.6224,0.5898
1701501003,17015,Banyoles,1009.0,620.0,0.6145,0.6215,0.5573,0.7943,0.7444,0.6145,0.1299,1466.0,1199.188,190.188,0.517,0.1586,0.3244,15256.0,22661.0,21350.0,42.6,18.2,19.0,84.6,0.1516,0.1822,0.0306,0.3237,0.0722,0.2614,0.205,29.9,0.5752,0.5452
1701501004,17015,Banyoles,1431.0,900.0,0.6289,0.6628,0.629,0.7694,0.7278,0.6289,0.0989,2541.0,1923.537,492.537,0.4679,0.2561,0.2761,13398.0,20372.0,18550.0,38.2,24.3,14.5,76.8,0.2402,0.2569,0.0167,0.2665,0.124,0.2584,0.1506,28.1,0.7114,0.5344
1701501005,17015,Banyoles,1020.0,667.0,0.6539,0.6788,0.6232,0.8114,0.7658,0.6539,0.1119,1481.0,1202.572,182.572,0.5546,0.1518,0.2935,16023.0,24494.0,22750.0,43.8,18.8,23.3,85.3,0.1492,0.1552,0.006,0.2504,0.0859,0.1588,0.0797,22.0,0.7393,0.5277
1701502001,17015,Banyoles,1299.0,879.0,0.6767,0.7109,0.6419,0.8123,0.7828,0.6767,0.1062,1718.0,1434.53,135.53,0.6127,0.0945,0.2928,20605.0,31323.0,25550.0,45.0,16.5,24.4,88.8,0.1106,0.1171,0.0065,0.4007,0.0644,0.1773,0.1703,21.7,0.792,0.5813
1701502002,17015,Banyoles,1032.0,705.0,0.6831,0.7443,0.6907,0.8384,0.7812,0.6831,0.0981,1438.0,1180.598,148.598,0.5972,0.1259,0.277,18689.0,27696.0,22750.0,43.3,17.9,20.0,86.1,0.1224,0.1476,0.0252,0.4065,0.0699,0.2575,0.2059,30.6,0.7852,0.566
1701502003,17015,Banyoles,1412.0,920.0,0.6516,0.6971,0.6397,0.7768,0.7567,0.6516,0.1052,2088.0,1726.776,314.776,0.5328,0.1823,0.2849,18365.0,27119.0,22050.0,43.4,17.3,21.6,82.0,0.1895,0.2092,0.0197,0.3689,0.0899,0.2621,0.2749,31.1,0.7975,0.5707
1701502004,17015,Banyoles,576.0,367.0,0.6372,0.6722,0.6471,0.787,0.7286,0.6372,0.0915,1003.0,788.358,212.358,0.4655,0.2694,0.2651,16453.0,24651.0,20650.0,41.2,21.4,19.2,77.5,0.253,0.2723,0.0193,0.2846,0.1098,0.2074,0.1545,26.6,0.7806,0.5559
1701502005,17015,Banyoles,971.0,694.0,0.7147,0.7414,0.6982,0.8586,0.8342,0.7147,0.1195,1317.0,1056.234,85.234,0.6571,0.0807,0.2623,20422.0,30465.0,27650.0,41.7,19.8,17.5,91.4,0.082,0.1075,0.0255,0.5033,0.0496,0.1976,0.1895,26.5,0.7962,0.6398
1701503001,17015,Banyoles,1456.0,960.0,0.6593,0.7103,0.6348,0.8216,0.7875,0.6593,0.1282,2059.0,1651.318,195.318,0.5814,0.1183,0.3004,16428.0,24899.0,23450.0,42.5,19.8,19.2,89.3,0.1219,0.1244,0.0025,0.3191,0.0782,0.1356,0.1955,24.9,0.8333,0.6333
1701503002,17015,Banyoles,1173.0,611.0,0.5209,0.5865,0.5049,0.6793,0.594,0.5209,0.0731,2427.0,1834.812,661.812,0.333,0.3607,0.3063,11611.0,18576.0,17150.0,36.0,24.4,10.8,64.3,0.3786,0.3746,0.0,0.1625,0.1601,0.2559,0.0829,21.5,0.7003,0.4615
1701601001,17016,Bàscara,759.0,499.0,0.6574,0.7169,0.684,0.8122,0.7734,0.6574,0.116,1044.0,876.96,117.96,0.569,0.1345,0.2965,15217.0,22691.0,20650.0,44.8,16.0,20.8,85.8,0.1172,0.131,0.0138,0.27,0.0869,0.2068,0.3042,26.7,0.7456,0.5671
1701801001,17018,Bellcaire d'Empordà,522.0,337.0,0.6456,0.7275,0.6812,0.8198,0.7632,0.6456,0.1176,737.0,611.71,89.71,0.5509,0.1467,0.3024,15718.0,23359.0,22050.0,45.1,17.0,22.0,86.0,0.1089,0.1261,0.0172,0.3322,0.0955,0.2,0.4521,28.7,0.748,0.5401
1701901001,17019,Besalú,1793.0,1226.0,0.6838,0.7189,0.6766,0.8251,0.7882,0.6838,0.1044,2577.0,2095.101,302.101,0.5852,0.1442,0.2706,15948.0,23798.0,21350.0,44.6,18.7,22.6,86.2,0.1232,0.1445,0.0213,0.2986,0.0749,0.2019,0.2048,27.5,0.7712,0.5669
1702001001,17020,Bescanó,1316.0,864.0,0.6565,0.7107,0.6353,0.8173,0.7714,0.6565,0.1148,1763.0,1396.296,80.296,0.6188,0.0575,0.3237,16548.0,25689.0,24150.0,40.9,20.8,15.5,93.7,0.0524,0.0727,0.0203,0.346,0.0797,0.1732,0.1194,20.2,0.7826,0.5718
1702001002,17020,Bescanó,969.0,582.0,0.6006,0.7054,0.6343,0.8072,0.752,0.6006,0.1514,1294.0,1061.08,92.08,0.5485,0.0868,0.3647,18154.0,28130.0,26250.0,42.7,18.0,17.3,92.2,0.0712,0.0936,0.0224,0.387,0.0929,0.154,0.3082,21.1,0.7565,0.543
1702001003,17020,Bescanó,1569.0,1048.0,0.6679,0.7002,0.6695,0.8362,0.7916,0.6679,0.1237,2054.0,1616.498,47.498,0.6483,0.0294,0.3223,16208.0,25247.0,24150.0,41.4,21.3,18.0,96.5,0.0299,0.0468,0.0169,0.3396,0.0651,0.1456,0.1302,17.3,0.7376,0.5544
1702101001,17021,Beuda,142.0,88.0,0.6197,0.637,0.6565,0.8033,0.7479,0.6197,0.1282,179.0,146.959,4.959,0.5988,0.0337,0.3674,13217.0,20826.0,19250.0,42.5,17.9,15.6,85.5,0.1684,0.1895,0.0211,0.4051,0.16,0.3768,0.4344,27.4,0.7528,0.4773
1702201002,17022,"Bisbal d'Empordà, La",1201.0,751.0,0.6253,0.6944,0.654,0.7862,0.7147,0.6253,0.0893,1920.0,1534.08,333.08,0.4895,0.2171,0.2933,13079.0,19569.0,17850.0,41.3,20.1,17.7,79.1,0.1908,0.2331,0.0423,0.2572,0.1562,0.2528,0.1576,28.9,0.645,0.4461
1702201003,17022,"Bisbal d'Empordà, La",1361.0,852.0,0.626,0.6522,0.5874,0.7561,0.6951,0.626,0.069,2206.0,1733.916,372.916,0.4914,0.2151,0.2936,13118.0,19315.0,17850.0,40.6,21.4,16.9,79.2,0.1874,0.2032,0.0158,0.2482,0.1485,0.2436,0.2056,30.1,0.7057,0.4343
1702201004,17022,"Bisbal d'Empordà, La",1556.0,1005.0,0.6459,0.694,0.6327,0.8233,0.7503,0.6459,0.1044,2031.0,1673.544,117.544,0.6005,0.0702,0.3292,15780.0,23907.0,22050.0,44.1,17.6,20.6,91.4,0.0805,0.1108,0.0303,0.2719,0.0937,0.1188,0.1381,19.7,0.6203,0.4109
1702202001,17022,"Bisbal d'Empordà, La",1436.0,852.0,0.5933,0.6646,0.5974,0.7642,0.6978,0.5933,0.1045,2450.0,1915.9,479.9,0.4447,0.2505,0.3048,13027.0,19550.0,17150.0,40.0,21.8,15.3,76.7,0.2252,0.2657,0.0405,0.2463,0.2016,0.2887,0.2099,27.7,0.6579,0.4495
1702202002,17022,"Bisbal d'Empordà, La",862.0,485.0,0.5626,0.6136,0.5698,0.7164,0.6464,0.5626,0.0837,1561.0,1242.556,380.556,0.3903,0.3063,0.3034,11851.0,17702.0,15050.0,41.3,20.4,19.3,69.7,0.273,0.3271,0.0541,0.1672,0.223,0.2302,0.1589,27.1,0.7016,0.4454
1702202003,17022,"Bisbal d'Empordà, La",825.0,527.0,0.6388,0.6726,0.5972,0.7248,0.6658,0.6388,0.0271,1319.0,1044.648,219.648,0.5045,0.2103,0.2853,12567.0,19068.0,16450.0,41.5,20.8,18.1,77.8,0.2468,0.2664,0.0196,0.183,0.2242,0.2392,0.2,24.5,0.6144,0.3852
1702301001,17023,Blanes,1071.0,735.0,0.6863,0.7243,0.7042,0.7646,0.7168,0.6863,0.0306,1525.0,1320.65,249.65,0.5565,0.189,0.2544,17725.0,24230.0,20650.0,47.1,13.4,25.6,79.5,0.1677,0.2102,0.0425,0.3699,0.1448,0.3081,0.5069,42.8,0.6133,0.4286
1702301002,17023,Blanes,1419.0,937.0,0.6603,0.7121,0.6717,0.7853,0.743,0.6603,0.0826,1992.0,1725.072,306.072,0.5432,0.1774,0.2794,16968.0,23635.0,20650.0,46.5,13.4,24.6,81.7,0.1486,0.197,0.0484,0.395,0.1697,0.3293,0.485,42.2,0.651,0.4664
1702301004,17023,Blanes,1448.0,833.0,0.5753,0.6707,0.6302,0.7172,0.6745,0.5753,0.0992,2122.0,1841.896,393.896,0.4523,0.2139,0.3339,14008.0,19558.0,17850.0,47.8,13.2,28.4,74.8,0.2365,0.2803,0.0438,0.2364,0.2533,0.2813,0.4728,37.7,0.3449,0.1957
1702301006,17023,Blanes,1575.0,921.0,0.5848,0.6484,0.5938,0.6908,0.6131,0.5848,0.0284,2611.0,2302.902,727.902,0.3999,0.3161,0.284,13338.0,17884.0,16450.0,47.0,11.8,25.5,69.7,0.2789,0.3375,0.0586,0.2563,0.2853,0.3372,0.6926,43.6,0.2854,0.1629
1702301007,17023,Blanes,758.0,539.0,0.7111,0.724,0.6618,0.8205,0.7618,0.7111,0.0508,1125.0,966.375,208.375,0.5578,0.2156,0.2266,23961.0,34729.0,28700.0,46.6,14.1,25.1,76.6,0.1691,0.2151,0.046,0.5257,0.1173,0.2277,0.5098,32.1,0.6459,0.4731
1702302001,17023,Blanes,1687.0,1064.0,0.6307,0.6764,0.6467,0.7509,0.7029,0.6307,0.0722,2522.0,2153.788,466.788,0.494,0.2167,0.2893,14276.0,20499.0,17850.0,44.2,14.6,20.7,77.6,0.1992,0.2453,0.0461,0.3111,0.1836,0.2779,0.3866,35.3,0.5897,0.3797
1702302002,17023,Blanes,962.0,596.0,0.6195,0.6501,0.6183,0.7305,0.6841,0.6195,0.0646,1503.0,1226.448,264.448,0.486,0.2156,0.2984,13633.0,19746.0,17850.0,43.0,18.4,20.2,76.5,0.2112,0.2468,0.0356,0.2673,0.2181,0.303,0.3056,36.7,0.4727,0.2886
1702302003,17023,Blanes,1346.0,830.0,0.6166,0.6587,0.5877,0.7123,0.627,0.6166,0.0104,2301.0,1850.004,504.004,0.4486,0.2724,0.2789,11326.0,17060.0,16450.0,40.2,19.6,14.9,73.3,0.2322,0.2758,0.0436,0.2172,0.2292,0.2485,0.3173,27.7,0.2558,0.1458
1702302004,17023,Blanes,1744.0,1115.0,0.6393,0.6895,0.6313,0.7275,0.6789,0.6393,0.0396,2513.0,2100.868,356.868,0.5307,0.1699,0.2994,13712.0,19930.0,19250.0,43.6,16.4,19.7,83.5,0.153,0.2025,0.0495,0.2421,0.1831,0.2498,0.1715,30.0,0.2967,0.1767
1702302005,17023,Blanes,1878.0,1218.0,0.6486,0.6756,0.6033,0.7563,0.6939,0.6486,0.0453,2604.0,2124.864,246.864,0.5732,0.1162,0.3106,14028.0,21009.0,19250.0,41.7,18.4,15.2,88.4,0.1153,0.1608,0.0455,0.2769,0.1565,0.1765,0.1207,24.6,0.2915,0.1502
1702302006,17023,Blanes,1118.0,779.0,0.6968,0.7392,0.6891,0.8447,0.7566,0.6968,0.0599,1456.0,1247.792,129.792,0.6243,0.104,0.2717,17099.0,24986.0,22750.0,44.2,14.3,19.8,89.5,0.0874,0.1293,0.0419,0.3896,0.1318,0.171,0.2065,21.2,0.4921,0.2875
1702302007,17023,Blanes,1721.0,1145.0,0.6653,0.7109,0.6548,0.7774,0.69,0.6653,0.0247,2397.0,2015.877,294.877,0.568,0.1463,0.2857,12665.0,18620.0,18550.0,43.2,15.9,19.1,84.3,0.1263,0.1716,0.0453,0.2235,0.1887,0.1813,0.2204,23.7,0.2952,0.1773
1702302008,17023,Blanes,881.0,674.0,0.765,0.7544,0.6898,0.8164,0.7822,0.765,0.0172,1001.0,906.906,25.906,0.7432,0.0286,0.2282,17960.0,26255.0,24150.0,50.2,9.4,29.3,95.5,0.0361,0.0585,0.0224,0.333,0.1266,0.113,0.3217,21.9,0.3615,0.2433
1702302009,17023,Blanes,679.0,440.0,0.648,0.7364,0.6944,0.761,0.7252,0.648,0.0772,987.0,835.989,156.989,0.5263,0.1878,0.2859,13961.0,20425.0,17850.0,44.8,15.3,24.0,80.1,0.1641,0.2033,0.0392,0.2604,0.1913,0.2143,0.2827,30.4,0.3095,0.2318
1702302010,17023,Blanes,1703.0,922.0,0.5414,0.6184,0.5589,0.6645,0.5945,0.5414,0.0531,2997.0,2484.513,781.513,0.3711,0.3146,0.3143,11026.0,16228.0,15050.0,41.2,17.1,15.7,68.5,0.2733,0.3237,0.0504,0.1615,0.2825,0.2595,0.3131,27.4,0.1943,0.1041
1702302011,17023,Blanes,1812.0,1172.0,0.6468,0.6889,0.6091,0.7625,0.6987,0.6468,0.0519,2496.0,1976.832,164.832,0.5929,0.0834,0.3238,14609.0,22372.0,21350.0,40.0,20.8,13.4,92.6,0.0759,0.1209,0.045,0.2923,0.142,0.165,0.089,19.4,0.2648,0.1502
1702302012,17023,Blanes,706.0,432.0,0.6119,0.6634,0.6248,0.7471,0.6647,0.6119,0.0528,1024.0,887.808,181.808,0.4866,0.2048,0.3086,12639.0,18036.0,17150.0,45.5,13.3,23.8,75.7,0.2094,0.2645,0.0551,0.2424,0.2203,0.3086,0.2867,34.4,0.3537,0.213
1702302013,17023,Blanes,769.0,541.0,0.7035,0.7118,0.6261,0.7913,0.7098,0.7035,0.0062,1037.0,872.117,103.117,0.6203,0.1182,0.2614,15003.0,21895.0,19950.0,43.1,15.9,16.2,88.7,0.1005,0.147,0.0465,0.305,0.1596,0.1703,0.1925,25.0,0.3018,0.1738
1702303001,17023,Blanes,1109.0,660.0,0.5951,0.6925,0.6164,0.7333,0.6552,0.5951,0.0601,1530.0,1286.73,177.73,0.5129,0.1381,0.3489,12856.0,18617.0,17850.0,43.1,15.9,18.6,84.5,0.1331,0.1919,0.0588,0.1775,0.2308,0.2064,0.1641,25.0,0.2142,0.103
1702303002,17023,Blanes,872.0,506.0,0.5803,0.6873,0.6608,0.714,0.662,0.5803,0.0817,1181.0,1007.393,135.393,0.5023,0.1344,0.3633,12758.0,18668.0,17150.0,46.6,14.7,24.8,85.9,0.1445,0.1825,0.038,0.1511,0.1988,0.1529,0.1358,30.5,0.1613,0.0988
1702303003,17023,Blanes,1522.0,965.0,0.634,0.7014,0.6083,0.7561,0.6752,0.634,0.0411,2218.0,1827.632,305.632,0.528,0.1672,0.3048,12859.0,19259.0,17850.0,41.2,17.6,15.7,86.0,0.1444,0.1888,0.0444,0.2212,0.2,0.1822,0.1142,24.6,0.2339,0.1378
1702303004,17023,Blanes,1578.0,974.0,0.6172,0.7024,0.621,0.7245,0.6488,0.6172,0.0315,2267.0,1820.401,242.401,0.535,0.1332,0.3318,13058.0,19678.0,17850.0,42.0,19.7,18.0,85.6,0.1243,0.1506,0.0263,0.2111,0.227,0.1855,0.2243,23.5,0.2199,0.1427
1702401001,17024,Bolvir,384.0,288.0,0.75,0.6308,0.5709,0.8,0.7224,0.75,-0.0276,497.0,410.025,26.025,0.7024,0.0635,0.2341,26282.0,38207.0,26250.0,43.4,17.5,20.1,92.2,0.0857,0.1327,0.047,0.5217,0.0403,0.3198,0.7779,40.9,0.6404,0.4236
1702501001,17025,Bordils,1240.0,863.0,0.696,0.742,0.6993,0.8308,0.7978,0.696,0.1018,1789.0,1461.613,221.613,0.5904,0.1516,0.2579,17139.0,27368.0,24150.0,43.2,18.3,19.6,83.1,0.1738,0.1727,0.0,0.3324,0.0883,0.2127,0.1509,24.4,0.7699,0.591
1702601001,17026,Borrassà,567.0,393.0,0.6931,0.7108,0.6801,0.8287,0.7668,0.6931,0.0737,774.0,602.946,35.946,0.6518,0.0596,0.2886,18324.0,28640.0,24150.0,42.1,22.1,18.7,91.6,0.0533,0.092,0.0387,0.3627,0.0668,0.2015,0.2054,19.0,0.772,0.5954
1702701001,17027,Breda,1686.0,1091.0,0.6471,0.6955,0.6714,0.8169,0.7714,0.6471,0.1243,2323.0,1937.382,251.382,0.5631,0.1298,0.3071,14638.0,21403.0,19950.0,44.1,16.6,20.5,86.6,0.1389,0.1402,0.0013,0.2654,0.1283,0.2534,0.1956,29.1,0.729,0.5032
1702701002,17027,Breda,1307.0,858.0,0.6565,0.7171,0.673,0.8436,0.7967,0.6565,0.1402,1583.0,1355.048,48.048,0.6332,0.0355,0.3314,16498.0,24587.0,22750.0,47.4,14.4,25.1,95.0,0.052,0.0614,0.0094,0.2714,0.1079,0.1648,0.1669,26.6,0.7409,0.5501
1702801001,17028,Brunyola i Sant Martí Sapresa,306.0,209.0,0.683,0.703,0.6997,0.8013,0.7273,0.683,0.0443,393.0,341.124,35.124,0.6127,0.103,0.2844,18905.0,28908.0,24850.0,45.5,13.2,22.9,90.8,0.0897,0.0949,0.0052,0.3586,0.0606,0.2183,0.3661,29.3,0.838,0.622
1702901001,17029,Boadella i les Escaules,200.0,139.0,0.695,0.6453,0.6135,0.804,0.744,0.695,0.049,260.0,224.9,24.9,0.6181,0.1107,0.2712,16250.0,23443.0,20650.0,47.7,13.5,24.2,89.2,0.0741,0.1074,0.0333,0.2552,0.1288,0.1827,0.5117,32.1,0.6883,0.5683
1703001001,17030,Cabanes,658.0,427.0,0.6489,0.6667,0.624,0.7369,0.7034,0.6489,0.0544,961.0,810.123,152.123,0.5271,0.1878,0.2851,14520.0,21676.0,19250.0,44.5,15.7,20.3,81.0,0.1797,0.1977,0.018,0.2255,0.1405,0.2108,0.2148,27.5,0.6109,0.4192
1703101001,17031,Cabanelles,175.0,105.0,0.6,0.6337,0.5774,0.7143,0.6573,0.6,0.0573,280.0,225.12,50.12,0.4664,0.2226,0.3109,12910.0,20150.0,16450.0,43.9,19.6,22.5,80.4,0.2205,0.2433,0.0228,0.3456,0.1339,0.2245,0.4302,26.1,0.735,0.4381
1703201001,17032,Cadaqués,1901.0,1120.0,0.5892,0.6048,0.5619,0.709,0.6527,0.5892,0.0636,2872.0,2504.384,603.384,0.4472,0.2409,0.3119,15597.0,22764.0,19250.0,45.0,12.8,20.2,77.0,0.2373,0.3191,0.0818,0.2498,0.1127,0.2926,0.679,39.0,0.6313,0.475
1703301001,17033,Caldes de Malavella,1713.0,1061.0,0.6194,0.6892,0.6465,0.7617,0.707,0.6194,0.0876,2216.0,1821.552,108.552,0.5825,0.0596,0.3579,15762.0,23626.0,22750.0,43.5,17.8,19.5,89.9,0.1023,0.1231,0.0208,0.2906,0.115,0.1887,0.1544,24.9,0.6229,0.4684
1703301002,17033,Caldes de Malavella,1886.0,1081.0,0.5732,0.6415,0.5883,0.7196,0.6455,0.5732,0.0723,2751.0,2165.037,279.037,0.4993,0.1289,0.3718,18103.0,28231.0,22750.0,40.7,21.3,16.5,89.0,0.0999,0.134,0.0341,0.264,0.1285,0.109,0.3819,19.4,0.4554,0.2784
1703301003,17033,Caldes de Malavella,1033.0,696.0,0.6738,0.7251,0.6753,0.8111,0.7718,0.6738,0.098,1338.0,1083.78,50.78,0.6422,0.0469,0.3109,16052.0,24267.0,23450.0,43.9,19.0,22.1,93.9,0.0494,0.0765,0.0271,0.2698,0.1004,0.2032,0.1743,24.1,0.6522,0.467
1703301004,17033,Caldes de Malavella,1426.0,773.0,0.5421,0.6049,0.5588,0.6987,0.6471,0.5421,0.105,2007.0,1627.677,201.677,0.4749,0.1239,0.4012,15703.0,23789.0,21350.0,40.4,18.9,14.5,88.7,0.1041,0.137,0.0329,0.3075,0.149,0.0994,0.4256,22.3,0.4412,0.2665
1703401001,17034,Calonge i Sant Antoni,2082.0,1300.0,0.6244,0.6531,0.5929,0.7327,0.6587,0.6244,0.0343,3282.0,2651.856,569.856,0.4902,0.2149,0.2949,13387.0,19987.0,17850.0,42.0,19.2,18.5,80.9,0.1959,0.2364,0.0405,0.2663,0.1603,0.22,0.3258,25.8,0.519,0.3431
1703401002,17034,Calonge i Sant Antoni,1364.0,841.0,0.6166,0.6353,0.5935,0.742,0.6636,0.6166,0.047,2083.0,1795.546,431.546,0.4684,0.2403,0.2913,13889.0,20676.0,17850.0,46.2,13.8,24.6,77.2,0.2291,0.2818,0.0527,0.3299,0.1598,0.3284,0.7803,44.6,0.6386,0.434
1703401003,17034,Calonge i Sant Antoni,1531.0,1008.0,0.6584,0.6625,0.606,0.7713,0.7192,0.6584,0.0608,2133.0,1821.582,290.582,0.5534,0.1595,0.2871,18079.0,26465.0,22750.0,46.2,14.6,23.8,83.9,0.1387,0.1671,0.0284,0.3406,0.1126,0.1938,0.5884,30.4,0.5905,0.4147
1703401004,17034,Calonge i Sant Antoni,1508.0,913.0,0.6054,0.6821,0.6128,0.7367,0.6518,0.6054,0.0464,2293.0,1919.241,411.241,0.4757,0.2143,0.31,15569.0,23271.0,20650.0,44.3,16.3,19.9,80.1,0.2015,0.2367,0.0352,0.298,0.1334,0.1505,0.449,24.0,0.511,0.2903
1703401005,17034,Calonge i Sant Antoni,1288.0,754.0,0.5854,0.6401,0.6016,0.7199,0.6537,0.5854,0.0683,2365.0,2005.52,717.52,0.376,0.3578,0.2663,18537.0,26353.0,21350.0,45.9,15.2,22.8,64.7,0.303,0.3457,0.0427,0.4145,0.1308,0.2189,0.785,34.7,0.5494,0.3568
1703501001,17035,Camós,577.0,420.0,0.7279,0.7353,0.6953,0.8364,0.8217,0.7279,0.0938,713.0,603.911,26.911,0.6955,0.0446,0.26,18434.0,28755.0,26250.0,46.4,15.3,25.3,94.8,0.0492,0.0689,0.0197,0.3207,0.0801,0.1125,0.2705,21.1,0.8456,0.5595
1703601001,17036,Campdevànol,1061.0,739.0,0.6965,0.7322,0.6852,0.828,0.7767,0.6965,0.0802,1360.0,1135.6,74.6,0.6508,0.0657,0.2836,16637.0,24333.0,22750.0,47.2,16.5,27.6,94.0,0.0432,0.0611,0.0179,0.2732,0.0945,0.1355,0.1442,26.8,0.6854,0.4235
1703601002,17036,Campdevànol,789.0,498.0,0.6312,0.6271,0.5956,0.7689,0.7182,0.6312,0.087,1008.0,873.936,84.936,0.5698,0.0972,0.333,15920.0,22673.0,21350.0,47.0,13.3,24.4,91.2,0.0639,0.0834,0.0195,0.2327,0.125,0.189,0.2172,35.6,0.6239,0.4237
1703601003,17036,Campdevànol,747.0,442.0,0.5917,0.6562,0.6106,0.7419,0.6982,0.5917,0.1065,869.0,752.554,5.554,0.5873,0.0074,0.4053,18460.0,27120.0,23450.0,47.6,13.4,25.4,97.4,0.0208,0.0329,0.0121,0.2584,0.0873,0.1124,0.2457,23.7,0.6772,0.3891
1703701001,17037,Campelles,129.0,93.0,0.7209,0.625,0.6635,0.8596,0.7679,0.7209,0.0469,165.0,145.035,16.035,0.6412,0.1106,0.2482,21405.0,28610.0,24150.0,47.5,12.1,26.7,87.3,0.1141,0.1007,0.0,0.4318,0.0811,0.2817,0.6099,48.8,0.8372,0.5269
1703801001,17038,Campllong,404.0,279.0,0.6906,0.6911,0.6393,0.8211,0.8037,0.6906,0.1131,544.0,429.216,25.216,0.65,0.0587,0.2912,19581.0,31551.0,29050.0,40.2,21.1,13.6,96.1,0.0432,0.0789,0.0357,0.3831,0.0565,0.2036,0.148,12.1,0.7657,0.6487
1703901001,17039,Camprodon,1140.0,753.0,0.6605,0.7096,0.6774,0.8079,0.7631,0.6605,0.1026,1590.0,1378.53,238.53,0.5462,0.173,0.2807,17599.0,24541.0,20650.0,47.3,13.3,26.5,80.9,0.1483,0.1978,0.0495,0.3348,0.1021,0.241,0.6186,41.1,0.7367,0.4542
1703901002,17039,Camprodon,692.0,447.0,0.646,0.6744,0.6267,0.7761,0.7457,0.646,0.0998,903.0,776.58,84.58,0.5756,0.1089,0.3155,18130.0,25789.0,22050.0,47.6,14.0,25.4,87.3,0.0971,0.1183,0.0212,0.3523,0.0786,0.2324,0.6193,36.0,0.6987,0.4362
1704001001,17040,Canet d'Adri,569.0,360.0,0.6327,0.7286,0.6462,0.8439,0.7985,0.6327,0.1659,744.0,602.64,33.64,0.5974,0.0558,0.3468,20094.0,30677.0,25550.0,44.3,19.0,22.5,94.2,0.0576,0.0843,0.0267,0.3688,0.1022,0.2311,0.2884,23.9,0.8091,0.5778
1704101001,17041,Cantallops,225.0,149.0,0.6622,0.6791,0.5963,0.7615,0.6912,0.6622,0.029,346.0,286.834,61.834,0.5195,0.2156,0.265,16178.0,23527.0,19250.0,45.5,17.1,23.4,80.9,0.1628,0.2159,0.0531,0.2519,0.1128,0.2683,0.4652,26.3,0.7333,0.5369
1704201001,17042,Capmany,451.0,292.0,0.6475,0.6957,0.6492,0.7672,0.7293,0.6475,0.0818,679.0,588.014,137.014,0.4966,0.233,0.2704,15545.0,23419.0,20650.0,46.0,13.4,25.2,78.9,0.1792,0.208,0.0288,0.2579,0.1245,0.2363,0.3714,27.2,0.6923,0.4726
1704301001,17043,Queralbs,171.0,132.0,0.7719,0.7532,0.7578,0.8084,0.8061,0.7719,0.0341,206.0,184.988,13.988,0.7136,0.0756,0.2108,19887.0,27442.0,24850.0,48.6,10.2,22.3,97.6,0.037,0.0688,0.0318,0.3955,0.1068,0.2653,0.7407,43.4,0.8195,0.6439
1704401001,17044,Cassà de la Selva,1713.0,1174.0,0.6853,0.754,0.6867,0.8467,0.8016,0.6853,0.1162,2278.0,1852.014,139.014,0.6339,0.0751,0.291,18206.0,28150.0,24850.0,42.4,18.7,18.3,93.1,0.0485,0.0656,0.0171,0.3121,0.0833,0.124,0.165,17.7,0.7411,0.5528
1704401002,17044,Cassà de la Selva,1132.0,731.0,0.6458,0.6852,0.6383,0.7642,0.7518,0.6458,0.106,1761.0,1451.064,319.064,0.5038,0.2199,0.2763,15810.0,23678.0,20650.0,42.5,17.6,18.5,78.1,0.2334,0.2385,0.0051,0.2195,0.1403,0.2427,0.1973,25.3,0.6853,0.4925
1704402001,17044,Cassà de la Selva,2044.0,1248.0,0.6106,0.6748,0.6256,0.7786,0.7278,0.6106,0.1172,3382.0,2637.96,593.96,0.4731,0.2252,0.3017,13767.0,21066.0,19250.0,38.8,22.0,14.3,78.7,0.2078,0.2351,0.0273,0.227,0.1155,0.2121,0.2152,26.9,0.6485,0.4655
1704402002,17044,Cassà de la Selva,1657.0,1073.0,0.6476,0.6682,0.6354,0.7738,0.7296,0.6476,0.0821,2540.0,2054.86,397.86,0.5222,0.1936,0.2842,14278.0,21813.0,20650.0,41.9,19.1,17.8,79.5,0.1956,0.2032,0.0076,0.2442,0.101,0.2593,0.1825,26.9,0.6717,0.4977
1704402003,17044,Cassà de la Selva,689.0,486.0,0.7054,0.7437,0.701,0.8228,0.7944,0.7054,0.089,944.0,746.704,57.704,0.6509,0.0773,0.2719,16666.0,25596.0,24150.0,43.3,20.9,22.1,90.8,0.0783,0.1,0.0217,0.2897,0.0652,0.2054,0.1942,21.9,0.8231,0.5926
1704601001,17046,Castellfollit de la Roca,714.0,471.0,0.6597,0.694,0.6402,0.8085,0.7574,0.6597,0.0977,947.0,815.367,101.367,0.5777,0.1243,0.298,15597.0,22384.0,21350.0,47.3,13.9,26.6,89.2,0.0989,0.1301,0.0312,0.2804,0.1285,0.168,0.2558,35.2,0.7672,0.5945
1704701001,17047,Castelló d'Empúries,1372.0,790.0,0.5758,0.6735,0.6168,0.7215,0.6474,0.5758,0.0716,2398.0,1901.614,529.614,0.4154,0.2785,0.3061,12850.0,19732.0,18550.0,41.3,20.7,16.7,73.6,0.2495,0.2749,0.0254,0.2316,0.1373,0.2128,0.2814,24.3,0.5062,0.4038
1704701002,17047,Castelló d'Empúries,1277.0,835.0,0.6539,0.6945,0.637,0.7919,0.71,0.6539,0.0561,1842.0,1536.228,259.228,0.5435,0.1687,0.2877,15601.0,23110.0,21350.0,43.6,16.6,19.0,83.1,0.1639,0.1886,0.0247,0.3041,0.1038,0.1806,0.3246,26.8,0.6716,0.4563
1704701003,17047,Castelló d'Empúries,1424.0,669.0,0.4698,0.5471,0.5453,0.6185,0.5584,0.4698,0.0886,4607.0,3962.02,2538.02,0.1689,0.6406,0.1906,13107.0,18377.0,13650.0,44.2,14.0,19.9,38.3,0.6243,0.6308,0.0065,0.2288,0.2174,0.3531,0.8102,44.1,0.4126,0.2392
1704701004,17047,Castelló d'Empúries,1181.0,610.0,0.5165,0.5471,0.4977,0.6368,0.5391,0.5165,0.0225,3125.0,2496.875,1315.875,0.2443,0.527,0.2287,10665.0,15851.0,13650.0,40.0,20.1,14.8,50.4,0.4831,0.4997,0.0166,0.1963,0.2185,0.2679,0.677,32.2,0.2739,0.1934
1704801001,17048,"Castell d'Aro, Platja d'Aro i s'Agaró",1270.0,886.0,0.6976,0.7146,0.6422,0.7987,0.7158,0.6976,0.0182,2028.0,1638.624,368.624,0.5407,0.225,0.2343,15252.0,24145.0,20650.0,43.1,19.2,19.7,75.3,0.2034,0.2534,0.05,0.3438,0.0988,0.2054,0.4536,25.7,0.4977,0.3036
1704801002,17048,"Castell d'Aro, Platja d'Aro i s'Agaró",1080.0,600.0,0.5556,0.5851,0.5749,0.6849,0.593,0.5556,0.0374,2501.0,2075.83,995.83,0.289,0.4797,0.2312,14651.0,19745.0,15750.0,42.1,17.0,17.0,51.0,0.3741,0.434,0.0599,0.3395,0.1444,0.3536,0.7568,43.3,0.5039,0.3117
1704801003,17048,"Castell d'Aro, Platja d'Aro i s'Agaró",1793.0,1120.0,0.6247,0.6881,0.6302,0.7436,0.6751,0.6247,0.0504,2917.0,2421.11,628.11,0.4626,0.2594,0.278,14837.0,21763.0,18550.0,44.5,17.0,21.8,73.1,0.2516,0.2915,0.0399,0.2747,0.1325,0.2147,0.4988,29.5,0.3565,0.258
1704801004,17048,"Castell d'Aro, Platja d'Aro i s'Agaró",857.0,494.0,0.5764,0.5851,0.5766,0.6943,0.584,0.5764,0.0075,1717.0,1438.846,581.846,0.3433,0.4044,0.2523,15569.0,21493.0,18550.0,43.2,16.2,18.8,57.1,0.3906,0.4368,0.0462,0.3635,0.1391,0.306,0.7582,40.5,0.5133,0.2996
1704801005,17048,"Castell d'Aro, Platja d'Aro i s'Agaró",976.0,605.0,0.6199,0.6642,0.6494,0.7308,0.673,0.6199,0.0532,1604.0,1358.588,382.588,0.4453,0.2816,0.2731,19184.0,26754.0,20650.0,45.7,15.3,22.0,68.6,0.2278,0.2815,0.0537,0.4046,0.1447,0.2655,0.6935,41.1,0.5008,0.3669
1704801006,17048,"Castell d'Aro, Platja d'Aro i s'Agaró",931.0,511.0,0.5489,,,,,0.5489,,1923.0,1615.32,684.32,0.3163,0.4236,0.26,13789.0,19651.0,17150.0,42.9,16.0,17.8,62.0,,,,,,,,36.9,,0.2759
1704901001,17049,Celrà,1276.0,948.0,0.7429,0.75,0.7174,0.8512,0.8214,0.7429,0.0785,1851.0,1469.694,193.694,0.645,0.1318,0.2232,18501.0,28912.0,26250.0,40.4,20.6,14.1,89.7,0.1166,0.1182,0.0016,0.4148,0.0728,0.1702,0.1653,18.8,0.7865,0.5865
1704901002,17049,Celrà,1447.0,950.0,0.6565,0.6969,0.6332,0.8025,0.7485,0.6565,0.092,2599.0,1920.661,473.661,0.4946,0.2466,0.2588,14248.0,22544.0,21350.0,36.1,26.1,9.3,75.9,0.2571,0.2437,0.0,0.2718,0.0663,0.2314,0.1277,17.0,0.609,0.4221
1704901003,17049,Celrà,629.0,403.0,0.6407,0.7127,0.6618,0.8069,0.7589,0.6407,0.1182,1092.0,877.968,248.968,0.459,0.2836,0.2574,14961.0,22917.0,22050.0,40.3,19.6,16.1,72.9,0.2813,0.2635,0.0,0.2686,0.1288,0.3015,0.1528,20.9,0.6947,0.4715
1705001001,17050,Cervià de Ter,708.0,502.0,0.709,0.7689,0.6948,0.868,0.8343,0.709,0.1253,986.0,796.688,88.688,0.6301,0.1113,0.2586,17376.0,26960.0,24850.0,43.6,19.2,19.7,89.0,0.1111,0.1193,0.0082,0.4139,0.0769,0.1489,0.2523,21.2,0.787,0.6614
1705101001,17051,Cistella,229.0,162.0,0.7074,0.7169,0.6651,0.8406,0.797,0.7074,0.0896,294.0,254.898,25.898,0.6355,0.1016,0.2629,17125.0,25220.0,23450.0,46.8,13.3,25.2,90.1,0.0951,0.1021,0.007,0.3725,0.1408,0.1842,0.3904,28.0,0.8075,0.5432
1705201001,17052,Siurana,130.0,87.0,0.6692,0.6694,0.624,0.7761,0.6889,0.6692,0.0197,165.0,135.96,5.96,0.6399,0.0438,0.3163,19145.0,29908.0,26250.0,44.6,17.6,23.6,90.3,0.118,0.1236,0.0056,0.3846,0.1011,0.2903,0.3034,28.1,0.8065,0.7356
1705401001,17054,Colera,392.0,276.0,0.7041,0.664,0.6378,0.781,0.731,0.7041,0.0269,490.0,448.84,56.84,0.6149,0.1266,0.2584,18926.0,25564.0,22050.0,51.0,8.4,32.9,84.3,0.1627,0.1974,0.0347,0.3756,0.1832,0.2696,0.7672,48.0,0.62,0.4493
1705501001,17055,Colomers,164.0,142.0,0.8659,0.8224,0.7333,0.8811,0.8732,0.8659,0.0074,205.0,183.065,19.065,0.7757,0.1041,0.1202,19555.0,28280.0,26950.0,49.7,10.7,29.3,87.8,0.0899,0.127,0.0371,0.3653,0.0787,0.1548,0.4474,37.4,0.7984,0.6197
1705601001,17056,Cornellà del Terri,1762.0,1175.0,0.6669,0.7034,0.6531,0.8143,0.7747,0.6669,0.1079,2344.0,1905.672,143.672,0.6166,0.0754,0.308,16734.0,26094.0,24150.0,43.5,18.7,20.8,90.8,0.0893,0.1033,0.014,0.3505,0.0633,0.1697,0.212,17.1,0.7861,0.5915
1705701001,17057,Corçà,985.0,684.0,0.6944,0.7375,0.6622,0.8533,0.7955,0.6944,0.101,1271.0,1043.491,58.491,0.6555,0.0561,0.2885,17254.0,26144.0,22050.0,45.7,17.9,25.7,93.1,0.0665,0.0821,0.0156,0.334,0.09,0.1471,0.3385,22.2,0.7753,0.5351
1705801001,17058,Crespià,178.0,131.0,0.736,0.7333,0.5706,0.8176,0.7273,0.736,-0.0087,251.0,211.091,33.091,0.6206,0.1568,0.2227,14843.0,22911.0,21350.0,44.5,15.9,21.5,85.7,0.1599,0.1784,0.0185,0.364,0.1111,0.2347,0.3423,18.9,0.7812,0.4962
1706001001,17060,Darnius,393.0,270.0,0.687,0.6533,0.6321,0.7623,0.7335,0.687,0.0465,549.0,477.081,84.081,0.5659,0.1762,0.2578,14461.0,20555.0,19250.0,48.3,13.1,27.5,82.5,0.129,0.1645,0.0355,0.2604,0.1372,0.1982,0.4899,36.1,0.64,0.4074
1706101001,17061,Das,208.0,143.0,0.6875,0.7346,0.6667,0.8087,0.7833,0.6875,0.0958,270.0,227.07,19.07,0.6298,0.084,0.2863,25873.0,36873.0,24850.0,44.6,15.9,21.5,90.4,0.061,0.0772,0.0162,0.5204,0.0424,0.3409,0.7939,41.1,0.7305,0.5455
1706201001,17062,"Escala, L'",778.0,440.0,0.5656,0.5967,0.5956,0.7472,0.6786,0.5656,0.1131,1233.0,1044.351,266.351,0.4213,0.255,0.3236,15437.0,21921.0,19250.0,45.0,15.3,22.1,74.9,0.2813,0.3057,0.0244,0.2654,0.1088,0.3018,0.5595,39.8,0.6755,0.4955
1706201002,17062,"Escala, L'",1850.0,1049.0,0.567,0.5945,0.5433,0.7046,0.6552,0.567,0.0882,3168.0,2645.28,795.28,0.3966,0.3006,0.3028,14615.0,21442.0,17850.0,44.3,16.5,21.7,71.2,0.3024,0.3117,0.0093,0.2258,0.1638,0.2492,0.673,34.3,0.5437,0.3651
1706201003,17062,"Escala, L'",1185.0,771.0,0.6506,0.6672,0.6318,0.7877,0.7128,0.6506,0.0622,1892.0,1610.092,425.092,0.4789,0.264,0.2571,16504.0,24110.0,19950.0,45.3,14.9,22.8,73.6,0.2133,0.2427,0.0294,0.2984,0.1219,0.2138,0.6491,39.5,0.7008,0.4527
1706201004,17062,"Escala, L'",1112.0,655.0,0.589,0.6418,0.6064,0.7375,0.689,0.589,0.1,1721.0,1426.709,314.709,0.4591,0.2206,0.3203,12814.0,19040.0,17850.0,44.8,17.1,23.1,79.0,0.2167,0.2384,0.0217,0.1976,0.1825,0.1959,0.4887,27.0,0.4747,0.2809
1706201005,17062,"Escala, L'",1300.0,720.0,0.5538,0.5995,0.5526,0.6855,0.6393,0.5538,0.0855,2566.0,2227.288,927.288,0.3233,0.4163,0.2604,15571.0,21451.0,18550.0,48.2,13.2,26.8,61.2,0.4138,0.4328,0.019,0.2561,0.173,0.2562,0.8201,43.4,0.5547,0.3653
1706301001,17063,Espinelves,197.0,143.0,0.7259,0.6928,0.6852,0.9075,0.8547,0.7259,0.1289,254.0,210.058,13.058,0.6808,0.0622,0.2571,17469.0,26201.0,24850.0,42.7,17.3,18.1,96.9,0.0628,0.0669,0.0041,0.4098,0.0752,0.2745,0.4822,36.5,0.8693,0.7273
1706401001,17064,Espolla,314.0,228.0,0.7261,0.6738,0.6646,0.8067,0.7685,0.7261,0.0424,412.0,360.912,46.912,0.6317,0.13,0.2383,17522.0,25228.0,21000.0,49.5,12.4,31.6,87.1,0.099,0.1353,0.0363,0.3052,0.0535,0.1706,0.4257,34.1,0.6988,0.4868
1706501001,17065,Esponellà,340.0,231.0,0.6794,0.7463,0.6949,0.784,0.8224,0.6794,0.143,424.0,343.016,3.016,0.6734,0.0088,0.3178,18397.0,27954.0,22750.0,44.4,19.1,24.1,89.6,0.088,0.0966,0.0086,0.393,0.0415,0.2288,0.326,18.4,0.8371,0.697
1706601001,17066,Figueres,686.0,398.0,0.5802,0.6279,0.5925,0.7179,0.6343,0.5802,0.0541,1129.0,924.651,238.651,0.4304,0.2581,0.3115,13639.0,19464.0,17850.0,41.7,18.1,19.5,74.2,0.2154,0.286,0.0706,0.2171,0.1311,0.2764,0.2608,35.6,0.5332,0.3744
1706601002,17066,Figueres,872.0,534.0,0.6124,0.6922,0.6585,0.7566,0.6894,0.6124,0.077,1338.0,1133.286,261.286,0.4712,0.2306,0.2982,17237.0,24601.0,20650.0,45.4,15.3,24.4,75.9,0.224,0.271,0.047,0.3074,0.1431,0.3365,0.2377,32.4,0.4373,0.2734
1706601003,17066,Figueres,1757.0,967.0,0.5504,0.6312,0.5558,0.7041,0.6401,0.5504,0.0897,2690.0,2224.63,467.63,0.4347,0.2102,0.3551,14540.0,21071.0,18550.0,42.4,17.3,19.3,78.7,0.219,0.2675,0.0485,0.2115,0.1585,0.2535,0.1659,29.3,0.5031,0.3051
1706601004,17066,Figueres,834.0,477.0,0.5719,0.6266,0.5945,0.694,0.609,0.5719,0.0371,1483.0,1226.441,392.441,0.3889,0.32,0.2911,13441.0,19821.0,17850.0,43.4,17.3,21.5,73.2,0.2708,0.3125,0.0417,0.1453,0.1572,0.2751,0.16,26.0,0.3827,0.2348
1706601005,17066,Figueres,801.0,180.0,0.2247,0.3415,0.3374,0.31,0.2669,0.2247,0.0422,1294.0,876.038,75.038,0.2055,0.0857,0.7089,6041.0,9638.0,8750.0,33.3,32.3,10.4,83.9,0.175,0.1967,0.0217,0.0321,0.5853,0.2073,0.1546,19.5,0.267,0.2
1706601006,17066,Figueres,1306.0,589.0,0.451,0.5328,0.49,0.5708,0.5215,0.451,0.0705,2244.0,1723.392,417.392,0.3418,0.2422,0.416,9440.0,14245.0,13650.0,39.8,23.2,18.3,72.7,0.2621,0.3094,0.0473,0.0578,0.308,0.2351,0.1077,24.9,0.2095,0.1375
1706601007,17066,Figueres,1018.0,519.0,0.5098,0.5722,0.5432,0.6371,0.5498,0.5098,0.04,1895.0,1495.155,477.155,0.3471,0.3191,0.3337,10786.0,16505.0,15050.0,38.8,21.1,14.1,70.6,0.291,0.3447,0.0537,0.0996,0.2139,0.2682,0.0928,22.1,0.3144,0.1426
1706601008,17066,Figueres,650.0,359.0,0.5523,0.5578,0.5381,0.6727,0.5857,0.5523,0.0334,1262.0,1004.552,354.552,0.3574,0.3529,0.2897,11938.0,18053.0,16450.0,40.0,20.4,17.1,68.4,0.3167,0.3552,0.0385,0.1558,0.2102,0.2494,0.1035,23.3,0.4631,0.2674
1706602001,17066,Figueres,652.0,339.0,0.5199,0.5907,0.5348,0.6328,0.5498,0.5199,0.0298,1311.0,1073.709,421.709,0.3157,0.3928,0.2915,12867.0,18568.0,15050.0,38.7,18.1,13.4,60.0,0.378,0.4536,0.0756,0.2081,0.1947,0.4325,0.399,34.4,0.532,0.3451
1706602002,17066,Figueres,986.0,579.0,0.5872,0.5861,0.5704,0.6808,0.6317,0.5872,0.0445,1913.0,1501.705,515.705,0.3856,0.3434,0.271,11651.0,17302.0,16450.0,38.3,21.5,12.8,69.1,0.3072,0.3406,0.0334,0.1601,0.2005,0.319,0.1954,32.6,0.4681,0.2591
1706602003,17066,Figueres,780.0,505.0,0.6474,0.6905,0.6561,0.7771,0.6992,0.6474,0.0518,1150.0,944.15,164.15,0.5349,0.1739,0.2913,14868.0,22102.0,19950.0,42.3,17.9,17.6,78.4,0.1888,0.2323,0.0435,0.2788,0.1275,0.2448,0.1981,25.3,0.511,0.3228
1706602004,17066,Figueres,1550.0,886.0,0.5716,0.6288,0.5995,0.6985,0.6347,0.5716,0.0631,2426.0,1991.746,441.746,0.4448,0.2218,0.3334,12475.0,18368.0,17150.0,41.0,17.9,16.1,76.0,0.2248,0.2846,0.0598,0.1608,0.1825,0.3026,0.1064,26.6,0.4407,0.2573
1706603001,17066,Figueres,1068.0,589.0,0.5515,0.6368,0.5756,0.6591,0.6076,0.5515,0.0561,1892.0,1523.06,455.06,0.3867,0.2988,0.3145,13471.0,20320.0,17850.0,40.1,19.5,15.5,70.2,0.2671,0.331,0.0639,0.2019,0.1617,0.3602,0.2092,27.3,0.5533,0.3837
1706603002,17066,Figueres,1419.0,806.0,0.568,0.6173,0.5747,0.6802,0.6352,0.568,0.0672,2525.0,2027.575,608.575,0.3975,0.3001,0.3023,13269.0,20002.0,18550.0,39.2,19.7,14.0,70.8,0.2632,0.3357,0.0725,0.2141,0.1654,0.3087,0.2245,26.4,0.4964,0.3176
1706603003,17066,Figueres,1549.0,896.0,0.5784,0.609,0.5832,0.6999,0.6271,0.5784,0.0486,2617.0,2109.302,560.302,0.4248,0.2656,0.3096,12915.0,19078.0,17850.0,41.1,19.4,16.3,72.4,0.254,0.2921,0.0381,0.1953,0.1474,0.281,0.1379,26.8,0.445,0.2679
1706603004,17066,Figueres,797.0,358.0,0.4492,0.5607,0.4699,0.5623,0.521,0.4492,0.0718,2475.0,1767.15,970.15,0.2026,0.549,0.2484,8085.0,13038.0,11550.0,34.1,28.6,10.1,47.6,0.5112,0.4645,0.0,0.035,0.2957,0.2639,0.0825,18.8,0.1565,0.0559
1706603005,17066,Figueres,1654.0,923.0,0.558,0.6455,0.5883,0.6802,0.6378,0.558,0.0797,3215.0,2562.355,908.355,0.3602,0.3545,0.2853,12458.0,18680.0,15750.0,40.1,20.3,15.6,65.3,0.3266,0.3918,0.0652,0.1938,0.1769,0.3656,0.1545,28.5,0.5283,0.3359
1706604001,17066,Figueres,919.0,511.0,0.556,0.5629,0.554,0.6535,0.5973,0.556,0.0413,1773.0,1434.357,515.357,0.3563,0.3593,0.2844,13761.0,19871.0,16450.0,39.8,19.1,15.7,62.1,0.3661,0.4222,0.0561,0.2053,0.1821,0.4137,0.3138,33.5,0.5198,0.3503
1706604002,17066,Figueres,1302.0,746.0,0.573,0.6604,0.642,0.7136,0.6531,0.573,0.0801,2256.0,1847.664,545.664,0.4038,0.2953,0.3009,13864.0,20322.0,17150.0,42.2,18.1,19.2,69.2,0.2923,0.3361,0.0438,0.2168,0.1734,0.314,0.1361,32.0,0.5775,0.378
1706604003,17066,Figueres,1484.0,808.0,0.5445,0.6109,0.5588,0.6746,0.5983,0.5445,0.0538,2515.0,2059.785,575.785,0.3923,0.2795,0.3282,13131.0,19417.0,17150.0,40.7,18.1,16.5,72.0,0.2605,0.3336,0.0731,0.2157,0.1735,0.3567,0.1871,28.9,0.5135,0.3342
1706604004,17066,Figueres,1815.0,1081.0,0.5956,0.6513,0.6113,0.7136,0.6621,0.5956,0.0665,3046.0,2430.708,615.708,0.4447,0.2533,0.302,13144.0,19485.0,17850.0,40.7,20.2,17.1,75.1,0.2331,0.2671,0.034,0.1965,0.1702,0.2961,0.1681,27.2,0.5238,0.3247
1706604005,17066,Figueres,1089.0,576.0,0.5289,0.5759,0.5508,0.611,0.577,0.5289,0.048,2301.0,1730.352,641.352,0.3329,0.3706,0.2965,10512.0,16181.0,14350.0,38.2,24.8,14.6,62.9,0.3514,0.3893,0.0379,0.1208,0.2749,0.3107,0.0636,24.3,0.4462,0.2656
1706604007,17066,Figueres,656.0,460.0,0.7012,0.7139,0.6559,0.7812,0.7118,0.7012,0.0105,854.0,708.82,52.82,0.649,0.0745,0.2765,15169.0,22934.0,21350.0,45.9,17.0,28.0,93.8,0.0633,0.0996,0.0363,0.2146,0.1578,0.0649,0.0552,14.9,0.3967,0.2391
1706604008,17066,Figueres,781.0,487.0,0.6236,0.6559,0.5968,0.7205,0.6458,0.6236,0.0222,1182.0,978.696,197.696,0.4976,0.202,0.3004,13273.0,19641.0,18550.0,41.4,17.2,14.4,81.1,0.1771,0.2365,0.0594,0.1705,0.1533,0.2409,0.0265,23.8,0.3526,0.2012
1706604009,17066,Figueres,1005.0,636.0,0.6328,0.6925,0.6443,0.7411,0.7017,0.6328,0.0688,1588.0,1230.7,225.7,0.5168,0.1834,0.2998,15438.0,23435.0,20650.0,40.4,22.5,17.0,85.3,0.1441,0.1945,0.0504,0.3113,0.1423,0.2979,0.1575,29.7,0.5028,0.3019
1706701001,17067,Flaçà,715.0,483.0,0.6755,0.7174,0.671,0.8336,0.7827,0.6755,0.1071,1145.0,937.755,222.755,0.5151,0.2375,0.2474,15451.0,23109.0,21350.0,42.9,18.1,20.1,75.2,0.2633,0.245,0.0,0.2892,0.0942,0.2313,0.1955,26.9,0.7895,0.5983
1706801001,17068,Foixà,242.0,175.0,0.7231,0.7061,0.6449,0.7886,0.7549,0.7231,0.0318,291.0,259.863,17.863,0.6734,0.0687,0.2578,22735.0,32989.0,28350.0,51.3,10.7,30.2,94.2,0.0572,0.0808,0.0236,0.4111,0.042,0.1466,0.5285,33.6,0.7644,0.5486
1706901001,17069,Fontanals de Cerdanya,421.0,302.0,0.7173,0.7143,0.6845,0.7857,0.7521,0.7173,0.0347,518.0,439.782,18.782,0.6867,0.0427,0.2706,24812.0,34251.0,27650.0,46.3,15.1,25.9,93.6,0.0663,0.0975,0.0312,0.484,0.0524,0.2863,0.8133,48.5,0.7037,0.4371
1707001001,17070,Fontanilles,124.0,86.0,0.6935,0.7523,0.6847,0.8545,0.7909,0.6935,0.0974,168.0,145.992,21.992,0.5891,0.1506,0.2603,19338.0,28495.0,22750.0,46.7,13.1,26.8,85.7,0.1447,0.1887,0.044,0.3669,0.0811,0.2,0.5175,22.6,0.8276,0.6163
1707101001,17071,Fontcoberta,1107.0,809.0,0.7308,0.7162,0.6861,0.867,0.8316,0.7308,0.1008,1501.0,1205.303,98.303,0.6712,0.0816,0.2472,18398.0,28916.0,26250.0,43.2,19.7,22.0,96.1,0.0369,0.0519,0.015,0.3836,0.0647,0.0888,0.1434,16.2,0.8356,0.6131
1707301001,17073,Fornells de la Selva,1266.0,913.0,0.7212,0.7819,0.7277,0.8742,0.8504,0.7212,0.1293,1732.0,1345.764,79.764,0.6784,0.0593,0.2623,20462.0,31774.0,27650.0,40.6,22.3,15.8,95.4,0.0393,0.0543,0.015,0.459,0.0707,0.1799,0.1053,16.1,0.7526,0.5882
1707301002,17073,Fornells de la Selva,755.0,550.0,0.7285,,,,,0.7285,,1048.0,844.688,89.688,0.6511,0.1062,0.2427,25064.0,40097.0,33950.0,41.5,19.4,16.3,91.9,0.0625,0.0748,0.0123,0.4806,0.0285,0.0515,0.1339,11.2,,0.5418
1707401001,17074,Fortià,556.0,373.0,0.6709,0.6805,0.6608,0.8195,0.7519,0.6709,0.081,785.0,646.055,90.055,0.5774,0.1394,0.2833,16798.0,25251.0,22050.0,43.5,17.7,19.9,87.9,0.1396,0.1662,0.0266,0.3109,0.1308,0.1388,0.2682,24.2,0.6253,0.4611
1707501001,17075,Garrigàs,345.0,263.0,0.7623,0.7006,0.6212,0.8443,0.7559,0.7623,-0.0064,455.0,380.835,35.835,0.6906,0.0941,0.2153,18190.0,27187.0,25550.0,44.0,16.3,18.5,91.4,0.1116,0.1373,0.0257,0.3581,0.1057,0.2514,0.3446,28.8,0.7782,0.5513
1707601001,17076,Garrigoles,134.0,106.0,0.791,0.7317,0.6935,0.8279,0.7983,0.791,0.0073,186.0,149.916,15.916,0.7071,0.1062,0.1868,20821.0,30990.0,24850.0,44.9,19.4,22.6,88.7,0.1395,0.1453,0.0058,0.4577,0.1084,0.3056,0.4857,30.1,0.7263,0.4717
1707701001,17077,Garriguella,633.0,430.0,0.6793,0.6955,0.6734,0.7654,0.6991,0.6793,0.0198,967.0,775.534,142.534,0.5545,0.1838,0.2618,16516.0,25032.0,21350.0,43.9,19.8,23.1,82.3,0.2002,0.2211,0.0209,0.3228,0.0941,0.1613,0.3529,24.7,0.6329,0.4488
1707801001,17078,Ger,385.0,259.0,0.6727,0.6818,0.6637,0.75,0.7313,0.6727,0.0586,494.0,411.008,26.008,0.6302,0.0633,0.3066,22883.0,31315.0,24150.0,44.0,16.8,21.5,93.9,0.0475,0.0673,0.0198,0.4743,0.061,0.3301,0.7282,41.3,0.8531,0.6255
1707901001,17079,Girona,697.0,438.0,0.6284,0.6573,0.6513,0.7738,0.7293,0.6284,0.1009,1055.0,911.52,214.52,0.4805,0.2353,0.2841,19575.0,27933.0,22050.0,39.5,13.6,10.4,74.0,0.2178,0.2654,0.0476,0.5607,0.1064,0.4895,0.4741,43.6,0.7258,0.4726
1707901002,17079,Girona,626.0,387.0,0.6182,0.7277,0.6391,0.7843,0.7025,0.6182,0.0842,825.0,664.95,38.95,0.582,0.0586,0.3594,17340.0,25999.0,22750.0,43.9,19.4,25.1,90.7,0.0929,0.1076,0.0147,0.4435,0.159,0.2525,0.2399,27.1,0.6856,0.5323
1707901003,17079,Girona,913.0,609.0,0.667,0.6933,0.6206,0.7946,0.7593,0.667,0.0923,1402.0,1187.494,274.494,0.5128,0.2312,0.256,18596.0,27181.0,24150.0,41.7,15.3,17.5,80.8,0.1601,0.2019,0.0418,0.5124,0.0984,0.3801,0.3543,34.3,0.7098,0.4828
1707901004,17079,Girona,842.0,459.0,0.5451,0.6234,0.5773,0.7102,0.6684,0.5451,0.1232,1465.0,1218.88,376.88,0.3766,0.3092,0.3142,13913.0,20468.0,17850.0,39.8,16.8,14.6,70.2,0.2949,0.3343,0.0394,0.3372,0.1486,0.3975,0.3467,36.2,0.6327,0.4575
1707901005,17079,Girona,1005.0,336.0,0.3343,0.3749,0.2868,0.4104,0.3614,0.3343,0.0271,1742.0,1174.108,169.108,0.2862,0.144,0.5698,5964.0,9753.0,8750.0,31.5,32.6,7.1,87.4,0.1213,0.1292,0.0079,0.0218,0.6478,0.3558,0.1362,17.5,0.065,0.0179
1707901006,17079,Girona,996.0,526.0,0.5281,0.6064,0.5329,0.6633,0.5857,0.5281,0.0576,1699.0,1301.434,305.434,0.4042,0.2347,0.3611,9647.0,14782.0,14350.0,39.2,23.4,18.0,79.4,0.1727,0.1927,0.02,0.1039,0.2841,0.2619,0.1567,21.6,0.1136,0.0551
1707902001,17079,Girona,558.0,412.0,0.7384,0.7531,0.7092,0.8534,0.8198,0.7384,0.0814,803.0,653.642,95.642,0.6303,0.1463,0.2234,23651.0,35605.0,30450.0,44.6,18.6,25.7,88.9,0.1078,0.1406,0.0328,0.5732,0.0655,0.3239,0.3589,37.8,0.7177,0.5752
1707902002,17079,Girona,686.0,447.0,0.6516,0.6934,0.6031,0.772,0.7189,0.6516,0.0673,1070.0,874.19,188.19,0.5113,0.2153,0.2734,20690.0,30703.0,25550.0,40.8,18.3,17.3,82.0,0.1577,0.1902,0.0325,0.5277,0.0864,0.3619,0.3359,36.0,0.7179,0.519
1707902003,17079,Girona,938.0,619.0,0.6599,0.7358,0.6827,0.8132,0.7783,0.6599,0.1183,1294.0,1076.608,138.608,0.575,0.1287,0.2963,22160.0,32451.0,26950.0,44.3,16.8,24.4,87.8,0.1051,0.1367,0.0316,0.5525,0.052,0.3187,0.3507,35.1,0.6863,0.5073
1707902004,17079,Girona,1179.0,820.0,0.6955,0.7202,0.691,0.8382,0.7925,0.6955,0.0969,1676.0,1397.784,218.784,0.5866,0.1565,0.2568,22345.0,32741.0,26950.0,44.0,16.6,23.6,85.1,0.1454,0.1821,0.0367,0.5247,0.0776,0.3197,0.2977,36.4,0.6977,0.4939
1707902005,17079,Girona,687.0,423.0,0.6157,0.7088,0.6585,0.7843,0.744,0.6157,0.1282,924.0,791.868,104.868,0.5342,0.1324,0.3334,22710.0,32911.0,28350.0,43.6,14.3,22.6,82.5,0.1618,0.2002,0.0384,0.5054,0.0716,0.3439,0.3355,38.3,0.6673,0.4823
1707902006,17079,Girona,1479.0,958.0,0.6477,0.708,0.6403,0.7987,0.7569,0.6477,0.1092,2154.0,1826.592,347.592,0.5245,0.1903,0.2852,19079.0,27935.0,24850.0,42.5,15.2,19.9,80.8,0.1829,0.2184,0.0355,0.4739,0.1013,0.3191,0.3352,34.6,0.6479,0.4332
1707902007,17079,Girona,1378.0,918.0,0.6662,0.7613,0.7013,0.8474,0.7885,0.6662,0.1223,1990.0,1647.72,269.72,0.5571,0.1637,0.2792,22609.0,33682.0,26250.0,42.1,17.2,19.0,83.3,0.1548,0.2025,0.0477,0.5207,0.0778,0.3102,0.2184,27.9,0.6361,0.439
1707902008,17079,Girona,1570.0,1070.0,0.6815,0.7517,0.7172,0.8529,0.796,0.6815,0.1145,2018.0,1699.156,129.156,0.6297,0.076,0.2943,22172.0,32209.0,26250.0,44.2,15.8,23.1,88.4,0.11,0.141,0.031,0.5458,0.0823,0.2891,0.2656,29.6,0.7023,0.5346
1707902009,17079,Girona,1017.0,679.0,0.6676,0.7062,0.6515,0.8161,0.738,0.6676,0.0703,1365.0,1180.725,163.725,0.5751,0.1387,0.2863,18127.0,26669.0,23450.0,43.8,13.5,19.3,85.0,0.1266,0.1789,0.0523,0.3716,0.0953,0.2575,0.1964,30.4,0.4869,0.3225
1707902010,17079,Girona,1713.0,1187.0,0.6929,0.7431,0.6994,0.8218,0.785,0.6929,0.092,2364.0,1985.76,272.76,0.5978,0.1374,0.2649,18374.0,26524.0,24150.0,41.6,16.0,15.4,88.0,0.1304,0.1692,0.0388,0.4541,0.0761,0.3527,0.2389,34.1,0.6489,0.4398
1707902011,17079,Girona,1630.0,1020.0,0.6258,0.6612,0.6431,0.7702,0.7289,0.6258,0.1031,2598.0,2125.164,495.164,0.48,0.233,0.287,15702.0,23134.0,22050.0,38.9,18.2,12.6,78.8,0.2261,0.2768,0.0507,0.418,0.101,0.4029,0.2827,30.4,0.6031,0.3706
1707902012,17079,Girona,990.0,651.0,0.6576,0.7318,0.6813,0.8515,0.7802,0.6576,0.1227,1347.0,1134.174,144.174,0.574,0.1271,0.2989,22101.0,32266.0,28350.0,47.0,15.8,29.4,87.8,0.1157,0.1317,0.016,0.5472,0.0719,0.285,0.2291,33.9,0.7093,0.5161
1707902013,17079,Girona,779.0,480.0,0.6162,0.7095,0.6748,0.807,0.7477,0.6162,0.1316,1214.0,1019.76,240.76,0.4707,0.2361,0.2932,18494.0,26426.0,22050.0,43.3,16.0,22.6,76.4,0.2238,0.2694,0.0456,0.4413,0.1078,0.3472,0.2674,40.0,0.6972,0.4792
1707902014,17079,Girona,667.0,377.0,0.5652,0.6931,0.5935,0.7361,0.6528,0.5652,0.0875,1082.0,889.404,222.404,0.4239,0.2501,0.3261,14330.0,21642.0,18550.0,40.2,17.8,15.2,77.4,0.1965,0.251,0.0545,0.3064,0.1106,0.2462,0.2184,26.8,0.484,0.2759
1707902015,17079,Girona,1860.0,1256.0,0.6753,0.7479,0.6602,0.8157,0.7649,0.6753,0.0896,2408.0,1969.744,109.744,0.6376,0.0557,0.3066,24903.0,38620.0,33250.0,42.1,18.2,18.4,91.6,0.08,0.1114,0.0314,0.557,0.0603,0.2064,0.1449,20.1,0.6583,0.4721
1707902016,17079,Girona,958.0,712.0,0.7432,0.7681,0.7359,0.8697,0.8347,0.7432,0.0915,1168.0,989.296,31.296,0.7197,0.0316,0.2487,27355.0,41414.0,36750.0,45.9,15.3,27.9,94.0,0.0563,0.0894,0.0331,0.564,0.058,0.0821,0.0099,13.4,0.6756,0.5393
1707902017,17079,Girona,1040.0,732.0,0.7038,0.7634,0.704,0.8704,0.8342,0.7038,0.1303,1383.0,1114.698,74.698,0.6567,0.067,0.2763,22471.0,35491.0,29750.0,42.7,19.4,21.1,91.6,0.0736,0.0958,0.0222,0.4137,0.0706,0.1205,0.0968,14.1,0.6419,0.4235
1707902018,17079,Girona,1232.0,835.0,0.6778,0.7693,0.6863,0.8501,0.8131,0.6778,0.1354,1807.0,1434.758,202.758,0.582,0.1413,0.2767,19530.0,29739.0,26950.0,39.9,20.6,15.1,87.8,0.084,0.1371,0.0531,0.5047,0.0847,0.2745,0.228,26.4,0.6243,0.4455
1707902019,17079,Girona,1818.0,1271.0,0.6991,0.7526,0.7028,0.8729,0.8273,0.6991,0.1281,2619.0,2045.439,227.439,0.6214,0.1112,0.2674,19753.0,29747.0,27650.0,39.0,21.9,11.5,90.8,0.0845,0.1281,0.0436,0.5863,0.0581,0.3044,0.2417,24.6,0.6692,0.4414
1707902020,17079,Girona,889.0,612.0,0.6884,0.73,0.6787,0.8074,0.7745,0.6884,0.0861,1178.0,987.164,98.164,0.62,0.0994,0.2806,25291.0,38672.0,29750.0,42.7,16.2,21.7,88.5,0.0958,0.1403,0.0445,0.5263,0.09,0.231,0.2941,22.3,0.5853,0.4314
1707902021,17079,Girona,1068.0,717.0,0.6713,0.7379,0.6821,0.8314,0.7979,0.6713,0.1266,1659.0,1340.472,272.472,0.5349,0.2033,0.2618,18348.0,26810.0,23450.0,42.7,19.2,20.4,83.1,0.1739,0.2157,0.0418,0.4665,0.0848,0.3196,0.2251,36.5,0.6428,0.4435
1707902022,17079,Girona,1124.0,725.0,0.645,0.699,0.6005,0.7799,0.7054,0.645,0.0604,1942.0,1462.326,338.326,0.4958,0.2314,0.2729,14963.0,22795.0,21700.0,34.5,24.7,7.5,78.9,0.2243,0.2663,0.042,0.4126,0.1036,0.4135,0.3046,30.4,0.5808,0.3324
1707903001,17079,Girona,762.0,498.0,0.6535,0.7393,0.7089,0.8206,0.7882,0.6535,0.1347,1209.0,1014.351,252.351,0.491,0.2488,0.2603,22909.0,33181.0,24850.0,41.1,16.1,18.0,77.2,0.1796,0.2259,0.0463,0.5619,0.0806,0.4108,0.4221,42.0,0.7562,0.5964
1707903002,17079,Girona,757.0,510.0,0.6737,0.6803,0.6779,0.8225,0.7941,0.6737,0.1204,1043.0,908.453,151.453,0.5614,0.1667,0.2719,21590.0,30565.0,25550.0,43.5,12.9,20.9,82.7,0.1377,0.1719,0.0342,0.5842,0.0822,0.3598,0.3369,40.3,0.7569,0.5333
1707903003,17079,Girona,1624.0,1073.0,0.6607,0.6984,0.6617,0.8073,0.7727,0.6607,0.112,2603.0,2165.696,541.696,0.4955,0.2501,0.2544,20130.0,29305.0,24850.0,39.8,16.8,14.0,77.8,0.2009,0.254,0.0531,0.5156,0.0853,0.4125,0.4081,34.9,0.6829,0.5051
1707903004,17079,Girona,896.0,658.0,0.7344,0.7757,0.7099,0.8641,0.8249,0.7344,0.0905,1192.0,1019.16,123.16,0.6456,0.1208,0.2335,22686.0,33467.0,31150.0,42.9,14.5,17.7,89.0,0.0907,0.1186,0.0279,0.5722,0.0576,0.3022,0.211,30.6,0.7108,0.5243
1707903005,17079,Girona,1066.0,738.0,0.6923,0.7664,0.6961,0.8783,0.8213,0.6923,0.129,1398.0,1172.922,106.922,0.6292,0.0912,0.2796,22773.0,33953.0,31150.0,42.5,16.1,17.8,91.1,0.0808,0.1006,0.0198,0.6042,0.0531,0.2686,0.2247,30.0,0.6982,0.5149
1707903006,17079,Girona,692.0,465.0,0.672,0.7256,0.6786,0.8096,0.7564,0.672,0.0844,1078.0,876.414,184.414,0.5306,0.2104,0.259,16575.0,24997.0,23450.0,42.4,18.7,19.9,78.7,0.186,0.237,0.051,0.3927,0.1004,0.2214,0.1123,25.9,0.6742,0.514
1707903007,17079,Girona,1292.0,674.0,0.5217,0.6148,0.5718,0.7118,0.6418,0.5217,0.1201,2470.0,2047.63,755.63,0.3292,0.369,0.3018,11963.0,17724.0,15750.0,40.8,17.1,16.6,64.6,0.378,0.4543,0.0763,0.2257,0.1489,0.3665,0.1498,31.7,0.5141,0.3398
1707903008,17079,Girona,981.0,540.0,0.5505,0.6743,0.6284,0.7466,0.6872,0.5505,0.1367,1786.0,1491.31,510.31,0.3621,0.3422,0.2957,12993.0,19357.0,18550.0,40.4,16.5,15.1,68.4,0.3402,0.4156,0.0754,0.2832,0.1124,0.3862,0.184,29.2,0.5218,0.3352
1707903009,17079,Girona,787.0,394.0,0.5006,0.6126,0.5478,0.6403,0.5809,0.5006,0.0803,1679.0,1296.188,509.188,0.304,0.3928,0.3032,9448.0,14949.0,13650.0,38.0,22.8,14.4,61.5,0.396,0.5087,0.1127,0.1252,0.1841,0.3058,0.0246,22.1,0.2785,0.1954
1707903010,17079,Girona,1161.0,648.0,0.5581,0.6151,0.5936,0.7248,0.6459,0.5581,0.0877,2096.0,1668.416,507.416,0.3884,0.3041,0.3075,12832.0,19589.0,17850.0,39.0,20.4,14.2,72.4,0.2955,0.3542,0.0587,0.2679,0.124,0.3274,0.1813,24.3,0.5157,0.3472
1707903011,17079,Girona,1674.0,907.0,0.5418,0.6502,0.591,0.7008,0.6437,0.5418,0.1019,3369.0,2648.034,974.034,0.3425,0.3678,0.2896,11432.0,17399.0,16450.0,38.5,21.4,14.4,64.7,0.3661,0.4385,0.0724,0.2028,0.1648,0.351,0.2029,25.9,0.4447,0.2492
1707903012,17079,Girona,1572.0,841.0,0.535,0.6324,0.5622,0.7127,0.6702,0.535,0.1352,2749.0,2240.435,668.435,0.3754,0.2984,0.3263,11598.0,17848.0,16450.0,40.2,18.5,15.6,69.3,0.3273,0.4077,0.0804,0.1996,0.1725,0.2775,0.1094,19.8,0.4016,0.2616
1707903013,17079,Girona,943.0,463.0,0.491,0.6211,0.5929,0.6939,0.6258,0.491,0.1348,1859.0,1472.328,529.328,0.3145,0.3595,0.326,10523.0,16424.0,15750.0,40.1,20.8,17.5,66.2,0.3485,0.4114,0.0629,0.1264,0.1866,0.22,0.0766,23.3,0.2349,0.1102
1707903014,17079,Girona,1356.0,686.0,0.5059,0.5965,0.5725,0.6784,0.609,0.5059,0.1031,2969.0,2354.417,998.417,0.2914,0.4241,0.2846,10499.0,16301.0,15050.0,37.7,20.7,12.8,60.7,0.4198,0.4786,0.0588,0.186,0.1814,0.343,0.1598,20.2,0.4656,0.2434
1707903015,17079,Girona,1162.0,669.0,0.5757,0.6786,0.6437,0.756,0.6965,0.5757,0.1207,1983.0,1661.754,499.754,0.4026,0.3007,0.2967,13253.0,19255.0,17850.0,42.0,16.2,20.7,69.4,0.3352,0.4006,0.0654,0.2746,0.1376,0.3338,0.1868,33.1,0.5305,0.3976
1707903016,17079,Girona,1048.0,695.0,0.6632,0.7262,0.675,0.7837,0.7192,0.6632,0.056,1652.0,1407.504,359.504,0.4938,0.2554,0.2508,14771.0,21658.0,19250.0,43.8,14.8,22.5,75.8,0.241,0.3032,0.0622,0.3309,0.1166,0.2782,0.1875,28.8,0.5644,0.3525
1707903017,17079,Girona,1307.0,780.0,0.5968,0.6532,0.6126,0.7355,0.678,0.5968,0.0812,2094.0,1729.644,422.644,0.451,0.2444,0.3047,13611.0,20174.0,18550.0,41.0,17.4,13.9,75.9,0.2648,0.3284,0.0636,0.2513,0.1178,0.3308,0.1,31.9,0.3842,0.2449
1707903018,17079,Girona,1252.0,775.0,0.619,0.6476,0.5889,0.7372,0.6655,0.619,0.0465,2159.0,1748.79,496.79,0.4432,0.2841,0.2728,12565.0,19089.0,17850.0,38.2,19.0,10.5,74.3,0.2771,0.3522,0.0751,0.2344,0.1222,0.3169,0.1127,24.7,0.4151,0.2413
1707903019,17079,Girona,1173.0,821.0,0.6999,0.7523,0.7075,0.8447,0.7969,0.6999,0.097,1623.0,1345.467,172.467,0.6102,0.1282,0.2616,19879.0,29065.0,27650.0,41.0,17.1,15.3,90.1,0.0947,0.1566,0.0619,0.5297,0.0749,0.2813,0.1966,32.8,0.6895,0.4787
1707903020,17079,Girona,984.0,660.0,0.6707,0.7316,0.6581,0.8455,0.8032,0.6707,0.1325,1363.0,1158.55,174.55,0.5697,0.1507,0.2797,20138.0,29714.0,26250.0,42.9,15.0,19.7,86.4,0.1605,0.1921,0.0316,0.5049,0.0721,0.3418,0.1915,30.5,0.6915,0.5288
1707903021,17079,Girona,976.0,579.0,0.5932,,,,,0.5932,,1884.0,1541.112,565.112,0.3757,0.3667,0.2576,12854.0,19347.0,17150.0,38.5,18.2,11.5,66.8,,,,,,,,27.4,,0.3264
1707904001,17079,Girona,786.0,431.0,0.5483,0.6013,0.5352,0.655,0.6078,0.5483,0.0595,1081.0,935.065,149.065,0.4609,0.1594,0.3797,18091.0,25336.0,19950.0,39.4,13.5,11.6,67.5,0.3926,0.4288,0.0362,0.3974,0.2521,0.5181,0.4664,42.9,0.7218,0.5012
1707904002,17079,Girona,623.0,339.0,0.5441,0.6258,0.5955,0.6918,0.6822,0.5441,0.1381,926.0,775.062,152.062,0.4374,0.1962,0.3664,16232.0,23131.0,19250.0,40.6,16.3,14.5,77.4,0.1653,0.2232,0.0579,0.4165,0.1443,0.409,0.3959,36.8,0.5266,0.3835
1707905001,17079,Girona,1121.0,840.0,0.7493,0.7844,0.7436,0.8959,0.86,0.7493,0.1107,1399.0,1165.367,44.367,0.7208,0.0381,0.2411,28791.0,43994.0,36050.0,45.4,16.7,26.2,93.6,0.0514,0.084,0.0326,0.6036,0.0552,0.1131,0.0701,17.4,0.7573,0.5821
1707905002,17079,Girona,582.0,357.0,0.6134,0.6123,0.589,0.6943,0.6585,0.6134,0.0451,972.0,818.424,236.424,0.4362,0.2889,0.2749,13801.0,19939.0,17150.0,41.0,15.8,15.8,71.9,0.2651,0.3015,0.0364,0.3418,0.1522,0.3473,0.3148,35.9,0.6005,0.4286
1707905003,17079,Girona,1208.0,667.0,0.5522,0.6117,0.5462,0.6974,0.6486,0.5522,0.0964,1901.0,1541.711,333.711,0.4326,0.2165,0.3509,13160.0,19340.0,17850.0,40.6,18.9,16.5,78.2,0.2341,0.2718,0.0377,0.2053,0.1478,0.2956,0.192,28.6,0.4688,0.2879
1707905004,17079,Girona,633.0,456.0,0.7204,0.6855,0.681,0.8264,0.8087,0.7204,0.0883,876.0,713.064,80.064,0.6395,0.1123,0.2482,18878.0,28687.0,25550.0,43.7,18.6,20.0,86.8,0.1114,0.1231,0.0117,0.4928,0.0911,0.2439,0.2775,28.0,0.7197,0.5504
1707905005,17079,Girona,753.0,390.0,0.5179,0.5836,0.538,0.6587,0.6262,0.5179,0.1083,1186.0,947.614,194.614,0.4116,0.2054,0.3831,12288.0,18751.0,16450.0,41.4,20.1,18.7,77.4,0.2414,0.2463,0.0049,0.2033,0.2084,0.2673,0.162,26.6,0.4483,0.3128
1707905006,17079,Girona,968.0,631.0,0.6519,0.7267,0.6808,0.8715,0.828,0.6519,0.1761,1273.0,1036.222,68.222,0.6089,0.0658,0.3252,20794.0,31091.0,28350.0,41.5,18.6,15.6,91.2,0.0834,0.1191,0.0357,0.5465,0.0793,0.1497,0.2797,22.5,0.7006,0.4897
1707906001,17079,Girona,1516.0,997.0,0.6577,0.7278,0.6605,0.8158,0.7483,0.6577,0.0907,1930.0,1617.34,101.34,0.6164,0.0627,0.3209,17111.0,25428.0,24150.0,43.4,16.2,18.3,93.1,0.0973,0.1379,0.0406,0.3381,0.096,0.1696,0.0559,21.6,0.5081,0.327
1707906002,17079,Girona,1822.0,1090.0,0.5982,0.6853,0.6231,0.7525,0.7041,0.5982,0.1059,2660.0,2093.42,271.42,0.5207,0.1297,0.3497,15124.0,22782.0,21350.0,40.1,21.3,15.3,88.1,0.1266,0.1447,0.0181,0.2533,0.1163,0.2063,0.1148,24.4,0.3257,0.2073
1707906003,17079,Girona,1513.0,946.0,0.6252,0.6868,0.6139,0.7675,0.7358,0.6252,0.1105,1988.0,1652.028,139.028,0.5726,0.0842,0.3432,15338.0,23053.0,21350.0,42.8,16.9,18.8,92.0,0.0794,0.1214,0.042,0.2106,0.1055,0.1813,0.1678,21.4,0.297,0.1575
1707906004,17079,Girona,1377.0,899.0,0.6529,0.7004,0.6492,0.8007,0.7556,0.6529,0.1027,1822.0,1510.438,133.438,0.5952,0.0883,0.3165,17045.0,25645.0,23450.0,42.0,17.1,17.8,90.0,0.0784,0.107,0.0286,0.3024,0.109,0.1672,0.0728,21.4,0.4066,0.2614
1707906005,17079,Girona,738.0,391.0,0.5298,0.5552,0.5305,0.6477,0.6019,0.5298,0.0721,935.0,803.165,65.165,0.4868,0.0811,0.432,13554.0,18848.0,17850.0,47.0,14.1,28.3,81.5,0.2972,0.3436,0.0464,0.2225,0.2378,0.4834,0.0962,48.0,0.4636,0.2353
1708001001,17080,Gombrèn,159.0,109.0,0.6855,0.695,0.6957,0.8611,0.7847,0.6855,0.0992,197.0,168.041,9.041,0.6487,0.0538,0.2975,17205.0,25332.0,20650.0,46.3,14.7,23.9,92.9,0.0459,0.0816,0.0357,0.4074,0.125,0.2597,0.586,29.6,0.7345,0.5505
1708101001,17081,Gualta,252.0,179.0,0.7103,0.6762,0.6626,0.7742,0.7381,0.7103,0.0278,350.0,297.15,45.15,0.6024,0.1519,0.2457,16153.0,25090.0,20650.0,45.7,15.1,21.7,80.9,0.2282,0.2706,0.0424,0.3388,0.0989,0.2632,0.5625,28.0,0.8226,0.5587
1708201001,17082,Guils de Cerdanya,483.0,301.0,0.6232,0.6659,0.6115,0.7821,0.708,0.6232,0.0849,557.0,474.007,0.0,0.635,0.0,0.365,21407.0,30759.0,26250.0,45.9,14.9,23.5,95.7,0.0337,0.0976,0.0639,0.4719,0.0816,0.3249,0.741,41.4,0.6948,0.505
1708301001,17083,Hostalric,792.0,482.0,0.6086,0.6986,0.6388,0.7704,0.6839,0.6086,0.0753,1216.0,1000.768,208.768,0.4816,0.2086,0.3098,13628.0,20144.0,18550.0,42.8,17.7,19.7,84.6,0.1735,0.1976,0.0241,0.2449,0.1607,0.2814,0.252,28.7,0.6233,0.4979
1708301002,17083,Hostalric,1447.0,958.0,0.6621,0.7248,0.6682,0.8121,0.7673,0.6621,0.1052,1961.0,1572.722,125.722,0.6091,0.0799,0.3109,15492.0,23371.0,21350.0,41.6,19.8,17.5,91.2,0.0981,0.1121,0.014,0.28,0.1327,0.1683,0.1553,21.6,0.5144,0.3612
1708301003,17083,Hostalric,859.0,535.0,0.6228,0.6663,0.6115,0.7472,0.7026,0.6228,0.0798,1255.0,1016.55,157.55,0.5263,0.155,0.3187,13613.0,20220.0,19250.0,41.8,19.0,18.5,82.1,0.1822,0.1822,0.0,0.2123,0.1338,0.2169,0.1185,25.5,0.4669,0.3009
1708401001,17084,Isòvol,266.0,188.0,0.7068,0.678,0.6134,0.7835,0.7149,0.7068,0.0081,330.0,270.93,4.93,0.6939,0.0182,0.2879,20382.0,29576.0,25550.0,44.8,17.9,20.0,95.8,0.0287,0.0541,0.0254,0.5115,0.0898,0.3111,0.6946,45.3,0.7485,0.6011
1708501001,17085,Jafre,295.0,218.0,0.739,0.7611,0.7143,0.8522,0.8157,0.739,0.0767,387.0,335.916,40.916,0.649,0.1218,0.2292,15766.0,25402.0,23450.0,48.6,13.2,28.7,89.4,0.1283,0.1414,0.0131,0.3776,0.1244,0.1958,0.3755,23.8,0.8159,0.6147
1708601001,17086,"Jonquera, La",1133.0,643.0,0.5675,0.6797,0.6343,0.7073,0.6142,0.5675,0.0467,2192.0,1733.872,600.872,0.3708,0.3465,0.2826,12946.0,19755.0,16450.0,39.3,20.9,15.2,64.6,0.3371,0.416,0.0789,0.1148,0.1893,0.2806,0.2191,20.0,0.4257,0.2426
1708601002,17086,"Jonquera, La",610.0,373.0,0.6115,0.6734,0.592,0.6889,0.6618,0.6115,0.0503,1135.0,932.97,322.97,0.3998,0.3462,0.254,13612.0,19805.0,17850.0,41.2,17.8,17.3,65.7,0.3575,0.4367,0.0792,0.0925,0.2004,0.3025,0.1952,24.7,0.3863,0.2601
1708701001,17087,Juià,236.0,175.0,0.7415,0.7613,0.6756,0.7973,0.8174,0.7415,0.0758,290.0,238.09,2.09,0.735,0.0088,0.2562,17157.0,26851.0,26250.0,43.8,17.9,20.7,92.8,0.1258,0.1074,0.0,0.3774,0.0993,0.1287,0.3442,18.2,0.7709,0.64
1708801001,17088,Lladó,614.0,424.0,0.6906,0.6953,0.6904,0.8097,0.7796,0.6906,0.0891,828.0,656.604,42.604,0.6457,0.0649,0.2894,16065.0,24579.0,24150.0,42.2,20.7,18.5,92.5,0.0735,0.1043,0.0308,0.3593,0.0998,0.1711,0.2513,23.7,0.7666,0.5094
1708901001,17089,Llagostera,1330.0,735.0,0.5526,0.6292,0.5661,0.6982,0.6356,0.5526,0.083,2318.0,1808.04,478.04,0.4065,0.2644,0.3291,11763.0,17834.0,16450.0,39.5,22.0,15.4,71.9,0.2835,0.3013,0.0178,0.203,0.1899,0.2846,0.1642,24.7,0.6079,0.3918
1708901002,17089,Llagostera,1252.0,786.0,0.6278,0.649,0.6008,0.7601,0.705,0.6278,0.0772,1913.0,1566.747,314.747,0.5017,0.2009,0.2974,14347.0,21199.0,19250.0,43.3,18.1,20.4,81.9,0.1892,0.1979,0.0087,0.2578,0.1292,0.2553,0.2059,31.1,0.6667,0.5038
1708901003,17089,Llagostera,2123.0,1230.0,0.5794,0.656,0.5993,0.7509,0.6958,0.5794,0.1164,2932.0,2401.308,278.308,0.5122,0.1159,0.3719,14756.0,23963.0,21350.0,42.3,18.1,17.2,88.6,0.093,0.1202,0.0272,0.2779,0.1236,0.1734,0.4054,23.0,0.6312,0.4268
1708901004,17089,Llagostera,1490.0,941.0,0.6315,0.7084,0.6486,0.7431,0.7234,0.6315,0.0919,2208.0,1735.488,245.488,0.5422,0.1415,0.3163,14344.0,22057.0,19950.0,40.1,21.4,15.9,88.3,0.1224,0.139,0.0166,0.257,0.1115,0.1767,0.1578,21.1,0.6439,0.4272
1709001001,17090,Llambilles,575.0,419.0,0.7287,0.7565,0.6789,0.8621,0.8163,0.7287,0.0876,713.0,586.086,11.086,0.7149,0.0189,0.2662,21322.0,33625.0,29750.0,43.7,17.8,18.8,96.6,0.0301,0.0562,0.0261,0.3997,0.0468,0.1025,0.1498,18.3,0.7909,0.6348
1709101001,17091,Llanars,394.0,247.0,0.6269,0.6861,0.6339,0.7789,0.757,0.6269,0.1301,504.0,437.976,43.976,0.564,0.1004,0.3356,17177.0,24772.0,21350.0,48.7,13.1,30.2,91.7,0.1182,0.1332,0.015,0.3384,0.0826,0.1842,0.7088,37.7,0.8277,0.5668
1709201001,17092,Llançà,1106.0,701.0,0.6338,0.6337,0.6544,0.7575,0.6955,0.6338,0.0617,1626.0,1455.27,349.27,0.4817,0.24,0.2783,18990.0,25002.0,20650.0,50.0,10.5,29.0,78.9,0.2096,0.2477,0.0381,0.3316,0.1214,0.2165,0.8596,48.5,0.6967,0.5078
1709201002,17092,Llançà,1634.0,1140.0,0.6977,0.6945,0.646,0.7821,0.7145,0.6977,0.0168,2233.0,1891.351,257.351,0.6027,0.1361,0.2612,15043.0,21672.0,20650.0,45.5,15.3,22.3,86.5,0.1408,0.1612,0.0204,0.2321,0.127,0.2034,0.4898,33.0,0.5332,0.3763
1709201003,17092,Llançà,844.0,508.0,0.6019,0.6922,0.6232,0.7497,0.6659,0.6019,0.064,1189.0,991.626,147.626,0.5123,0.1489,0.3388,13368.0,19468.0,17150.0,45.2,16.6,21.7,86.8,0.1019,0.1364,0.0345,0.1713,0.1649,0.2479,0.3578,31.8,0.5072,0.3406
1709301001,17093,Llers,933.0,621.0,0.6656,0.6607,0.6319,0.7766,0.6977,0.6656,0.0321,1248.0,1059.552,126.552,0.5861,0.1194,0.2945,16434.0,24735.0,22050.0,45.1,15.1,22.6,88.1,0.1001,0.1305,0.0304,0.2916,0.1109,0.181,0.1764,20.9,0.7111,0.4895
1709401001,17094,Llívia,1123.0,699.0,0.6224,0.6158,0.5685,0.7228,0.7155,0.6224,0.0931,1561.0,1322.167,199.167,0.5287,0.1506,0.3207,17918.0,25072.0,20650.0,43.6,15.3,18.6,85.6,0.1266,0.159,0.0324,0.3857,0.1067,0.2855,0.716,42.7,0.6856,0.485
1709501001,17095,Lloret de Mar,1491.0,835.0,0.56,0.6306,0.5972,0.6692,0.6181,0.56,0.0581,3311.0,2791.173,1300.173,0.2992,0.4658,0.235,12623.0,17773.0,15050.0,42.4,15.7,16.1,54.0,0.4564,0.5013,0.0449,0.1875,0.2504,0.3436,0.4368,38.8,0.3492,0.2216
1709501002,17095,Lloret de Mar,1239.0,705.0,0.569,0.6525,0.6161,0.6719,0.6226,0.569,0.0536,2739.0,2237.763,998.763,0.315,0.4463,0.2386,11709.0,17142.0,14350.0,40.5,18.3,15.9,56.3,0.4495,0.5085,0.059,0.1605,0.2207,0.3456,0.3477,33.9,0.4284,0.2922
1709501003,17095,Lloret de Mar,963.0,484.0,0.5026,0.5651,0.5179,0.6346,0.5592,0.5026,0.0566,2244.0,1884.96,921.96,0.2568,0.4891,0.2541,11892.0,16514.0,15050.0,42.9,16.0,17.2,50.8,0.4667,0.5144,0.0477,0.1837,0.2683,0.3248,0.5808,40.6,0.3084,0.2087
1709501004,17095,Lloret de Mar,1278.0,695.0,0.5438,,,,,0.5438,,3781.0,3002.114,1724.114,0.2315,0.5743,0.1942,12753.0,17909.0,15750.0,39.3,20.6,12.0,41.8,0.5245,0.5607,0.0362,0.2384,0.1908,0.3808,0.512,34.4,,0.1914
1709502001,17095,Lloret de Mar,1305.0,728.0,0.5579,0.6652,0.6326,0.7314,0.6536,0.5579,0.0958,2956.0,2370.712,1065.712,0.3071,0.4495,0.2434,11275.0,16559.0,14000.0,39.6,19.8,15.3,55.9,0.4412,0.4501,0.0089,0.1617,0.2424,0.3558,0.3868,34.4,0.5288,0.3832
1709502002,17095,Lloret de Mar,1306.0,802.0,0.6141,0.6742,0.6297,0.7359,0.6645,0.6141,0.0504,2600.0,2178.8,872.8,0.3681,0.4006,0.2313,11416.0,16754.0,15050.0,42.7,16.2,18.9,60.5,0.3884,0.4336,0.0452,0.1585,0.2428,0.3237,0.2948,33.2,0.3798,0.2731
1709502003,17095,Lloret de Mar,1591.0,859.0,0.5399,0.5874,0.5717,0.6717,0.5952,0.5399,0.0552,3248.0,2712.08,1121.08,0.3167,0.4134,0.2699,13702.0,19361.0,15050.0,43.3,16.5,19.2,53.5,0.397,0.4381,0.0411,0.2237,0.2063,0.2796,0.5679,36.9,0.5011,0.3388
1709503001,17095,Lloret de Mar,1355.0,813.0,0.6,0.676,0.5784,0.7371,0.6655,0.6,0.0655,2168.0,1773.424,418.424,0.4584,0.2359,0.3056,14311.0,21813.0,19250.0,43.2,18.2,19.3,74.5,0.2109,0.2518,0.0409,0.2042,0.1844,0.1449,0.3114,21.7,0.3606,0.2042
1709503002,17095,Lloret de Mar,1907.0,1067.0,0.5595,0.6493,0.5855,0.7233,0.63,0.5595,0.0705,3562.0,3027.7,1120.7,0.3524,0.3701,0.2774,14322.0,20956.0,17850.0,44.1,15.0,18.9,63.4,0.3336,0.3799,0.0463,0.207,0.2127,0.2206,0.4576,30.7,0.3855,0.2352
1709503003,17095,Lloret de Mar,1773.0,1080.0,0.6091,0.6752,0.6118,0.7141,0.6571,0.6091,0.0479,2914.0,2371.996,598.996,0.4553,0.2525,0.2922,11657.0,17606.0,17150.0,40.7,18.6,14.6,76.5,0.2377,0.2721,0.0344,0.1286,0.2447,0.2434,0.0851,24.4,0.1737,0.1074
1709503004,17095,Lloret de Mar,1659.0,925.0,0.5576,0.6414,0.5726,0.6745,0.6012,0.5576,0.0437,2576.0,2138.08,479.08,0.4326,0.2241,0.3433,12892.0,19319.0,18550.0,43.4,17.0,17.9,75.6,0.2091,0.2387,0.0296,0.1957,0.1932,0.1586,0.4061,24.0,0.2744,0.1892
1709504001,17095,Lloret de Mar,1505.0,806.0,0.5355,0.6251,0.5403,0.6643,0.587,0.5355,0.0515,2980.0,2458.5,953.5,0.3278,0.3878,0.2843,13643.0,20370.0,17850.0,42.0,17.5,17.5,61.9,0.3323,0.3855,0.0532,0.2082,0.2065,0.2707,0.3777,29.9,0.3697,0.2072
1709504002,17095,Lloret de Mar,1429.0,853.0,0.5969,0.6399,0.5904,0.6986,0.6366,0.5969,0.0396,2457.0,1972.971,543.971,0.4323,0.2757,0.2919,11606.0,17645.0,16450.0,41.0,19.7,16.9,72.4,0.2849,0.3298,0.0449,0.1294,0.2393,0.2313,0.091,22.0,0.1733,0.0985
1709504003,17095,Lloret de Mar,1131.0,756.0,0.6684,0.7122,0.6513,0.8009,0.72,0.6684,0.0516,1713.0,1402.947,271.947,0.5389,0.1938,0.2673,13864.0,21009.0,19950.0,41.8,18.1,16.8,81.5,0.2016,0.2387,0.0371,0.2153,0.159,0.2003,0.0667,21.1,0.2479,0.1323
1709504004,17095,Lloret de Mar,792.0,520.0,0.6566,0.7158,0.6245,0.7754,0.6964,0.6566,0.0398,1265.0,952.545,160.545,0.5459,0.1685,0.2856,13724.0,21279.0,20650.0,37.5,24.7,10.4,85.0,0.1936,0.202,0.0084,0.2348,0.1154,0.1708,0.0579,21.0,0.2467,0.1231
1709601001,17096,"Llosses, Les",156.0,91.0,0.5833,0.6461,0.5922,0.689,0.7296,0.5833,0.1462,199.0,168.951,12.951,0.5386,0.0767,0.3847,16229.0,22916.0,19950.0,44.7,15.1,19.6,93.5,0.0622,0.067,0.0048,0.4343,0.0973,0.4091,0.3973,39.1,0.8362,0.6044
1709701001,17097,Madremanya,204.0,154.0,0.7549,0.7487,0.7551,0.8643,0.85,0.7549,0.0951,288.0,230.976,26.976,0.6667,0.1168,0.2165,19347.0,30169.0,25550.0,44.8,19.8,21.9,84.7,0.1254,0.1458,0.0204,0.5292,0.0616,0.1981,0.3728,24.0,0.8471,0.6234
1709801001,17098,Maià de Montcal,316.0,201.0,0.6361,0.7203,0.6379,0.8086,0.7532,0.6361,0.1172,448.0,383.04,67.04,0.5247,0.175,0.3002,17229.0,25184.0,22050.0,46.4,14.5,20.8,86.8,0.1755,0.1924,0.0169,0.33,0.1018,0.2955,0.3043,31.2,0.6595,0.5224
1709901001,17099,Meranges,91.0,64.0,0.7033,0.75,0.7037,0.7564,0.7051,0.7033,0.0018,111.0,98.013,7.013,0.653,0.0716,0.2755,16778.0,24277.0,22050.0,48.4,11.7,20.7,93.7,,,,,,,,45.7,0.6909,0.4688
1710001001,17100,Masarac i Vilarnadal,204.0,133.0,0.652,0.7136,0.6856,0.8051,0.7617,0.652,0.1097,279.0,234.918,30.918,0.5662,0.1316,0.3022,16684.0,24930.0,22750.0,43.9,15.8,19.0,84.2,0.1831,0.1937,0.0106,0.2805,0.0922,0.243,0.2465,24.8,0.8231,0.6015
1710101001,17101,Massanes,603.0,370.0,0.6136,0.6703,0.6208,0.7384,0.6873,0.6136,0.0737,843.0,661.755,58.755,0.5591,0.0888,0.3521,13155.0,19424.0,17850.0,41.8,21.5,19.3,92.8,0.0486,0.066,0.0174,0.25,0.2299,0.2201,0.4192,29.7,0.5835,0.3622
1710201001,17102,Maçanet de Cabrenys,571.0,385.0,0.6743,0.6892,0.7005,0.8011,0.7158,0.6743,0.0416,775.0,678.125,107.125,0.5677,0.158,0.2743,14230.0,20278.0,19250.0,49.6,12.5,29.6,84.1,0.1297,0.1649,0.0352,0.2958,0.1114,0.2342,0.5132,32.5,0.8065,0.4779
1710301001,17103,Maçanet de la Selva,1127.0,751.0,0.6664,0.713,0.6366,0.8047,0.7459,0.6664,0.0795,1477.0,1233.295,106.295,0.6089,0.0862,0.3049,15359.0,22941.0,21350.0,44.2,16.5,21.3,89.2,0.1148,0.1181,0.0033,0.2306,0.1361,0.1906,0.1417,23.1,0.5383,0.4261
1710301002,17103,Maçanet de la Selva,1812.0,985.0,0.5436,0.6032,0.5544,0.6507,0.5685,0.5436,0.0249,2598.0,2132.958,320.958,0.4618,0.1505,0.3877,12199.0,18177.0,17150.0,41.5,17.9,16.4,87.4,0.1206,0.1533,0.0327,0.1653,0.2679,0.1789,0.4578,25.7,0.3472,0.1574
1710301003,17103,Maçanet de la Selva,1154.0,727.0,0.63,0.6787,0.6169,0.7489,0.6787,0.63,0.0487,1700.0,1385.5,231.5,0.5247,0.1671,0.3082,14081.0,21144.0,19250.0,41.5,18.5,17.8,81.7,0.1757,0.1691,0.0,0.1669,0.142,0.2271,0.1092,22.3,0.4837,0.3508
1710301004,17103,Maçanet de la Selva,1465.0,759.0,0.5181,0.5716,0.5282,0.637,0.5718,0.5181,0.0537,2124.0,1748.052,283.052,0.4342,0.1619,0.4039,13757.0,20469.0,19250.0,43.3,17.7,19.8,86.3,0.1331,0.1606,0.0275,0.1866,0.2466,0.1703,0.5251,30.1,0.3481,0.2991
1710501001,17105,Mieres,266.0,151.0,0.5677,0.6667,0.5951,0.7854,0.754,0.5677,0.1864,348.0,299.976,33.976,0.5034,0.1133,0.3834,15492.0,23514.0,20650.0,46.9,13.8,22.7,89.7,0.0946,0.1117,0.0171,0.4433,0.1359,0.2431,0.3628,34.7,0.7701,0.3907
1710601001,17106,Mollet de Peralada,155.0,108.0,0.6968,0.777,0.7357,0.8671,0.8028,0.6968,0.106,215.0,182.965,27.965,0.5903,0.1528,0.2569,16380.0,23646.0,20650.0,49.1,14.9,31.2,85.1,0.0812,0.1218,0.0406,0.2927,0.1098,0.225,0.3277,37.4,0.7632,0.4722
1710701001,17107,Molló,296.0,194.0,0.6554,0.7052,0.6326,0.8216,0.7753,0.6554,0.1199,373.0,317.05,21.05,0.6119,0.0664,0.3217,16206.0,23432.0,23450.0,47.4,15.0,27.6,92.8,0.0551,0.0638,0.0087,0.3953,0.0581,0.1757,0.6844,39.8,0.8116,0.5979
1710901001,17109,Montagut i Oix,749.0,479.0,0.6395,0.6392,0.6063,0.7994,0.7699,0.6395,0.1304,991.0,818.566,69.566,0.5852,0.085,0.3298,17010.0,25442.0,23450.0,43.7,17.4,18.1,91.7,0.0778,0.0883,0.0105,0.3501,0.1004,0.2137,0.3126,25.7,0.8192,0.5741
1711001001,17110,Mont-ras,1293.0,881.0,0.6814,0.7192,0.6475,0.8006,0.7432,0.6814,0.0619,1691.0,1440.732,147.732,0.6115,0.1025,0.286,16880.0,25354.0,21350.0,46.8,14.8,24.9,90.1,0.0809,0.1144,0.0335,0.2714,0.1106,0.125,0.2862,21.1,0.5111,0.3507
1711101001,17111,Navata,1009.0,703.0,0.6967,0.7365,0.6705,0.8058,0.7398,0.6967,0.0431,1466.0,1181.596,172.596,0.595,0.1461,0.259,17701.0,27171.0,24850.0,42.7,19.4,17.9,86.0,0.1182,0.1499,0.0317,0.3786,0.0922,0.2004,0.3776,22.7,0.7321,0.4879
1711201001,17112,Ogassa,192.0,138.0,0.7188,0.7344,0.6684,0.7938,0.7475,0.7188,0.0287,218.0,192.93,0.93,0.7153,0.0048,0.2799,17328.0,24508.0,23450.0,49.6,11.5,28.0,97.3,0.025,0.0333,0.0083,0.2657,0.122,0.2736,0.5023,42.9,0.6892,0.5725
1711401001,17114,Olot,1037.0,518.0,0.4995,0.5242,0.487,0.6113,0.5647,0.4995,0.0652,2296.0,1896.496,859.496,0.2731,0.4532,0.2737,11896.0,17615.0,15750.0,38.4,17.4,12.5,51.1,0.4218,0.4858,0.064,0.2118,0.1535,0.4286,0.4078,35.3,0.6667,0.4421
1711401002,17114,Olot,744.0,405.0,0.5444,0.6058,0.5741,0.6746,0.6484,0.5444,0.1041,1214.0,1006.406,262.406,0.4024,0.2607,0.3368,14994.0,21345.0,17850.0,42.3,17.1,20.4,68.6,0.2642,0.338,0.0738,0.302,0.1143,0.4024,0.3316,39.9,0.6747,0.5012
1711401003,17114,Olot,872.0,534.0,0.6124,0.695,0.6593,0.8116,0.7745,0.6124,0.1621,1237.0,1039.08,167.08,0.5139,0.1608,0.3253,20195.0,29488.0,24850.0,45.6,16.0,23.4,82.5,0.1774,0.2087,0.0313,0.3626,0.0585,0.2144,0.2302,32.0,0.7365,0.5281
1711401004,17114,Olot,621.0,428.0,0.6892,0.7301,0.6949,0.8139,0.7754,0.6892,0.0862,848.0,741.152,120.152,0.5775,0.1621,0.2604,21675.0,31923.0,24150.0,47.3,12.6,26.8,82.6,0.162,0.2066,0.0446,0.4251,0.0721,0.2133,0.2149,29.8,0.7375,0.4977
1711401005,17114,Olot,596.0,362.0,0.6074,0.7069,0.6726,0.7956,0.7618,0.6074,0.1544,868.0,732.592,136.592,0.4941,0.1865,0.3194,18752.0,27131.0,22750.0,46.0,15.6,26.5,78.9,0.1388,0.2032,0.0644,0.4129,0.0681,0.3167,0.3766,37.9,0.7452,0.5249
1711401006,17114,Olot,553.0,321.0,0.5805,0.6613,0.66,0.7458,0.6899,0.5805,0.1094,969.0,790.704,237.704,0.406,0.3006,0.2934,13596.0,19769.0,17850.0,42.2,18.4,21.4,67.9,0.294,0.3252,0.0312,0.2556,0.0956,0.3208,0.1792,34.7,0.6622,0.4081
1711401007,17114,Olot,1144.0,662.0,0.5787,0.6416,0.582,0.7339,0.6801,0.5787,0.1014,1721.0,1469.734,325.734,0.4504,0.2216,0.328,15615.0,22267.0,19950.0,46.0,14.6,24.7,77.3,0.2216,0.2726,0.051,0.2536,0.1204,0.331,0.1501,37.0,0.7141,0.5272
1711402001,17114,Olot,1749.0,1053.0,0.6021,0.6788,0.6216,0.8008,0.7546,0.6021,0.1525,2288.0,1937.936,188.936,0.5434,0.0975,0.3591,16447.0,24651.0,23450.0,46.2,15.3,24.9,89.6,0.0804,0.1029,0.0225,0.2873,0.083,0.1026,0.113,22.2,0.6918,0.4805
1711402002,17114,Olot,1563.0,945.0,0.6046,0.6736,0.6292,0.7648,0.7215,0.6046,0.1169,2290.0,1941.92,378.92,0.4866,0.1951,0.3182,17095.0,25298.0,20650.0,45.3,15.2,23.1,78.7,0.191,0.2319,0.0409,0.2864,0.0967,0.2067,0.1121,28.1,0.6735,0.4529
1711402003,17114,Olot,1122.0,593.0,0.5285,0.6082,0.5611,0.6997,0.6376,0.5285,0.1091,1830.0,1520.73,398.73,0.3899,0.2622,0.3479,13071.0,19557.0,18550.0,41.8,16.9,15.9,70.7,0.2622,0.3119,0.0497,0.2122,0.0912,0.2564,0.0883,26.6,0.5478,0.3659
1711402004,17114,Olot,969.0,573.0,0.5913,0.621,0.528,0.7028,0.6431,0.5913,0.0517,1336.0,1132.928,163.928,0.5058,0.1447,0.3495,13218.0,19996.0,19250.0,44.5,15.2,23.1,79.8,0.1706,0.2357,0.0651,0.1793,0.1211,0.1972,0.0872,26.7,0.4858,0.2932
1711402005,17114,Olot,976.0,590.0,0.6045,0.6806,0.601,0.7508,0.6869,0.6045,0.0824,1312.0,1111.264,135.264,0.5309,0.1217,0.3474,14203.0,21217.0,20650.0,45.9,15.3,24.4,85.6,0.1129,0.1484,0.0355,0.1923,0.0875,0.1151,0.1464,26.4,0.4162,0.2508
1711403001,17114,Olot,600.0,309.0,0.515,0.5879,0.5805,0.753,0.6701,0.515,0.1551,982.0,816.042,216.042,0.3787,0.2647,0.3566,14013.0,20975.0,18550.0,42.5,16.9,17.7,70.2,0.2573,0.2971,0.0398,0.2602,0.1041,0.2378,0.1814,27.4,0.7321,0.4531
1711403002,17114,Olot,1353.0,852.0,0.6297,0.7175,0.6519,0.8004,0.7687,0.6297,0.139,1974.0,1671.978,318.978,0.5096,0.1908,0.2996,18899.0,27858.0,22400.0,44.6,15.3,23.4,80.6,0.1593,0.1794,0.0201,0.309,0.0814,0.1688,0.1253,25.7,0.7325,0.5423
1711403003,17114,Olot,1634.0,938.0,0.5741,0.6629,0.6231,0.7847,0.7254,0.5741,0.1513,2464.0,2106.72,472.72,0.4452,0.2244,0.3304,15679.0,23062.0,19950.0,45.5,14.5,23.9,77.5,0.1898,0.2303,0.0405,0.2569,0.0849,0.1906,0.2024,28.0,0.702,0.4403
1711404001,17114,Olot,1162.0,596.0,0.5129,0.6042,0.55,0.7131,0.6492,0.5129,0.1363,2539.0,2010.888,848.888,0.2964,0.4221,0.2815,12145.0,18607.0,17850.0,37.9,20.8,12.4,58.9,0.3725,0.4027,0.0302,0.1984,0.1121,0.2306,0.1609,25.2,0.5716,0.3406
1711404002,17114,Olot,1797.0,874.0,0.4864,0.6183,0.5594,0.6623,0.5991,0.4864,0.1127,3513.0,2792.835,995.835,0.3129,0.3566,0.3305,11404.0,17781.0,17150.0,38.5,20.5,13.7,60.9,0.3667,0.4487,0.082,0.1643,0.1564,0.2926,0.1228,23.8,0.5015,0.2815
1711405001,17114,Olot,1079.0,667.0,0.6182,0.6903,0.6095,0.7871,0.7526,0.6182,0.1345,1504.0,1234.784,155.784,0.5402,0.1262,0.3337,15679.0,23503.0,22050.0,43.3,17.9,20.0,84.6,0.1389,0.1697,0.0308,0.2849,0.085,0.1475,0.1174,22.4,0.7195,0.4963
1711405002,17114,Olot,1037.0,668.0,0.6442,0.7394,0.6892,0.8306,0.8095,0.6442,0.1653,1345.0,1133.835,96.835,0.5892,0.0854,0.3254,18935.0,27778.0,24850.0,46.1,15.7,26.6,91.0,0.0688,0.0864,0.0176,0.359,0.064,0.1437,0.1256,22.9,0.8076,0.5913
1711405003,17114,Olot,1636.0,952.0,0.5819,0.6389,0.6107,0.7718,0.7191,0.5819,0.1372,2567.0,2092.105,456.105,0.455,0.218,0.3269,15523.0,22942.0,20650.0,42.3,18.5,20.5,77.0,0.2039,0.2464,0.0425,0.3166,0.0854,0.2703,0.1703,27.7,0.7475,0.5305
1711405004,17114,Olot,1356.0,917.0,0.6763,0.7365,0.6613,0.8431,0.8017,0.6763,0.1255,2023.0,1571.871,215.871,0.5834,0.1373,0.2793,16955.0,26439.0,24850.0,40.6,22.3,16.7,87.5,0.1155,0.1343,0.0188,0.3693,0.0551,0.1128,0.1209,16.2,0.7772,0.5398
1711501001,17115,Ordis,286.0,215.0,0.7517,0.704,0.6489,0.8129,0.7536,0.7517,0.0019,383.0,307.932,21.932,0.6982,0.0712,0.2306,17081.0,26960.0,24850.0,43.0,19.6,20.1,92.4,0.073,0.0811,0.0081,0.3452,0.0595,0.1172,0.2289,19.9,0.774,0.5721
1711601001,17116,Osor,350.0,230.0,0.6571,0.6983,0.6441,0.7994,0.7436,0.6571,0.0864,422.0,375.158,25.158,0.6131,0.0671,0.3199,15918.0,22286.0,21350.0,49.0,11.1,25.6,93.6,0.0607,0.1028,0.0421,0.2979,0.1636,0.246,0.4119,41.8,0.8276,0.5696
1711701001,17117,Palafrugell,1465.0,855.0,0.5836,0.6532,0.6041,0.7344,0.6472,0.5836,0.0636,2374.0,1953.802,488.802,0.4376,0.2502,0.3122,13311.0,19371.0,16450.0,42.8,17.7,19.8,75.3,0.2251,0.2514,0.0263,0.2025,0.1826,0.2575,0.3095,27.8,0.5471,0.3462
1711701002,17117,Palafrugell,1527.0,949.0,0.6215,0.6604,0.5877,0.7372,0.6593,0.6215,0.0378,2137.0,1765.162,238.162,0.5376,0.1349,0.3274,15361.0,22400.0,19250.0,43.5,17.4,18.8,84.9,0.1277,0.1569,0.0292,0.2551,0.1071,0.2251,0.608,32.5,0.4862,0.294
1711701003,17117,Palafrugell,1123.0,639.0,0.569,0.6229,0.5701,0.7023,0.6176,0.569,0.0486,2257.0,1724.348,601.348,0.3706,0.3487,0.2807,10957.0,16815.0,14350.0,38.6,23.6,15.1,64.1,0.3291,0.3466,0.0175,0.178,0.2211,0.2475,0.2681,23.4,0.4651,0.2942
1711701004,17117,Palafrugell,1326.0,792.0,0.5973,0.6639,0.6014,0.7416,0.6456,0.5973,0.0483,1813.0,1533.798,207.798,0.5164,0.1355,0.3482,14360.0,21320.0,19250.0,45.5,15.4,23.1,87.3,0.1195,0.1535,0.034,0.1999,0.1192,0.1535,0.1556,24.1,0.4476,0.2689
1711701005,17117,Palafrugell,940.0,578.0,0.6149,0.6325,0.5839,0.7279,0.6485,0.6149,0.0336,1646.0,1308.57,368.57,0.4417,0.2817,0.2766,11211.0,16757.0,15050.0,40.5,20.5,16.4,72.6,0.2625,0.3074,0.0449,0.1624,0.1896,0.2591,0.2177,30.6,0.4628,0.2941
1711702001,17117,Palafrugell,1606.0,971.0,0.6046,0.6584,0.6024,0.7341,0.6559,0.6046,0.0513,2473.0,2042.698,436.698,0.4754,0.2138,0.3109,14375.0,21314.0,17850.0,43.6,17.4,20.6,78.4,0.2115,0.2548,0.0433,0.2213,0.1594,0.2208,0.2463,28.6,0.5092,0.3429
1711702002,17117,Palafrugell,1577.0,904.0,0.5732,0.6304,0.5705,0.7015,0.6262,0.5732,0.053,3020.0,2355.6,778.6,0.3838,0.3305,0.2857,11723.0,17492.0,15750.0,40.1,22.0,16.2,67.2,0.3196,0.3364,0.0168,0.1799,0.223,0.2647,0.246,28.4,0.5135,0.2909
1711702003,17117,Palafrugell,1642.0,986.0,0.6005,0.6307,0.5755,0.705,0.6278,0.6005,0.0273,2681.0,2230.592,588.592,0.442,0.2639,0.2941,17060.0,24263.0,17850.0,44.1,16.8,21.6,73.9,0.2319,0.2819,0.05,0.2746,0.167,0.2333,0.8354,35.7,0.5065,0.3428
1711703001,17117,Palafrugell,1022.0,618.0,0.6047,0.6562,0.5769,0.7395,0.6582,0.6047,0.0535,1599.0,1269.606,247.606,0.4868,0.195,0.3182,12522.0,19085.0,17850.0,42.5,20.6,20.3,79.9,0.2139,0.247,0.0331,0.1735,0.1825,0.1753,0.1775,22.8,0.4467,0.2443
1711703002,17117,Palafrugell,1519.0,1002.0,0.6596,0.6971,0.6349,0.7901,0.7211,0.6596,0.0615,2192.0,1814.976,295.976,0.5521,0.1631,0.2849,15787.0,23406.0,19950.0,43.8,17.2,21.0,84.0,0.1639,0.1806,0.0167,0.2335,0.1251,0.2005,0.32,26.2,0.5983,0.3812
1711703003,17117,Palafrugell,1008.0,572.0,0.5675,0.6412,0.5626,0.7073,0.6477,0.5675,0.0802,1714.0,1350.632,342.632,0.4235,0.2537,0.3228,12047.0,18405.0,16450.0,39.7,21.2,14.3,77.5,0.2204,0.2661,0.0457,0.1659,0.2023,0.2194,0.1954,24.6,0.4229,0.2483
1711801001,17118,Palamós,1315.0,810.0,0.616,0.6733,0.6243,0.7469,0.6767,0.616,0.0607,1886.0,1612.53,297.53,0.5023,0.1845,0.3132,16819.0,23809.0,19250.0,45.8,14.5,23.1,81.7,0.1597,0.2329,0.0732,0.31,0.136,0.2646,0.4473,36.6,0.667,0.4494
1711801002,17118,Palamós,1410.0,888.0,0.6298,0.6659,0.5985,0.7404,0.6782,0.6298,0.0484,2059.0,1735.737,325.737,0.5116,0.1877,0.3007,15389.0,22383.0,18550.0,44.4,15.7,20.8,80.8,0.1645,0.2398,0.0753,0.3047,0.1313,0.2881,0.3511,34.2,0.6493,0.4414
1711801003,17118,Palamós,1048.0,629.0,0.6002,0.6528,0.5808,0.7634,0.6777,0.6002,0.0775,1477.0,1225.91,177.91,0.5131,0.1451,0.3418,13280.0,19797.0,18550.0,44.6,17.0,20.9,84.3,0.1347,0.1757,0.041,0.2092,0.1698,0.1648,0.1523,25.0,0.519,0.38
1711801004,17118,Palamós,604.0,375.0,0.6209,0.705,0.6346,0.773,0.7163,0.6209,0.0954,883.0,725.826,121.826,0.5167,0.1678,0.3155,14531.0,21578.0,19250.0,45.5,17.8,23.8,84.0,0.1298,0.1689,0.0391,0.2931,0.0878,0.2373,0.3371,28.3,0.4304,0.4107
1711802001,17118,Palamós,1028.0,649.0,0.6313,0.6728,0.6102,0.741,0.6677,0.6313,0.0364,1382.0,1191.284,163.284,0.5448,0.1371,0.3181,16790.0,23932.0,19950.0,46.7,13.8,26.0,80.6,0.1472,0.2094,0.0622,0.3275,0.119,0.2711,0.6134,40.5,0.5747,0.3837
1711802002,17118,Palamós,1278.0,787.0,0.6158,0.6653,0.6206,0.7254,0.6879,0.6158,0.0721,1716.0,1542.684,264.684,0.5101,0.1716,0.3183,15612.0,22425.0,19950.0,48.2,10.1,24.9,82.1,0.1743,0.241,0.0667,0.2922,0.157,0.2629,0.6101,35.1,0.59,0.3583
1711803001,17118,Palamós,1268.0,761.0,0.6002,0.6522,0.5771,0.7118,0.6727,0.6002,0.0726,1863.0,1559.331,291.331,0.488,0.1868,0.3251,14470.0,21516.0,19250.0,44.0,16.3,21.0,84.7,0.1425,0.1989,0.0564,0.2563,0.1066,0.2325,0.1961,27.0,0.5592,0.3601
1711803002,17118,Palamós,1241.0,756.0,0.6092,0.7037,0.6085,0.7368,0.6645,0.6092,0.0553,1550.0,1306.65,65.65,0.5786,0.0502,0.3712,14553.0,22686.0,20650.0,44.6,15.7,21.3,93.7,0.0639,0.0955,0.0316,0.2006,0.1351,0.1623,0.2254,18.4,0.3312,0.209
1711803003,17118,Palamós,1530.0,1005.0,0.6569,0.6782,0.575,0.7517,0.6974,0.6569,0.0405,2107.0,1793.057,263.057,0.5605,0.1467,0.2928,16376.0,23994.0,21350.0,45.5,14.9,22.7,89.7,0.0837,0.1338,0.0501,0.3086,0.1142,0.1763,0.2868,28.3,0.5166,0.3333
1711804001,17118,Palamós,1371.0,795.0,0.5799,0.6564,0.5455,0.7022,0.6352,0.5799,0.0553,2102.0,1706.824,335.824,0.4658,0.1968,0.3375,12899.0,19634.0,17850.0,42.0,18.8,18.7,81.3,0.174,0.235,0.061,0.1961,0.1707,0.2141,0.1943,21.2,0.4711,0.322
1711804002,17118,Palamós,1037.0,648.0,0.6249,0.6243,0.6059,0.7379,0.6591,0.6249,0.0343,1371.0,1176.318,139.318,0.5509,0.1184,0.3307,16640.0,23920.0,20650.0,45.4,14.2,21.4,87.1,0.1368,0.1789,0.0421,0.2922,0.1165,0.2004,0.7316,34.7,0.5498,0.3565
1711901001,17119,Palau de Santa Eulàlia,100.0,76.0,0.76,0.8676,0.7297,0.7945,0.7465,0.76,-0.0135,136.0,107.032,7.032,0.7101,0.0657,0.2242,22878.0,33136.0,24850.0,43.8,21.3,22.8,89.0,0.0541,0.0811,0.027,0.4483,0.1132,0.1837,0.3951,33.3,0.6415,0.5658
1712001001,17120,Palau-saverdera,854.0,532.0,0.623,0.6692,0.6578,0.7366,0.6804,0.623,0.0575,1498.0,1204.392,350.392,0.4417,0.2909,0.2674,15557.0,23985.0,21350.0,43.4,19.6,20.4,74.2,0.2694,0.2984,0.029,0.2879,0.125,0.2121,0.4156,25.3,0.6589,0.4211
1712101001,17121,Palau-sator,231.0,143.0,0.619,0.7104,0.625,0.8035,0.7378,0.619,0.1187,305.0,259.86,28.86,0.5503,0.1111,0.3386,21721.0,31920.0,24150.0,46.9,14.8,23.0,89.2,0.1125,0.1672,0.0547,0.3971,0.038,0.3417,0.5367,38.3,0.8133,0.6573
1712301001,17123,Palol de Revardit,354.0,253.0,0.7147,0.7703,0.7514,0.8812,0.8338,0.7147,0.1191,467.0,379.204,25.204,0.6672,0.0665,0.2663,17636.0,28112.0,25550.0,44.7,18.8,24.4,94.0,0.0561,0.0695,0.0134,0.368,0.0711,0.1391,0.267,15.0,0.8357,0.6522
1712401001,17124,Pals,1683.0,1077.0,0.6399,0.6691,0.6391,0.7862,0.7301,0.6399,0.0901,2583.0,2192.967,509.967,0.4911,0.2325,0.2763,17555.0,25703.0,21350.0,46.3,15.1,24.1,78.0,0.2081,0.2528,0.0447,0.3209,0.1071,0.2004,0.7423,34.8,0.6905,0.4995
1712501001,17125,Pardines,137.0,83.0,0.6058,0.6822,0.6154,0.7481,0.7353,0.6058,0.1295,161.0,133.952,0.0,0.6196,0.0,0.3804,17037.0,24651.0,18550.0,46.7,16.8,23.0,97.5,0.0305,0.0305,0.0,0.4113,0.0235,0.2063,0.7136,32.8,0.89,0.6867
1712601001,17126,Parlavà,323.0,244.0,0.7554,0.8182,0.7588,0.8774,0.8513,0.7554,0.0958,429.0,354.783,31.783,0.6877,0.0896,0.2227,17970.0,26692.0,23450.0,46.9,17.3,26.3,95.3,0.0482,0.0723,0.0241,0.3826,0.1077,0.1605,0.3955,22.6,0.8996,0.668
1712801001,17128,Pau,338.0,238.0,0.7041,0.7417,0.6656,0.807,0.7445,0.7041,0.0404,590.0,510.94,172.94,0.4658,0.3385,0.1957,15373.0,23149.0,21350.0,46.8,13.4,25.1,70.0,0.3002,0.295,0.0,0.3346,0.0954,0.1909,0.2994,24.1,0.7113,0.542
1712901001,17129,Pedret i Marzà,132.0,90.0,0.6818,0.7226,0.7594,0.8333,0.7552,0.6818,0.0734,188.0,147.956,15.956,0.6083,0.1078,0.2839,16474.0,24904.0,19250.0,44.3,21.3,20.2,88.3,0.0811,0.1405,0.0594,0.366,0.0698,0.169,0.3426,24.0,0.6574,0.4667
1713001001,17130,"Pera, La",338.0,243.0,0.7189,0.75,0.6862,0.8323,0.8308,0.7189,0.1118,452.0,376.064,38.064,0.6462,0.1012,0.2526,19090.0,29088.0,26250.0,46.1,16.8,23.7,90.3,0.0895,0.0917,0.0022,0.4069,0.1196,0.2202,0.3778,29.5,0.8741,0.6667
1713201001,17132,Peralada,1458.0,1023.0,0.7016,0.704,0.681,0.8162,0.7582,0.7016,0.0565,2025.0,1670.625,212.625,0.6123,0.1273,0.2604,19359.0,29520.0,24850.0,44.0,17.5,21.2,88.0,0.1296,0.1556,0.026,0.3755,0.0758,0.2157,0.3449,26.9,0.6928,0.4829
1713301001,17133,"Planes d'Hostoles, Les",1309.0,810.0,0.6188,0.6995,0.6414,0.8233,0.7734,0.6188,0.1546,1719.0,1461.15,152.15,0.5544,0.1041,0.3415,15861.0,23957.0,22050.0,47.3,15.0,27.7,89.2,0.1144,0.1261,0.0117,0.2753,0.1061,0.1825,0.3229,23.9,0.8238,0.5877
1713401001,17134,Planoles,242.0,164.0,0.6777,0.6966,0.7105,0.8475,0.7955,0.6777,0.1178,306.0,264.996,22.996,0.6189,0.0868,0.2943,19080.0,26629.0,25550.0,49.4,13.4,27.5,89.5,0.1194,0.1387,0.0193,0.4142,0.0845,0.2624,0.7606,46.5,0.8286,0.5366
1713501001,17135,Pont de Molins,408.0,283.0,0.6936,0.7408,0.6989,0.7823,0.7812,0.6936,0.0875,572.0,485.056,77.056,0.5834,0.1589,0.2577,16317.0,24862.0,20650.0,44.6,15.2,20.6,86.5,0.1008,0.1464,0.0456,0.2743,0.1115,0.1683,0.2353,27.6,0.5961,0.3958
1713601001,17136,Pontós,209.0,158.0,0.756,0.76,0.7022,0.8,0.7653,0.756,0.0093,277.0,239.882,30.882,0.6587,0.1287,0.2126,16273.0,24312.0,21350.0,46.2,13.4,22.7,88.1,0.1094,0.1321,0.0227,0.4464,0.1053,0.2642,0.4045,29.0,0.6733,0.4937
1713701001,17137,Porqueres,563.0,365.0,0.6483,0.6632,0.625,0.8398,0.7839,0.6483,0.1356,720.0,601.2,38.2,0.6071,0.0635,0.3293,18830.0,28993.0,26250.0,44.2,16.5,19.0,90.6,0.0748,0.0945,0.0197,0.3984,0.0544,0.1692,0.2353,24.0,0.8009,0.5863
1713701002,17137,Porqueres,1746.0,1199.0,0.6867,0.6935,0.6642,0.8282,0.8059,0.6867,0.1192,2352.0,1888.656,142.656,0.6348,0.0755,0.2896,16674.0,25839.0,24150.0,41.9,19.7,17.7,93.0,0.0672,0.084,0.0168,0.337,0.0621,0.1305,0.0814,19.4,0.7802,0.5763
1713701003,17137,Porqueres,1265.0,907.0,0.717,0.7296,0.6916,0.8658,0.8183,0.717,0.1013,1662.0,1366.164,101.164,0.6639,0.074,0.262,17092.0,26623.0,24850.0,44.0,17.8,20.5,94.5,0.054,0.0677,0.0137,0.3272,0.0734,0.1033,0.0966,15.3,0.7965,0.6075
1713801001,17138,Portbou,810.0,602.0,0.7432,0.7076,0.6864,0.7692,0.7069,0.7432,-0.0363,1082.0,969.472,159.472,0.621,0.1645,0.2145,16385.0,22002.0,19250.0,51.3,10.4,32.9,81.0,0.1636,0.1982,0.0346,0.194,0.1074,0.2331,0.5124,45.0,0.4552,0.2841
1713901001,17139,"Preses, Les",1483.0,965.0,0.6507,0.7033,0.6481,0.8343,0.8017,0.6507,0.151,1924.0,1564.212,81.212,0.6169,0.0519,0.3312,17237.0,26596.0,24150.0,42.6,18.7,18.8,94.8,0.0377,0.0653,0.0276,0.3441,0.0689,0.1568,0.1434,22.2,0.7766,0.5565
1714001001,17140,"Port de la Selva, El",687.0,488.0,0.7103,0.7389,0.7134,0.8435,0.7969,0.7103,0.0865,1058.0,911.996,224.996,0.5351,0.2467,0.2182,18723.0,25370.0,21350.0,46.8,13.8,25.5,75.6,0.2369,0.2458,0.0089,0.2878,0.0802,0.2579,0.809,44.1,0.6976,0.6066
1714101001,17141,Puigcerdà,635.0,301.0,0.474,0.5187,0.4246,0.5866,0.5537,0.474,0.0797,1260.0,1015.56,380.56,0.2964,0.3747,0.3289,10581.0,15755.0,12950.0,37.9,19.4,11.2,60.7,0.3668,0.4713,0.1045,0.1629,0.1299,0.4665,0.3434,33.3,0.5647,0.3654
1714101002,17141,Puigcerdà,1390.0,828.0,0.5957,0.6676,0.574,0.7072,0.6504,0.5957,0.0547,2184.0,1810.536,420.536,0.4573,0.2323,0.3104,13733.0,20793.0,17850.0,43.4,17.1,20.0,77.6,0.2184,0.304,0.0856,0.2329,0.115,0.3443,0.3406,28.1,0.541,0.3877
1714101003,17141,Puigcerdà,1516.0,910.0,0.6003,0.6404,0.5516,0.7217,0.6629,0.6003,0.0627,2068.0,1786.752,270.752,0.5093,0.1515,0.3392,16071.0,23632.0,20650.0,44.3,13.6,20.0,83.7,0.1574,0.2139,0.0565,0.3006,0.0962,0.2643,0.5456,28.6,0.58,0.4176
1714101004,17141,Puigcerdà,1865.0,1002.0,0.5373,0.6119,0.538,0.6886,0.6033,0.5373,0.0661,3038.0,2472.932,607.932,0.4052,0.2458,0.349,12515.0,18857.0,16450.0,40.0,18.6,14.5,75.4,0.2248,0.3149,0.0901,0.2272,0.1099,0.3352,0.3875,26.3,0.4819,0.3094
1714101005,17141,Puigcerdà,884.0,555.0,0.6278,0.6583,0.5761,0.7605,0.7237,0.6278,0.0959,1183.0,998.452,114.452,0.5559,0.1146,0.3295,15604.0,23867.0,20650.0,42.6,15.6,15.7,89.6,0.0694,0.1067,0.0373,0.2744,0.0836,0.2339,0.2423,24.3,0.4681,0.3441
1714201001,17142,Quart,1104.0,790.0,0.7156,0.7421,0.7114,0.847,0.8113,0.7156,0.0957,1465.0,1179.325,75.325,0.6699,0.0639,0.2663,18491.0,28118.0,25550.0,43.3,19.5,21.4,93.9,0.0442,0.0674,0.0232,0.3795,0.0622,0.1462,0.1645,18.2,0.6294,0.4152
1714201002,17142,Quart,1755.0,1210.0,0.6895,0.7843,0.7059,0.8382,0.7898,0.6895,0.1004,2608.0,1922.096,167.096,0.6295,0.0869,0.2835,17706.0,28365.0,26950.0,36.9,26.3,11.9,93.9,0.0468,0.0755,0.0287,0.4248,0.0639,0.1388,0.096,17.5,0.5919,0.438
1714301001,17143,Rabós,145.0,88.0,0.6069,0.7466,0.7254,0.7986,0.7172,0.6069,0.1103,239.0,197.892,52.892,0.4447,0.2673,0.288,14430.0,21500.0,21700.0,45.3,17.2,24.7,73.6,0.1907,0.2,0.0093,0.2826,0.0762,0.234,0.4807,30.3,0.8269,0.5227
1714401001,17144,Regencós,210.0,154.0,0.7333,0.6714,0.6845,0.8143,0.7678,0.7333,0.0344,279.0,236.871,26.871,0.6501,0.1134,0.2364,14718.0,23126.0,21000.0,47.3,15.1,24.7,90.3,0.0922,0.1383,0.0461,0.3198,0.1212,0.2455,0.4086,33.6,0.7284,0.4675
1714501001,17145,Ribes de Freser,649.0,403.0,0.621,0.6464,0.6464,0.7668,0.7309,0.621,0.1099,830.0,732.06,83.06,0.5505,0.1135,0.336,17415.0,24207.0,21350.0,49.0,11.8,28.6,85.7,0.0922,0.1026,0.0104,0.3501,0.1152,0.2275,0.5209,41.4,0.732,0.4665
1714501002,17145,Ribes de Freser,822.0,524.0,0.6375,0.697,0.6576,0.7856,0.743,0.6375,0.1055,1004.0,881.512,59.512,0.5944,0.0675,0.3381,16172.0,22808.0,20650.0,48.7,12.2,27.7,91.2,0.0706,0.1015,0.0309,0.315,0.0919,0.2051,0.5254,32.2,0.7418,0.5
1714601001,17146,Riells i Viabrea,1567.0,992.0,0.6331,0.6993,0.6398,0.7887,0.7268,0.6331,0.0938,2022.0,1704.546,137.546,0.582,0.0807,0.3373,16302.0,24173.0,22750.0,43.1,15.7,17.9,93.3,0.0637,0.1006,0.0369,0.3422,0.1532,0.1404,0.308,22.6,0.5507,0.378
1714601002,17146,Riells i Viabrea,1835.0,1112.0,0.606,0.6654,0.6194,0.7511,0.699,0.606,0.093,2475.0,2046.825,211.825,0.5433,0.1035,0.3532,15053.0,22329.0,21000.0,41.8,17.3,15.4,92.0,0.0663,0.0921,0.0258,0.2804,0.1708,0.1605,0.3203,22.6,0.4563,0.2824
1714701001,17147,Ripoll,1045.0,579.0,0.5541,0.6273,0.5689,0.7182,0.6624,0.5541,0.1083,1649.0,1393.405,348.405,0.4155,0.25,0.3344,14149.0,19960.0,18550.0,44.8,15.5,22.2,74.7,0.2262,0.2538,0.0276,0.2306,0.143,0.3062,0.326,38.1,0.6532,0.4076
1714702001,17147,Ripoll,570.0,363.0,0.6368,0.7372,0.7039,0.7841,0.7394,0.6368,0.1025,786.0,660.24,90.24,0.5498,0.1367,0.3135,16790.0,24518.0,22050.0,47.7,16.0,30.3,85.6,0.1065,0.1145,0.008,0.3429,0.0961,0.2119,0.3246,32.4,0.6889,0.449
1714702002,17147,Ripoll,590.0,340.0,0.5763,0.6231,0.5776,0.7255,0.665,0.5763,0.0887,734.0,628.304,38.304,0.5411,0.061,0.3979,13650.0,19793.0,19950.0,47.1,14.4,26.7,83.9,0.1765,0.1901,0.0136,0.1576,0.1614,0.1707,0.1038,36.6,0.4612,0.2706
1714703001,17147,Ripoll,1003.0,575.0,0.5733,0.6696,0.6136,0.7577,0.6795,0.5733,0.1062,1410.0,1139.28,136.28,0.5047,0.1196,0.3757,14278.0,20978.0,20650.0,43.0,19.2,19.3,87.0,0.1409,0.1513,0.0104,0.2267,0.1362,0.2352,0.2115,28.9,0.5689,0.3357
1714703002,17147,Ripoll,615.0,346.0,0.5626,0.7052,0.6297,0.7769,0.7423,0.5626,0.1797,921.0,758.904,143.904,0.4559,0.1896,0.3545,15745.0,22682.0,21350.0,44.2,17.6,22.2,78.4,0.1947,0.1936,0.0,0.2776,0.1021,0.2574,0.1874,28.5,0.7069,0.4884
1714703003,17147,Ripoll,1577.0,1008.0,0.6392,0.6962,0.6466,0.8081,0.7491,0.6392,0.1099,1967.0,1693.587,116.587,0.5952,0.0688,0.336,16967.0,24481.0,23450.0,47.3,13.9,27.6,91.9,0.0892,0.1105,0.0213,0.3026,0.0819,0.1789,0.1877,29.1,0.6327,0.4048
1714703004,17147,Ripoll,1375.0,831.0,0.6044,0.6691,0.6172,0.7749,0.7241,0.6044,0.1197,1976.0,1640.08,265.08,0.5067,0.1616,0.3317,14670.0,21319.0,20650.0,44.8,17.0,23.5,83.0,0.1387,0.1557,0.017,0.2161,0.1107,0.1801,0.1792,24.8,0.6004,0.3369
1714704001,17147,Ripoll,983.0,600.0,0.6104,0.6811,0.6071,0.8211,0.7518,0.6104,0.1414,1282.0,1048.676,65.676,0.5722,0.0626,0.3652,18747.0,28338.0,24850.0,45.0,18.2,23.7,93.5,0.0475,0.0619,0.0144,0.3321,0.0727,0.2029,0.229,23.5,0.6961,0.48
1714801001,17148,Riudarenes,1671.0,1007.0,0.6026,0.6879,0.6475,0.7609,0.7232,0.6026,0.1206,2444.0,2016.3,345.3,0.4994,0.1713,0.3293,15388.0,23225.0,19950.0,42.6,17.5,18.7,85.9,0.1246,0.1408,0.0162,0.2355,0.1362,0.1803,0.3812,27.1,0.5781,0.4141
1714901001,17149,Riudaura,389.0,257.0,0.6607,0.7355,0.6813,0.8626,0.8162,0.6607,0.1555,514.0,402.976,13.976,0.6378,0.0347,0.3276,16328.0,25506.0,24150.0,41.8,21.6,17.3,95.5,0.0448,0.0663,0.0215,0.432,0.0871,0.1889,0.2969,22.5,0.8609,0.6693
1715001001,17150,Riudellots de la Selva,1474.0,1049.0,0.7117,0.7633,0.6867,0.8408,0.8151,0.7117,0.1034,2128.0,1751.344,277.344,0.599,0.1584,0.2427,17478.0,26575.0,24850.0,42.7,17.7,19.6,87.6,0.1347,0.1492,0.0145,0.2899,0.0777,0.1813,0.1234,21.4,0.7392,0.5624
1715101001,17151,Riumors,175.0,112.0,0.64,0.7126,0.6379,0.8108,0.7318,0.64,0.0918,264.0,225.984,50.984,0.4956,0.2256,0.2788,16119.0,25493.0,22750.0,44.9,14.4,19.3,82.2,0.16,0.148,0.0,0.3379,0.12,0.2043,0.4,27.2,0.7634,0.5625
1715201001,17152,Roses,1155.0,646.0,0.5593,0.5912,0.5604,0.6475,0.5689,0.5593,0.0096,2240.0,1794.24,639.24,0.36,0.3563,0.2837,11463.0,17462.0,14350.0,41.1,19.9,16.8,66.1,0.3547,0.3986,0.0439,0.1809,0.2497,0.3131,0.482,28.9,0.4214,0.2786
1715201002,17152,Roses,1054.0,629.0,0.5968,0.6722,0.6189,0.7099,0.6426,0.5968,0.0458,1750.0,1450.75,396.75,0.4336,0.2735,0.293,12732.0,19217.0,17150.0,44.3,17.1,23.3,73.7,0.2398,0.2925,0.0527,0.1625,0.2059,0.253,0.2096,28.9,0.2825,0.2114
1715201003,17152,Roses,974.0,443.0,0.4548,0.4639,0.4872,0.5348,0.4575,0.4548,0.0027,2362.0,2054.94,1080.94,0.2156,0.526,0.2584,12591.0,17100.0,15050.0,44.0,13.0,18.8,49.5,0.5035,0.5457,0.0422,0.2446,0.1947,0.3643,0.8702,46.3,0.3595,0.1964
1715201004,17152,Roses,1185.0,756.0,0.638,0.6694,0.6041,0.7478,0.6809,0.638,0.0429,1652.0,1390.984,205.984,0.5435,0.1481,0.3084,13695.0,20446.0,19250.0,43.0,15.8,16.6,83.1,0.1516,0.2016,0.05,0.2061,0.1215,0.1706,0.2068,29.7,0.2656,0.1561
1715201005,17152,Roses,836.0,506.0,0.6053,0.6488,0.5509,0.6361,0.6343,0.6053,0.029,1353.0,1070.223,234.223,0.4728,0.2189,0.3083,13089.0,19891.0,18550.0,40.5,20.9,14.9,78.0,0.1965,0.2489,0.0524,0.2507,0.1508,0.2348,0.4474,28.6,0.3755,0.2391
1715201006,17152,Roses,1374.0,790.0,0.575,0.6439,0.5804,0.7085,0.6485,0.575,0.0735,2540.0,2044.7,670.7,0.3864,0.328,0.2856,12857.0,19380.0,17850.0,42.6,19.5,19.9,69.1,0.31,0.3304,0.0204,0.2115,0.1461,0.1931,0.5582,29.5,0.34,0.2089
1715202001,17152,Roses,873.0,486.0,0.5567,0.619,0.5734,0.6904,0.6441,0.5567,0.0874,1666.0,1349.46,476.46,0.3601,0.3531,0.2868,11746.0,17136.0,15050.0,41.8,19.0,18.8,63.6,0.3358,0.351,0.0152,0.185,0.2107,0.3648,0.5565,34.6,0.5122,0.3374
1715202002,17152,Roses,1400.0,793.0,0.5664,0.628,0.5764,0.6979,0.6294,0.5664,0.063,2459.0,1959.823,559.823,0.4046,0.2856,0.3097,11955.0,17756.0,15750.0,40.9,20.3,16.6,72.0,0.2822,0.3174,0.0352,0.1644,0.2137,0.2795,0.2709,28.4,0.4509,0.3064
1715202003,17152,Roses,749.0,470.0,0.6275,0.6381,0.6352,0.7302,0.675,0.6275,0.0475,1262.0,1115.608,366.608,0.4213,0.3286,0.2501,20529.0,29063.0,22750.0,48.3,11.6,26.1,67.4,0.3175,0.3634,0.0459,0.3791,0.1373,0.2651,0.8912,42.7,0.5835,0.3489
1715202004,17152,Roses,776.0,552.0,0.7113,0.7543,0.6931,0.7864,0.7238,0.7113,0.0125,1123.0,948.935,172.935,0.5817,0.1822,0.2361,16561.0,24671.0,21350.0,43.7,15.5,19.1,80.1,0.1884,0.2237,0.0353,0.2899,0.1318,0.1919,0.3884,23.6,0.4129,0.2754
1715202005,17152,Roses,967.0,569.0,0.5884,0.6572,0.6029,0.6927,0.6281,0.5884,0.0397,1628.0,1315.424,348.424,0.4326,0.2649,0.3026,12250.0,17951.0,16450.0,43.2,19.2,21.4,73.7,0.26,0.2993,0.0393,0.1953,0.1677,0.2796,0.3804,32.8,0.3831,0.1986
1715301001,17153,Rupià,204.0,152.0,0.7451,0.7527,0.7074,0.8617,0.7937,0.7451,0.0486,318.0,251.856,47.856,0.6035,0.19,0.2065,19531.0,29576.0,22750.0,43.1,20.8,18.9,81.8,0.1224,0.1361,0.0137,0.5254,0.0714,0.2193,0.4328,32.0,0.84,0.6447
1715401001,17154,Sales de Llierca,110.0,85.0,0.7727,0.6739,0.7283,0.8485,0.7525,0.7727,-0.0203,157.0,138.945,28.945,0.6118,0.2083,0.1799,16615.0,23770.0,22750.0,47.9,11.5,24.8,82.2,0.2025,0.2147,0.0122,0.625,0.0952,0.2667,0.3103,32.3,0.6579,0.4941
1715501001,17155,Salt,956.0,606.0,0.6339,0.7353,0.692,0.7888,0.745,0.6339,0.1111,1468.0,1203.76,247.76,0.5034,0.2058,0.2908,13357.0,20215.0,18550.0,43.0,18.0,20.8,77.7,0.2132,0.2396,0.0264,0.2634,0.139,0.2308,0.1593,25.9,0.7324,0.5561
1715501002,17155,Salt,734.0,480.0,0.654,0.7209,0.6644,0.8022,0.7429,0.654,0.0889,1393.0,1089.326,355.326,0.4406,0.3262,0.2332,12524.0,19271.0,17850.0,39.9,21.8,16.9,67.4,0.3188,0.318,0.0,0.2285,0.1675,0.2505,0.1453,22.7,0.6447,0.4771
1715501003,17155,Salt,1307.0,579.0,0.443,0.5391,0.4596,0.5684,0.5095,0.443,0.0665,4405.0,3176.005,1869.005,0.1823,0.5885,0.2292,8287.0,13797.0,12250.0,33.9,27.9,8.7,47.2,0.5591,0.5548,0.0,0.0896,0.2633,0.3629,0.0497,15.0,0.4186,0.2677
1715501004,17155,Salt,1612.0,965.0,0.5986,0.6564,0.5957,0.737,0.6838,0.5986,0.0851,2741.0,2211.987,599.987,0.4363,0.2712,0.2925,12118.0,18511.0,17150.0,40.8,19.3,17.6,72.7,0.2773,0.3004,0.0231,0.1947,0.1489,0.1835,0.08,22.6,0.4143,0.2404
1715501005,17155,Salt,1307.0,600.0,0.4591,0.5553,0.509,0.5818,0.5348,0.4591,0.0757,3506.0,2545.356,1238.356,0.2357,0.4865,0.2778,8831.0,14510.0,13650.0,35.0,27.4,10.6,54.4,0.4846,0.4898,0.0052,0.0841,0.2551,0.3347,0.0606,16.7,0.2555,0.1717
1715501006,17155,Salt,941.0,447.0,0.475,0.5897,0.5076,0.6141,0.5515,0.475,0.0765,2743.0,1996.904,1055.904,0.2238,0.5288,0.2474,8447.0,13951.0,12950.0,34.3,27.2,9.1,50.5,0.523,0.5208,0.0,0.0787,0.2696,0.3225,0.0026,15.7,0.2946,0.1588
1715501008,17155,Salt,974.0,566.0,0.5811,0.6451,0.6041,0.7619,0.7354,0.5811,0.1543,1679.0,1328.089,354.089,0.4262,0.2666,0.3072,14260.0,21164.0,19250.0,40.6,20.9,18.1,75.2,0.262,0.2767,0.0147,0.2441,0.1423,0.2309,0.2048,28.9,0.5535,0.4117
1715501009,17155,Salt,652.0,432.0,0.6626,0.7252,0.6483,0.8348,0.7658,0.6626,0.1033,794.0,709.042,57.042,0.6093,0.0804,0.3103,17545.0,25211.0,24150.0,49.0,10.7,29.9,89.6,0.1011,0.1273,0.0262,0.2745,0.1244,0.1162,0.0917,26.1,0.5404,0.3889
1715502001,17155,Salt,1056.0,559.0,0.5294,0.6119,0.5672,0.6551,0.5951,0.5294,0.0657,2345.0,1838.48,782.48,0.3041,0.4256,0.2703,10710.0,16548.0,15050.0,37.5,21.6,11.5,60.6,0.3765,0.4112,0.0347,0.1696,0.2128,0.3264,0.1899,23.4,0.4792,0.3345
1715502002,17155,Salt,874.0,458.0,0.524,0.6355,0.582,0.6717,0.6131,0.524,0.0891,2235.0,1647.195,773.195,0.278,0.4694,0.2526,9430.0,15094.0,13650.0,36.0,26.3,11.4,57.1,0.4375,0.4747,0.0372,0.1488,0.2348,0.3198,0.0688,18.1,0.4246,0.2642
1715502003,17155,Salt,1020.0,537.0,0.5265,0.6488,0.5962,0.6986,0.6244,0.5265,0.0979,2165.0,1658.39,638.39,0.3238,0.3849,0.2912,10580.0,16638.0,15750.0,37.8,23.4,13.5,64.4,0.3851,0.419,0.0339,0.1563,0.2074,0.3101,0.0945,18.1,0.4325,0.2868
1715502004,17155,Salt,1664.0,865.0,0.5198,0.5694,0.5353,0.6688,0.6128,0.5198,0.093,3139.0,2482.949,818.949,0.3484,0.3298,0.3218,11793.0,18207.0,17150.0,37.7,20.9,10.9,70.0,0.3027,0.347,0.0443,0.1982,0.1559,0.2631,0.0938,20.5,0.3935,0.2393
1715502005,17155,Salt,734.0,471.0,0.6417,0.7219,0.6579,0.767,0.6958,0.6417,0.0541,1069.0,903.305,169.305,0.5214,0.1874,0.2912,14539.0,21595.0,19950.0,44.9,15.5,24.5,80.3,0.1943,0.1973,0.003,0.2417,0.1398,0.1851,0.1159,27.5,0.6447,0.4374
1715502006,17155,Salt,681.0,344.0,0.5051,0.6276,0.6222,0.6851,0.6088,0.5051,0.1037,1717.0,1313.505,632.505,0.2619,0.4815,0.2566,9078.0,14808.0,13650.0,36.1,23.5,10.1,53.8,0.4792,0.5179,0.0387,0.127,0.2259,0.3207,0.0453,16.8,0.2775,0.1773
1715502007,17155,Salt,1170.0,695.0,0.594,0.626,0.5531,0.6887,0.6339,0.594,0.0398,1833.0,1429.74,259.74,0.4861,0.1817,0.3322,13435.0,20480.0,19250.0,36.9,22.0,9.4,78.4,0.2042,0.2608,0.0566,0.2483,0.1069,0.2013,0.0894,22.9,0.4317,0.2115
1715701001,17157,Sant Andreu Salou,124.0,97.0,0.7823,0.8254,0.76,0.8629,0.8525,0.7823,0.0702,161.0,126.063,2.063,0.7695,0.0164,0.2142,18179.0,30065.0,26250.0,42.0,21.7,19.3,96.9,0.039,0.0779,0.0389,0.4651,0.0533,0.2041,0.3797,22.9,0.7019,0.6289
1715801001,17158,Sant Climent Sescebes,508.0,303.0,0.5965,0.6121,0.5798,0.7201,0.5239,0.5965,-0.0726,663.0,570.843,62.843,0.5308,0.1101,0.3591,16085.0,22452.0,19950.0,42.1,13.9,16.4,85.2,0.1308,0.1589,0.0281,0.2814,0.0733,0.2167,0.4454,48.7,0.5372,0.4026
1715901001,17159,Sant Feliu de Buixalleu,677.0,439.0,0.6484,0.7002,0.6423,0.778,0.7379,0.6484,0.0895,878.0,734.886,57.886,0.5974,0.0788,0.3239,16389.0,24904.0,22750.0,46.0,16.3,24.0,93.7,0.0667,0.0828,0.0161,0.3276,0.1771,0.2131,0.4563,21.6,0.7451,0.5125
1716001001,17160,Sant Feliu de Guíxols,1054.0,666.0,0.6319,0.6694,0.6376,0.7627,0.7051,0.6319,0.0732,1626.0,1416.246,362.246,0.4703,0.2558,0.274,17241.0,24011.0,20650.0,47.5,12.9,26.0,73.3,0.2168,0.2757,0.0589,0.3857,0.1498,0.2847,0.6485,40.9,0.6757,0.4309
1716001002,17160,Sant Feliu de Guíxols,1504.0,996.0,0.6622,0.6972,0.6797,0.759,0.7089,0.6622,0.0467,2074.0,1723.494,219.494,0.5779,0.1274,0.2948,16284.0,24196.0,20650.0,44.8,16.9,23.3,85.9,0.1297,0.1656,0.0359,0.3581,0.1259,0.2031,0.3772,28.4,0.6237,0.4197
1716002001,17160,Sant Feliu de Guíxols,1015.0,614.0,0.6049,0.6859,0.6472,0.7839,0.7069,0.6049,0.102,1585.0,1352.005,337.005,0.4541,0.2493,0.2966,14691.0,20452.0,17850.0,46.0,14.7,26.0,75.7,0.1993,0.2454,0.0461,0.3158,0.167,0.2613,0.5103,37.0,0.6162,0.4072
1716002002,17160,Sant Feliu de Guíxols,1660.0,1008.0,0.6072,0.6595,0.6075,0.7433,0.6741,0.6072,0.0669,2342.0,1922.782,262.782,0.5242,0.1367,0.3391,11512.0,18676.0,17150.0,43.6,17.9,21.4,84.4,0.145,0.1804,0.0354,0.2318,0.1612,0.2304,0.2453,30.5,0.4933,0.3363
1716002003,17160,Sant Feliu de Guíxols,1730.0,1067.0,0.6168,0.6803,0.6056,0.7316,0.6529,0.6168,0.0362,2442.0,2024.418,294.418,0.5271,0.1454,0.3275,12949.0,19003.0,18550.0,43.6,17.1,20.0,86.5,0.1378,0.1818,0.044,0.1851,0.1704,0.1901,0.1272,27.4,0.3108,0.1856
1716002004,17160,Sant Feliu de Guíxols,842.0,561.0,0.6663,0.6782,0.6069,0.7116,0.6786,0.6663,0.0123,1186.0,967.776,125.776,0.5797,0.13,0.2904,12504.0,19145.0,18550.0,41.0,18.4,16.4,87.9,0.1061,0.1424,0.0363,0.1754,0.1612,0.1552,0.1231,17.5,0.1877,0.1052
1716002005,17160,Sant Feliu de Guíxols,1447.0,772.0,0.5335,0.6159,0.553,0.6498,0.57,0.5335,0.0365,2294.0,1805.378,358.378,0.4276,0.1985,0.3739,10967.0,16619.0,15750.0,40.0,21.3,14.7,81.2,0.1912,0.222,0.0308,0.1475,0.1998,0.1944,0.1568,24.0,0.2226,0.1528
1716003001,17160,Sant Feliu de Guíxols,1676.0,1056.0,0.6301,0.6953,0.6572,0.7495,0.6837,0.6301,0.0536,2535.0,2142.075,466.075,0.493,0.2176,0.2894,14676.0,21018.0,18550.0,45.5,15.5,24.4,79.1,0.1869,0.2215,0.0346,0.294,0.1651,0.2418,0.4419,33.6,0.5707,0.3769
1716003002,17160,Sant Feliu de Guíxols,1069.0,680.0,0.6361,0.6652,0.6157,0.7512,0.6896,0.6361,0.0535,1540.0,1295.14,226.14,0.525,0.1746,0.3004,13159.0,19282.0,18550.0,45.0,15.9,23.3,85.0,0.1488,0.1751,0.0263,0.2214,0.1388,0.1782,0.1927,27.4,0.4501,0.2794
1716003003,17160,Sant Feliu de Guíxols,1013.0,577.0,0.5696,0.5902,0.563,0.6975,0.6151,0.5696,0.0455,1959.0,1451.619,438.619,0.3975,0.3022,0.3004,10248.0,16120.0,14350.0,37.2,25.9,12.2,73.0,0.3171,0.3453,0.0282,0.1482,0.2123,0.2088,0.0837,15.6,0.3759,0.2184
1716004001,17160,Sant Feliu de Guíxols,1359.0,793.0,0.5835,0.6747,0.625,0.7287,0.6805,0.5835,0.097,2066.0,1749.902,390.902,0.4532,0.2234,0.3234,15042.0,21534.0,17850.0,45.2,15.3,23.6,75.4,0.2225,0.2681,0.0456,0.3004,0.1634,0.246,0.6025,31.4,0.5917,0.3733
1716004002,17160,Sant Feliu de Guíxols,725.0,478.0,0.6593,0.7056,0.7031,0.7757,0.7133,0.6593,0.054,1179.0,1010.403,285.403,0.4731,0.2825,0.2445,20112.0,28087.0,24850.0,46.9,14.3,26.0,70.1,0.1979,0.2236,0.0257,0.4547,0.1137,0.189,0.8018,34.3,0.598,0.4728
1716101001,17161,Sant Feliu de Pallerols,1104.0,767.0,0.6947,0.7444,0.7319,0.8438,0.825,0.6947,0.1303,1540.0,1264.34,160.34,0.6066,0.1268,0.2665,17325.0,26028.0,23450.0,44.0,17.9,21.2,87.3,0.1252,0.1472,0.022,0.3678,0.059,0.2004,0.3599,25.2,0.8092,0.6271
1716201001,17162,Sant Ferriol,154.0,95.0,0.6169,0.619,0.5733,0.7308,0.6928,0.6169,0.0759,225.0,175.95,21.95,0.5399,0.1248,0.3353,13749.0,21460.0,19950.0,43.0,21.8,21.8,84.4,0.1619,0.1903,0.0284,0.399,0.2105,0.2771,0.2455,20.8,0.7075,0.4632
1716301001,17163,Sant Gregori,1250.0,921.0,0.7368,0.7403,0.6784,0.8652,0.8224,0.7368,0.0856,1776.0,1319.568,69.568,0.698,0.0527,0.2493,21933.0,34956.0,30450.0,37.8,25.7,12.2,96.6,0.0405,0.053,0.0125,0.4424,0.0475,0.1545,0.094,16.0,0.7771,0.5679
1716301002,17163,Sant Gregori,996.0,627.0,0.6295,0.7093,0.6588,0.7771,0.7423,0.6295,0.1127,1200.0,986.4,0.0,0.6356,0.0,0.3644,20947.0,33801.0,27650.0,44.9,17.8,25.9,94.4,0.0804,0.0914,0.011,0.3556,0.1014,0.1766,0.2391,17.1,0.8028,0.63
1716301003,17163,Sant Gregori,816.0,554.0,0.6789,,,,,0.6789,,1119.0,880.653,64.653,0.6291,0.0734,0.2975,19553.0,30617.0,28350.0,41.5,21.3,18.3,94.6,,,,,,,,19.7,,0.5794
1716401001,17164,Sant Hilari Sacalm,1075.0,618.0,0.5749,0.6503,0.5991,0.7882,0.7355,0.5749,0.1607,1808.0,1430.128,355.128,0.4321,0.2483,0.3196,12691.0,19063.0,17150.0,42.0,20.9,19.9,72.5,0.2896,0.2425,0.0,0.1798,0.1316,0.2362,0.3299,29.4,0.7778,0.568
1716401002,17164,Sant Hilari Sacalm,983.0,581.0,0.591,0.6235,0.5872,0.7779,0.7298,0.591,0.1387,1418.0,1188.284,205.284,0.4889,0.1728,0.3383,15088.0,22369.0,21350.0,46.1,16.2,26.7,83.6,0.1476,0.1318,0.0,0.2159,0.1119,0.1783,0.2321,23.6,0.7892,0.5818
1716401003,17164,Sant Hilari Sacalm,1919.0,1120.0,0.5836,0.6415,0.5934,0.7822,0.7246,0.5836,0.141,2720.0,2265.76,346.76,0.4943,0.153,0.3526,15273.0,22586.0,20650.0,44.7,16.7,22.6,84.6,0.1659,0.1393,0.0,0.2183,0.1107,0.1845,0.2623,26.3,0.7316,0.5196
1716501001,17165,Sant Jaume de Llierca,633.0,394.0,0.6224,0.6815,0.6692,0.8139,0.7783,0.6224,0.1559,839.0,688.819,55.819,0.572,0.081,0.347,15822.0,23733.0,22750.0,45.6,17.9,24.7,90.1,0.1253,0.1454,0.0201,0.3376,0.1058,0.2162,0.2183,29.1,0.745,0.5431
1716601001,17166,Sant Jordi Desvalls,592.0,434.0,0.7331,0.7481,0.7165,0.841,0.808,0.7331,0.0749,855.0,691.695,99.695,0.6274,0.1441,0.2284,15743.0,24296.0,22050.0,42.6,19.1,19.0,87.4,0.1181,0.142,0.0239,0.366,0.0746,0.2708,0.28,22.6,0.8416,0.6382
1716701001,17167,Sant Joan de les Abadesses,581.0,385.0,0.6627,0.6942,0.6673,0.8111,0.7828,0.6627,0.1202,776.0,665.032,84.032,0.5789,0.1264,0.2947,17286.0,24161.0,20650.0,48.3,14.3,29.6,83.8,0.1029,0.1266,0.0237,0.3229,0.1029,0.2577,0.362,38.1,0.7092,0.5195
1716701002,17167,Sant Joan de les Abadesses,1346.0,908.0,0.6746,0.699,0.6521,0.8098,0.7766,0.6746,0.1021,1789.0,1479.503,133.503,0.6137,0.0902,0.296,16409.0,23756.0,22750.0,46.3,17.3,26.2,91.2,0.0703,0.0965,0.0262,0.2982,0.0773,0.2098,0.2704,32.6,0.7479,0.5242
1716701003,17167,Sant Joan de les Abadesses,650.0,444.0,0.6831,0.6888,0.6472,0.823,0.7827,0.6831,0.0996,775.0,669.6,19.6,0.6631,0.0293,0.3076,17031.0,24993.0,23450.0,49.7,13.6,30.7,96.1,0.052,0.0624,0.0104,0.2838,0.0845,0.1847,0.4075,31.8,0.7847,0.545
1716801001,17168,Sant Joan de Mollet,370.0,270.0,0.7297,0.7299,0.6842,0.876,0.8284,0.7297,0.0987,526.0,420.8,50.8,0.6416,0.1207,0.2376,16871.0,26091.0,23450.0,43.1,20.0,19.2,87.5,0.094,0.104,0.01,0.3269,0.0605,0.1808,0.2371,21.3,0.7929,0.563
1716901001,17169,Sant Julià de Ramis,947.0,568.0,0.5998,0.7004,0.6577,0.8226,0.7541,0.5998,0.1543,1308.0,1034.628,87.628,0.549,0.0847,0.3663,15702.0,23966.0,22750.0,39.8,20.9,14.8,88.7,0.1124,0.1253,0.0129,0.2726,0.0866,0.2059,0.1342,20.3,0.5693,0.3961
1716901002,17169,Sant Julià de Ramis,632.0,417.0,0.6598,0.6995,0.6435,0.8112,0.7664,0.6598,0.1066,854.0,714.798,82.798,0.5834,0.1158,0.3008,15671.0,23676.0,22050.0,43.8,16.3,21.6,87.2,0.1485,0.1485,0.0,0.2639,0.1048,0.2007,0.0952,21.6,0.6717,0.4508
1716901003,17169,Sant Julià de Ramis,1081.0,788.0,0.729,,,,,0.729,,1442.0,1121.876,40.876,0.7024,0.0364,0.2612,22140.0,34353.0,27650.0,39.3,22.2,12.9,95.4,0.0406,0.0727,0.0321,0.4211,0.0686,0.0595,0.1045,13.2,,0.4226
1717001001,17170,Vallfogona de Ripollès,191.0,138.0,0.7225,0.686,0.731,0.8167,0.8092,0.7225,0.0867,222.0,194.916,3.916,0.708,0.0201,0.2719,16848.0,24004.0,22050.0,49.1,12.2,26.6,96.9,0.028,0.0467,0.0187,0.3895,0.1308,0.3191,0.5228,41.6,0.9071,0.7536
1717101001,17171,Sant Llorenç de la Muga,184.0,147.0,0.7989,0.7546,0.7091,0.8314,0.7797,0.7989,-0.0193,258.0,221.88,37.88,0.6625,0.1707,0.1668,16009.0,23433.0,21350.0,47.7,14.0,22.1,79.5,0.2313,0.209,0.0,0.3846,0.1407,0.2655,0.567,37.5,0.7609,0.5986
1717201001,17172,Sant Martí de Llémena,509.0,331.0,0.6503,0.6814,0.6608,0.7702,0.7434,0.6503,0.0931,685.0,545.26,36.26,0.607,0.0665,0.3264,16893.0,25839.0,24850.0,41.4,20.4,15.2,91.2,0.0818,0.103,0.0212,0.4,0.0925,0.2016,0.3655,26.2,0.7411,0.5045
1717301001,17173,Sant Martí Vell,195.0,138.0,0.7077,0.7833,0.7333,0.8571,0.7901,0.7077,0.0824,236.0,202.016,7.016,0.6831,0.0347,0.2822,16246.0,24663.0,20650.0,44.9,14.4,19.1,89.0,0.1189,0.1557,0.0368,0.3825,0.1639,0.2805,0.3109,34.5,0.7413,0.6304
1717401001,17174,Sant Miquel de Campmajor,178.0,107.0,0.6011,0.5795,0.5562,0.8148,0.7927,0.6011,0.1916,250.0,205.0,27.0,0.522,0.1317,0.3463,16107.0,25573.0,20650.0,43.2,18.0,19.6,91.6,0.1181,0.1308,0.0127,0.42,0.0932,0.2716,0.3955,22.6,0.8538,0.5888
1717501001,17175,Sant Miquel de Fluvià,572.0,341.0,0.5962,0.6321,0.5554,0.6755,0.6225,0.5962,0.0264,829.0,664.858,92.858,0.5129,0.1397,0.3474,12729.0,19348.0,17850.0,42.7,19.8,19.5,82.3,0.1323,0.1543,0.022,0.1975,0.2304,0.1709,0.2382,25.2,0.3822,0.2199
1717601001,17176,Sant Mori,124.0,102.0,0.8226,0.7459,0.7419,0.8943,0.8672,0.8226,0.0446,164.0,145.96,21.96,0.6988,0.1505,0.1507,22046.0,33022.0,22750.0,48.6,11.0,26.8,82.9,0.1737,0.2814,0.1077,0.3267,0.1852,0.3158,0.5422,34.3,0.5586,0.4314
1717701001,17177,Sant Pau de Segúries,589.0,381.0,0.6469,0.6377,0.6047,0.8095,0.758,0.6469,0.1111,722.0,618.032,29.032,0.6165,0.047,0.3366,16204.0,22958.0,20650.0,49.1,14.4,31.4,94.2,0.0455,0.0661,0.0206,0.3291,0.0752,0.1561,0.4765,29.8,0.7606,0.4829
1717801001,17178,Sant Pere Pescador,1082.0,664.0,0.6137,0.6491,0.6176,0.7614,0.7268,0.6137,0.1131,2142.0,1745.73,663.73,0.3804,0.3802,0.2394,13420.0,20383.0,17850.0,42.1,18.5,17.1,62.4,0.3701,0.3672,0.0,0.2231,0.1358,0.2528,0.5177,29.0,0.7235,0.5105
1718001001,17180,Santa Coloma de Farners,1594.0,950.0,0.596,0.6317,0.588,0.7566,0.6938,0.596,0.0978,2705.0,2145.065,551.065,0.4429,0.2569,0.3002,13288.0,19891.0,18550.0,40.7,20.7,17.2,73.2,0.2827,0.2767,0.0,0.2264,0.1387,0.2705,0.1745,26.8,0.6667,0.46
1718001002,17180,Santa Coloma de Farners,1068.0,667.0,0.6245,0.66,0.6131,0.7466,0.704,0.6245,0.0794,1762.0,1443.078,375.078,0.4622,0.2599,0.2779,15261.0,22765.0,19250.0,41.6,18.1,19.3,71.7,0.277,0.2729,0.0,0.2859,0.1224,0.2976,0.2151,25.1,0.7466,0.5712
1718001003,17180,Santa Coloma de Farners,1608.0,956.0,0.5945,0.6441,0.5897,0.7548,0.6957,0.5945,0.1012,2582.0,2101.748,493.748,0.4549,0.2349,0.3102,13479.0,20079.0,18550.0,41.0,18.6,16.4,75.1,0.2725,0.2608,0.0,0.2169,0.1265,0.2513,0.1301,26.5,0.6786,0.4383
1718001004,17180,Santa Coloma de Farners,1914.0,1197.0,0.6254,0.6938,0.6383,0.7952,0.7377,0.6254,0.1123,2918.0,2346.072,432.072,0.5102,0.1842,0.3056,15639.0,23927.0,22050.0,41.1,19.6,16.4,81.9,0.1923,0.1868,0.0,0.2976,0.1096,0.1889,0.1314,23.2,0.7222,0.5104
1718001005,17180,Santa Coloma de Farners,1301.0,817.0,0.628,0.6646,0.5885,0.7778,0.7067,0.628,0.0787,1939.0,1547.322,246.322,0.528,0.1592,0.3128,14395.0,21994.0,21350.0,42.3,20.2,20.9,84.0,0.1615,0.1599,0.0,0.2467,0.1231,0.1606,0.1058,20.4,0.726,0.4712
1718001006,17180,Santa Coloma de Farners,1437.0,778.0,0.5414,0.6181,0.5556,0.7155,0.6662,0.5414,0.1247,1885.0,1534.39,97.39,0.507,0.0635,0.4295,15256.0,23311.0,21350.0,41.8,18.6,16.3,92.8,0.0648,0.0858,0.021,0.3093,0.1362,0.1317,0.3538,20.2,0.5138,0.3393
1718101001,17181,Santa Cristina d'Aro,1925.0,1242.0,0.6452,0.6645,0.6208,0.7725,0.7105,0.6452,0.0653,2894.0,2306.518,381.518,0.5385,0.1654,0.2961,15278.0,22881.0,21350.0,40.2,20.3,14.4,86.5,0.1397,0.1951,0.0554,0.3016,0.1198,0.1942,0.2327,24.3,0.502,0.3205
1718101002,17181,Santa Cristina d'Aro,1821.0,1192.0,0.6546,0.6801,0.6462,0.7641,0.7087,0.6546,0.0541,2890.0,2430.49,609.49,0.4904,0.2508,0.2588,19437.0,28291.0,22750.0,45.7,15.9,22.5,77.1,0.1965,0.2344,0.0379,0.4,0.0945,0.1602,0.5747,28.1,0.5806,0.4102
1718201001,17182,Santa Llogaia d'Àlguema,275.0,177.0,0.6436,0.729,0.6882,0.8088,0.7249,0.6436,0.0813,400.0,316.8,41.8,0.5587,0.1319,0.3093,12334.0,19302.0,18550.0,40.1,20.8,17.3,91.5,0.0544,0.0907,0.0363,0.178,0.1553,0.2063,0.1656,16.8,0.2769,0.2147
1718301001,17183,Sant Aniol de Finestres,257.0,178.0,0.6926,0.6788,0.6498,0.8471,0.7787,0.6926,0.086,357.0,298.095,41.095,0.5971,0.1379,0.265,19338.0,29141.0,23450.0,46.5,16.5,25.5,85.2,0.108,0.142,0.034,0.4233,0.1369,0.2331,0.4192,26.7,0.802,0.7303
1718401001,17184,Santa Pau,1270.0,821.0,0.6465,0.7099,0.6491,0.8449,0.8057,0.6465,0.1593,1552.0,1300.576,30.576,0.6313,0.0235,0.3452,18407.0,27145.0,24150.0,47.1,16.2,26.2,94.7,0.0531,0.0677,0.0146,0.3583,0.0882,0.1786,0.2748,29.2,0.8041,0.5773
1718501001,17185,Sant Joan les Fonts,783.0,494.0,0.6309,0.7006,0.6747,0.8089,0.7417,0.6309,0.1107,1078.0,909.832,126.832,0.543,0.1394,0.3176,15602.0,22959.0,22050.0,47.5,15.6,29.4,84.4,0.1112,0.1461,0.0349,0.2223,0.0887,0.1675,0.0901,29.8,0.7033,0.4919
1718501002,17185,Sant Joan les Fonts,600.0,374.0,0.6233,0.6468,0.5812,0.7682,0.7116,0.6233,0.0883,904.0,734.048,134.048,0.5095,0.1826,0.3079,18978.0,29100.0,22050.0,42.6,18.8,20.5,82.5,0.1659,0.1694,0.0035,0.2943,0.1024,0.2123,0.1834,26.2,0.7038,0.4893
1718501003,17185,Sant Joan les Fonts,867.0,511.0,0.5894,0.662,0.6018,0.7642,0.7401,0.5894,0.1507,1110.0,930.18,63.18,0.5494,0.0679,0.3827,17621.0,26296.0,23450.0,45.4,16.2,23.2,89.5,0.0543,0.0783,0.024,0.3047,0.0745,0.1556,0.2224,26.0,0.7937,0.5479
1718601001,17186,Sarrià de Ter,1105.0,707.0,0.6398,0.7351,0.6858,0.8173,0.7719,0.6398,0.1321,1499.0,1230.679,125.679,0.5745,0.1021,0.3234,16096.0,24043.0,22750.0,42.8,17.9,18.2,90.0,0.0856,0.1224,0.0368,0.2943,0.1012,0.2029,0.1872,26.6,0.6811,0.4498
1718601002,17186,Sarrià de Ter,1713.0,1181.0,0.6894,0.7169,0.6645,0.8254,0.7843,0.6894,0.0949,2282.0,1795.934,82.934,0.6576,0.0462,0.2962,16316.0,24958.0,24150.0,41.3,21.3,16.6,93.7,0.0561,0.0838,0.0277,0.2926,0.0864,0.1023,0.0645,20.4,0.5147,0.3099
1718601003,17186,Sarrià de Ter,1134.0,752.0,0.6631,0.7357,0.6782,0.795,0.7713,0.6631,0.1082,1585.0,1269.585,135.585,0.5923,0.1068,0.3009,15097.0,23044.0,22050.0,41.2,19.9,17.8,90.5,0.0928,0.1376,0.0448,0.2564,0.0915,0.1252,0.0776,20.7,0.4143,0.2633
1718701001,17187,"Saus, Camallera i Llampaies",621.0,456.0,0.7343,0.7536,0.7052,0.848,0.7936,0.7343,0.0593,908.0,748.192,127.192,0.6095,0.17,0.2205,15842.0,23585.0,20650.0,45.2,17.6,23.2,82.7,0.0995,0.1327,0.0332,0.3256,0.1169,0.2229,0.3578,28.2,0.6835,0.5088
1718801001,17188,"Selva de Mar, La",174.0,121.0,0.6954,0.7636,0.7561,0.8225,0.7836,0.6954,0.0882,220.0,194.92,20.92,0.6208,0.1073,0.2719,15593.0,22667.0,18550.0,49.7,11.4,26.4,87.7,0.0714,0.1333,0.0619,0.4271,0.1649,0.1935,0.6568,35.4,0.8134,0.5537
1718901001,17189,"Cellera de Ter, La",824.0,598.0,0.7257,0.7357,0.7063,0.8662,0.8297,0.7257,0.104,1050.0,887.25,63.25,0.674,0.0713,0.2547,15837.0,23954.0,22050.0,46.6,15.5,27.5,91.8,0.0856,0.0935,0.0079,0.2509,0.0878,0.1558,0.2191,25.9,0.8484,0.6154
1718901002,17189,"Cellera de Ter, La",727.0,515.0,0.7084,0.7423,0.7137,0.8654,0.8285,0.7084,0.1201,963.0,799.29,72.29,0.6443,0.0904,0.2652,15340.0,22942.0,22050.0,44.6,17.0,23.0,89.1,0.1017,0.1132,0.0115,0.3113,0.0934,0.1461,0.2036,27.3,0.8157,0.6078
1719001001,17190,Serinyà,859.0,543.0,0.6321,0.7031,0.6256,0.8126,0.7482,0.6321,0.1161,1185.0,955.11,96.11,0.5685,0.1006,0.3309,15645.0,23978.0,22050.0,42.3,19.4,18.4,91.6,0.0771,0.1052,0.0281,0.333,0.1019,0.1951,0.2115,26.1,0.7869,0.6059
1719101001,17191,Serra de Daró,172.0,136.0,0.7907,0.7808,0.6525,0.8735,0.8589,0.7907,0.0682,231.0,189.882,17.882,0.7162,0.0942,0.1896,18356.0,28062.0,26250.0,44.1,17.8,22.1,89.2,0.0932,0.1525,0.0593,0.449,0.0673,0.2208,0.4867,27.9,0.8429,0.5809
1719201001,17192,Setcases,152.0,104.0,0.6842,0.7448,0.6667,0.8288,0.7483,0.6842,0.064,192.0,172.032,20.032,0.6045,0.1164,0.279,16726.0,23561.0,21350.0,50.5,10.4,31.3,89.6,0.129,0.1613,0.0323,0.3571,0.01,0.2125,0.8058,39.5,0.729,0.5192
1719301001,17193,Sils,1651.0,1056.0,0.6396,0.6988,0.6506,0.7708,0.7176,0.6396,0.078,2279.0,1877.896,226.896,0.5623,0.1208,0.3168,16411.0,25144.0,23450.0,43.1,17.6,19.3,90.0,0.1003,0.1086,0.0083,0.2687,0.0947,0.1399,0.2069,20.9,0.5937,0.428
1719301002,17193,Sils,1510.0,968.0,0.6411,0.6842,0.6308,0.7665,0.6918,0.6411,0.0507,2326.0,1860.8,350.8,0.5202,0.1885,0.2913,14974.0,22760.0,22050.0,40.4,20.0,16.3,83.8,0.1801,0.1974,0.0173,0.2542,0.1265,0.2521,0.1322,23.5,0.5377,0.344
1719301003,17193,Sils,1444.0,807.0,0.5589,0.6054,0.5262,0.6829,0.6121,0.5589,0.0532,2066.0,1648.668,204.668,0.4895,0.1241,0.3864,13820.0,20881.0,19950.0,40.0,20.2,14.6,89.0,0.0999,0.1176,0.0177,0.1772,0.1498,0.1634,0.3689,25.9,0.3637,0.1995
1719401001,17194,Susqueda,79.0,55.0,0.6962,0.6923,0.6875,0.7949,0.7671,0.6962,0.0709,95.0,85.975,6.975,0.6397,0.0811,0.2792,,,,49.6,9.5,26.3,91.6,,,,,,,,33.3,0.7857,0.6727
1719501001,17195,"Tallada d'Empordà, La",351.0,261.0,0.7436,0.7574,0.7204,0.8655,0.8107,0.7436,0.0671,476.0,404.124,53.124,0.6458,0.1315,0.2227,22320.0,33283.0,26250.0,46.4,15.1,25.2,91.0,0.0815,0.0901,0.0086,0.4785,0.1031,0.1882,0.3922,33.7,0.8066,0.5287
1719601001,17196,Terrades,268.0,185.0,0.6903,0.7056,0.6818,0.8182,0.7937,0.6903,0.1034,317.0,269.133,1.133,0.6874,0.0042,0.3084,16289.0,25084.0,24150.0,44.6,15.1,19.2,91.5,0.0781,0.1141,0.036,0.3404,0.1111,0.2202,0.414,28.0,0.685,0.4541
1719701001,17197,Torrent,125.0,91.0,0.728,0.7664,0.7727,0.8626,0.7578,0.728,0.0298,174.0,145.986,20.986,0.6233,0.1438,0.2329,24134.0,35235.0,26950.0,46.7,16.1,25.3,89.7,0.0683,0.0807,0.0124,0.3309,0.0921,0.2222,0.642,27.5,0.7423,0.5165
1719801001,17198,Torroella de Fluvià,465.0,300.0,0.6452,0.6558,0.6294,0.7667,0.7025,0.6452,0.0574,770.0,639.87,174.87,0.4688,0.2733,0.2579,16013.0,23449.0,20300.0,42.9,16.9,16.0,73.1,0.2358,0.2871,0.0513,0.3431,0.144,0.2326,0.3513,31.1,0.6124,0.4
1719901001,17199,Torroella de Montgrí,1093.0,673.0,0.6157,0.6989,0.6307,0.7808,0.7357,0.6157,0.12,1633.0,1371.72,278.72,0.4906,0.2032,0.3062,15427.0,22751.0,19250.0,44.1,16.0,20.0,75.7,0.2552,0.3001,0.0449,0.2986,0.1202,0.293,0.3004,31.4,0.7605,0.5483
1719901002,17199,Torroella de Montgrí,629.0,423.0,0.6725,0.7312,0.6786,0.7666,0.7346,0.6725,0.0621,971.0,825.35,196.35,0.5125,0.2379,0.2496,14159.0,20553.0,19250.0,44.7,15.0,20.7,75.9,0.2526,0.2724,0.0198,0.2875,0.1469,0.2441,0.3713,32.1,0.7413,0.5059
1719901003,17199,Torroella de Montgrí,1635.0,917.0,0.5609,0.5591,0.5506,0.7011,0.638,0.5609,0.0771,3386.0,2769.748,1134.748,0.3311,0.4097,0.2592,12991.0,18535.0,15750.0,41.8,18.2,17.2,60.7,0.3955,0.4328,0.0373,0.2698,0.2091,0.3172,0.7816,37.1,0.5749,0.3871
1719901004,17199,Torroella de Montgrí,1357.0,923.0,0.6802,0.7178,0.6395,0.8091,0.7491,0.6802,0.0689,2024.0,1665.752,308.752,0.5541,0.1854,0.2605,14440.0,21911.0,19250.0,44.3,17.7,22.8,80.4,0.2021,0.2136,0.0115,0.2785,0.1156,0.1627,0.1461,21.7,0.6357,0.4215
1719901005,17199,Torroella de Montgrí,723.0,416.0,0.5754,0.6576,0.6216,0.7779,0.6914,0.5754,0.116,1283.0,1009.721,286.721,0.412,0.284,0.304,11705.0,17992.0,16450.0,40.9,21.3,17.4,70.9,0.3,0.3031,0.0031,0.1873,0.1594,0.25,0.1822,19.9,0.631,0.4399
1719901006,17199,Torroella de Montgrí,1032.0,654.0,0.6337,0.6816,0.591,0.7829,0.7124,0.6337,0.0786,1486.0,1203.66,171.66,0.5433,0.1426,0.314,14700.0,22193.0,20650.0,41.5,19.0,15.6,86.9,0.1212,0.1506,0.0294,0.2968,0.1114,0.1209,0.157,20.0,0.5664,0.3899
1719901007,17199,Torroella de Montgrí,791.0,443.0,0.5601,0.6176,0.5512,0.757,0.6835,0.5601,0.1235,1281.0,1123.437,332.437,0.3943,0.2959,0.3098,17038.0,24551.0,20650.0,47.7,12.3,25.1,74.5,0.2736,0.2955,0.0219,0.3608,0.1084,0.1838,0.7466,33.0,0.6765,0.4515
1720001001,17200,Tortellà,628.0,423.0,0.6736,0.6877,0.6917,0.8218,0.7516,0.6736,0.078,828.0,693.036,65.036,0.6104,0.0938,0.2958,15973.0,23605.0,22050.0,46.2,16.3,24.0,91.2,0.0737,0.1118,0.0381,0.3988,0.0846,0.2317,0.2588,30.2,0.7655,0.4917
1720101001,17201,Toses,155.0,96.0,0.6194,0.7266,0.6444,0.8392,0.7518,0.6194,0.1325,192.0,162.048,7.048,0.5924,0.0435,0.3641,18897.0,28231.0,24850.0,42.6,15.6,15.1,94.3,0.0282,0.0565,0.0283,0.3684,0.0808,0.2714,0.7154,34.7,0.8155,0.5833
1720201001,17202,Tossa de Mar,902.0,532.0,0.5898,0.5898,0.5764,0.7631,0.6776,0.5898,0.0878,1569.0,1357.185,455.185,0.392,0.3354,0.2726,15657.0,21644.0,17850.0,45.1,13.5,20.5,65.1,0.2969,0.3352,0.0383,0.3162,0.1927,0.2737,0.7154,42.2,0.6298,0.4737
1720201002,17202,Tossa de Mar,1178.0,755.0,0.6409,0.6336,0.6025,0.7261,0.6803,0.6409,0.0394,1917.0,1650.537,472.537,0.4574,0.2863,0.2563,14166.0,20040.0,17150.0,44.7,13.9,20.4,71.5,0.2586,0.3191,0.0605,0.2503,0.1793,0.2735,0.7141,35.5,0.4935,0.3497
1720201003,17202,Tossa de Mar,1865.0,1199.0,0.6429,0.6893,0.6131,0.7673,0.6891,0.6429,0.0462,2755.0,2300.425,435.425,0.5212,0.1893,0.2895,14895.0,21683.0,19250.0,44.3,16.5,20.4,81.4,0.1385,0.1865,0.048,0.2596,0.1414,0.2221,0.4657,31.2,0.5209,0.372
1720301001,17203,Ultramort,162.0,105.0,0.6481,0.7143,0.6471,0.8182,0.7636,0.6481,0.1155,214.0,175.052,13.052,0.5998,0.0746,0.3256,15978.0,24105.0,22750.0,47.7,18.2,27.6,89.3,0.0881,0.1013,0.0132,0.4011,0.0636,0.1842,0.3871,22.4,0.7937,0.419
1720401001,17204,Ullà,642.0,426.0,0.6636,0.6851,0.6206,0.7735,0.7044,0.6636,0.0409,1198.0,905.688,263.688,0.4704,0.2911,0.2385,12795.0,19903.0,16450.0,39.8,24.4,16.4,68.2,0.3285,0.3276,0.0,0.1928,0.1715,0.2312,0.2667,18.7,0.5967,0.4014
1720501001,17205,Ullastret,205.0,137.0,0.6683,0.783,0.7548,0.872,0.799,0.6683,0.1308,266.0,223.972,18.972,0.6117,0.0847,0.3036,19383.0,28881.0,26600.0,46.0,15.8,24.1,89.5,0.1,0.0923,0.0,0.4136,0.0806,0.1263,0.5178,25.2,0.8503,0.6423
1720601001,17206,Urús,184.0,115.0,0.625,0.6312,0.6027,0.7613,0.7025,0.625,0.0775,207.0,187.956,3.956,0.6118,0.021,0.3671,23231.0,33789.0,28350.0,47.1,9.2,19.8,91.3,0.0711,0.1232,0.0521,0.5079,0.0792,0.2317,0.7657,38.6,0.7207,0.6522
1720701001,17207,"Vall d'en Bas, La",1216.0,828.0,0.6809,0.7465,0.7036,0.85,0.7993,0.6809,0.1184,1562.0,1280.84,64.84,0.6465,0.0506,0.3029,18118.0,27463.0,25550.0,44.1,18.0,21.1,94.6,0.0495,0.0675,0.018,0.3695,0.0606,0.2071,0.271,28.8,0.8466,0.6208
1720701002,17207,"Vall d'en Bas, La",1289.0,863.0,0.6695,0.6813,0.6381,0.8153,0.7879,0.6695,0.1184,1646.0,1338.198,49.198,0.6449,0.0368,0.3183,19097.0,28871.0,25550.0,44.1,18.7,21.8,97.4,0.0261,0.0366,0.0105,0.3889,0.0476,0.1879,0.284,22.4,0.837,0.6211
1720801001,17208,"Vall de Bianya, La",1021.0,608.0,0.5955,0.681,0.597,0.791,0.7393,0.5955,0.1438,1321.0,1077.936,56.936,0.564,0.0528,0.3831,17665.0,26988.0,23450.0,43.5,18.4,19.4,92.7,0.0653,0.085,0.0197,0.3843,0.0723,0.2189,0.2624,26.9,0.7953,0.5378
1720901001,17209,Vall-llobrega,674.0,493.0,0.7315,0.768,0.7032,0.8439,0.7675,0.7315,0.036,912.0,758.784,84.784,0.6497,0.1117,0.2385,18237.0,27609.0,24850.0,42.5,16.8,16.1,91.5,0.0976,0.1171,0.0195,0.4021,0.0814,0.1337,0.2909,20.4,0.6271,0.4219
1721001001,17210,Ventalló,598.0,406.0,0.6789,0.686,0.6352,0.7741,0.7238,0.6789,0.0448,891.0,735.075,137.075,0.5523,0.1865,0.2612,17129.0,25571.0,22050.0,44.5,17.5,21.8,82.4,0.1638,0.1845,0.0207,0.3798,0.0576,0.2688,0.4419,30.8,0.7464,0.5764
1721101001,17211,Verges,848.0,597.0,0.704,0.77,0.7,0.8351,0.8088,0.704,0.1048,1180.0,986.48,138.48,0.6052,0.1404,0.2544,15657.0,23316.0,19950.0,46.2,16.4,25.0,85.9,0.1325,0.1436,0.0111,0.3138,0.0998,0.2133,0.3177,27.4,0.8227,0.6667
1721201001,17212,Vidrà,139.0,109.0,0.7842,0.777,0.7376,0.8239,0.7655,0.7842,-0.0187,169.0,137.059,0.0,0.7953,0.0,0.2047,17099.0,25032.0,24850.0,43.6,18.9,21.3,98.8,0.0108,0.0215,0.0107,0.2968,0.0808,0.2192,0.4065,31.9,0.8559,0.6055
1721301001,17213,Vidreres,1564.0,1005.0,0.6426,0.6991,0.6348,0.7714,0.7085,0.6426,0.0659,2253.0,1829.436,265.436,0.5493,0.1451,0.3056,14083.0,21111.0,19950.0,42.9,18.8,20.6,85.9,0.1321,0.1442,0.0121,0.232,0.1355,0.2017,0.1409,25.8,0.6487,0.4507
1721301002,17213,Vidreres,1008.0,589.0,0.5843,0.6615,0.5967,0.7164,0.642,0.5843,0.0576,1387.0,1160.919,152.919,0.5074,0.1317,0.3609,14268.0,21115.0,19250.0,42.6,16.3,18.2,85.5,0.1523,0.1829,0.0306,0.2139,0.1176,0.2618,0.1375,26.1,0.6049,0.4788
1721301003,17213,Vidreres,1775.0,1076.0,0.6062,0.6905,0.6255,0.7582,0.6949,0.6062,0.0887,2312.0,1925.896,150.896,0.5587,0.0784,0.3629,17857.0,26986.0,24150.0,43.5,16.7,18.6,91.7,0.0755,0.0899,0.0144,0.2958,0.1173,0.1323,0.2422,21.5,0.5905,0.4275
1721301004,17213,Vidreres,1552.0,724.0,0.4665,0.5836,0.5225,0.6292,0.5629,0.4665,0.0964,2534.0,2118.424,566.424,0.3418,0.2674,0.3909,12554.0,18488.0,17150.0,42.9,16.4,16.8,73.0,0.2238,0.2637,0.0399,0.1819,0.2101,0.1814,0.4817,27.7,0.3287,0.2127
1721401001,17214,Vilabertran,735.0,497.0,0.6762,0.6671,0.6,0.8077,0.7227,0.6762,0.0465,987.0,790.587,55.587,0.6286,0.0703,0.301,14928.0,23347.0,21350.0,43.8,19.9,22.4,92.4,0.065,0.0929,0.0279,0.2615,0.0976,0.1477,0.1834,18.4,0.7209,0.497
1721501001,17215,Vilablareix,1247.0,900.0,0.7217,0.7795,0.7073,0.8763,0.8167,0.7217,0.095,1596.0,1278.396,31.396,0.704,0.0246,0.2714,19623.0,30852.0,28350.0,43.9,19.9,22.7,96.9,0.0203,0.042,0.0217,0.3891,0.0506,0.123,0.1014,16.4,0.696,0.5156
1721501002,17215,Vilablareix,1399.0,989.0,0.7069,0.756,0.7124,0.8619,0.8058,0.7069,0.0989,2176.0,1603.712,204.712,0.6167,0.1276,0.2557,19265.0,30386.0,27650.0,36.5,26.3,10.8,97.8,0.0182,0.0359,0.0177,0.4627,0.0502,0.0601,0.0732,16.2,0.6273,0.455
1721601001,17216,Viladasens,162.0,107.0,0.6605,0.6788,0.6667,0.8194,0.7722,0.6605,0.1117,212.0,171.932,9.932,0.6223,0.0578,0.3199,17219.0,26529.0,25550.0,44.1,18.9,19.3,90.6,0.0884,0.1163,0.0279,0.3716,0.0619,0.2179,0.3158,29.5,0.8689,0.5981
1721701001,17217,Viladamat,377.0,261.0,0.6923,0.7701,0.7486,0.8839,0.82,0.6923,0.1277,481.0,410.774,33.774,0.6354,0.0822,0.2824,17322.0,26042.0,24150.0,47.3,14.6,27.7,92.7,0.0616,0.0743,0.0127,0.3383,0.0636,0.2033,0.3358,28.1,0.8537,0.6513
1721801001,17218,Vilademuls,589.0,417.0,0.708,0.7619,0.6942,0.8211,0.7917,0.708,0.0837,851.0,678.247,89.247,0.6148,0.1316,0.2536,17094.0,26979.0,23450.0,43.3,20.3,21.2,89.4,0.1254,0.1637,0.0383,0.4263,0.1057,0.3028,0.3486,25.7,0.8026,0.6139
1722001001,17220,Viladrau,858.0,584.0,0.6807,0.6942,0.6759,0.836,0.8102,0.6807,0.1296,1175.0,970.55,112.55,0.6017,0.116,0.2823,17691.0,25438.0,22050.0,44.4,17.4,19.5,89.3,0.0817,0.1072,0.0255,0.3704,0.0671,0.2144,0.5512,33.4,0.8428,0.6387
1722101001,17221,Vilafant,1026.0,652.0,0.6355,0.6529,0.5711,0.7658,0.6917,0.6355,0.0563,1470.0,1180.41,154.41,0.5524,0.1308,0.3168,14252.0,22006.0,20650.0,41.0,19.7,16.4,89.5,0.0692,0.1007,0.0315,0.212,0.1286,0.1511,0.1124,18.4,0.4985,0.3466
1722101002,17221,Vilafant,811.0,549.0,0.6769,0.7189,0.6675,0.8185,0.7364,0.6769,0.0595,1078.0,859.166,48.166,0.639,0.0561,0.3049,16450.0,25991.0,24150.0,42.5,20.3,20.7,93.9,0.0614,0.0784,0.017,0.3048,0.0959,0.0541,0.0852,12.3,0.4772,0.3133
1722101003,17221,Vilafant,1310.0,860.0,0.6565,0.6628,0.5866,0.76,0.7078,0.6565,0.0513,1725.0,1390.35,80.35,0.6185,0.0578,0.3237,15242.0,23709.0,22750.0,41.6,19.4,17.2,93.6,0.0563,0.083,0.0267,0.227,0.1117,0.1451,0.0738,15.6,0.4503,0.2756
1722101004,17221,Vilafant,1104.0,766.0,0.6938,0.7277,0.6672,0.807,0.764,0.6938,0.0701,1395.0,1182.96,78.96,0.6475,0.0667,0.2857,16747.0,25517.0,23450.0,47.6,15.2,29.9,95.5,0.0424,0.0704,0.028,0.2598,0.1051,0.0903,0.0863,17.6,0.5075,0.3264
1722201001,17222,Vilaür,114.0,88.0,0.7719,0.7798,0.7525,0.9048,0.8365,0.7719,0.0646,170.0,137.02,23.02,0.6422,0.168,0.1898,17388.0,26710.0,26950.0,43.3,19.4,20.6,86.5,0.1472,0.1534,0.0062,0.4462,0.0685,0.1897,0.4821,32.3,0.8851,0.6477
1722301001,17223,Vilajuïga,839.0,541.0,0.6448,0.6543,0.6442,0.7788,0.7005,0.6448,0.0557,1172.0,971.588,132.588,0.5568,0.1365,0.3067,15226.0,22983.0,20650.0,43.4,17.1,18.9,88.3,0.1236,0.1439,0.0203,0.2774,0.1239,0.1812,0.2391,26.4,0.5989,0.427
1722401001,17224,Vilallonga de Ter,296.0,188.0,0.6351,0.6815,0.6051,0.7715,0.7559,0.6351,0.1207,395.0,342.86,46.86,0.5483,0.1367,0.315,18612.0,24841.0,20300.0,46.3,13.2,20.3,83.0,0.1675,0.144,0.0,0.2853,0.0746,0.2557,0.7678,45.8,0.7876,0.6064
1722501001,17225,Vilamacolum,212.0,141.0,0.6651,0.6667,0.6495,0.7778,0.7317,0.6651,0.0666,358.0,291.054,79.054,0.4844,0.2716,0.2439,15412.0,23494.0,20650.0,42.6,18.7,21.5,73.5,0.3216,0.2919,0.0,0.2616,0.0813,0.272,0.3243,26.2,0.7933,0.6241
1722601001,17226,Vilamalla,924.0,603.0,0.6526,0.6682,0.6332,0.752,0.6821,0.6526,0.0295,1220.0,996.74,72.74,0.605,0.073,0.322,14534.0,22869.0,21350.0,43.5,18.3,21.0,93.9,0.052,0.0885,0.0365,0.1808,0.1111,0.1141,0.1678,14.7,0.3632,0.2438
1722701001,17227,Vilamaniscle,142.0,96.0,0.6761,0.7422,0.6667,0.7626,0.7075,0.6761,0.0314,202.0,175.942,33.942,0.5456,0.1929,0.2614,17197.0,24829.0,23100.0,47.2,12.9,27.7,83.7,0.1478,0.1823,0.0345,0.4181,0.0476,0.1628,0.4557,30.5,0.7788,0.5938
1722801001,17228,Vilanant,304.0,212.0,0.6974,0.7153,0.6215,0.8035,0.7649,0.6974,0.0675,402.0,330.042,26.042,0.6423,0.0789,0.2788,18454.0,28594.0,26250.0,44.2,17.9,18.7,90.8,0.098,0.108,0.01,0.3909,0.0521,0.2553,0.3155,27.2,0.6881,0.5094
1723001001,17230,Vila-sacra,506.0,343.0,0.6779,0.7408,0.6795,0.7956,0.7599,0.6779,0.0821,801.0,619.974,113.974,0.5532,0.1838,0.2629,14534.0,22832.0,22050.0,40.6,22.6,17.7,84.9,0.1373,0.1739,0.0366,0.2479,0.0866,0.2086,0.0702,22.3,0.577,0.3907
1723201001,17232,Vilopriu,151.0,104.0,0.6887,0.6577,0.6053,0.7852,0.7603,0.6887,0.0715,213.0,178.92,27.92,0.5813,0.156,0.2627,21598.0,29209.0,22050.0,46.1,16.0,29.1,90.1,0.0932,0.1229,0.0297,0.6091,0.1089,0.375,0.5556,37.9,0.7297,0.4808
1723301001,17233,Vilobí d'Onyar,737.0,491.0,0.6662,0.73,0.6901,0.8659,0.8202,0.6662,0.154,917.0,775.782,38.782,0.6329,0.05,0.3171,17729.0,27163.0,24850.0,46.0,15.4,23.3,95.1,0.0587,0.0747,0.016,0.3363,0.0652,0.1692,0.2353,23.9,0.8297,0.5967
1723301002,17233,Vilobí d'Onyar,1667.0,1147.0,0.6881,0.7379,0.6699,0.8089,0.7759,0.6881,0.0878,2319.0,1873.752,206.752,0.6121,0.1103,0.2775,16925.0,26088.0,23450.0,41.5,19.2,17.1,90.2,0.1235,0.1433,0.0198,0.3085,0.0776,0.2081,0.0923,21.3,0.6825,0.4795
1723401001,17234,Biure,178.0,134.0,0.7528,0.6776,0.6319,0.8212,0.7127,0.7528,-0.0401,225.0,198.9,20.9,0.6737,0.1051,0.2212,15162.0,21949.0,21000.0,49.5,11.6,28.9,87.6,0.1311,0.1434,0.0123,0.2791,0.1182,0.1667,0.4074,31.3,0.5969,0.4627
1790101001,17901,"Cruïlles, Monells i Sant Sadurní de l'Heura",1004.0,656.0,0.6534,0.7037,0.6312,0.8037,0.7427,0.6534,0.0893,1300.0,1103.7,99.7,0.5944,0.0903,0.3153,17929.0,27038.0,22750.0,46.3,15.1,23.7,90.8,0.074,0.1005,0.0265,0.3417,0.1134,0.1889,0.3772,25.8,0.7422,0.5198
1790201001,17902,Forallac,782.0,522.0,0.6675,0.7265,0.6603,0.822,0.7756,0.6675,0.1081,913.0,765.094,0.0,0.6823,0.0,0.3177,18017.0,27403.0,23450.0,46.3,16.2,25.6,92.2,0.067,0.0841,0.0171,0.3729,0.1076,0.1354,0.2713,21.8,0.6984,0.5326
1790201002,17902,Forallac,534.0,360.0,0.6742,0.6817,0.6429,0.8263,0.7549,0.6742,0.0807,848.0,709.776,175.776,0.5072,0.2476,0.2451,17174.0,25998.0,19950.0,44.7,16.3,22.6,83.7,0.1158,0.1363,0.0205,0.3309,0.1111,0.2052,0.4934,25.7,0.7741,0.5611
1790301001,17903,Sant Julià del Llor i Bonmatí,956.0,594.0,0.6213,0.7213,0.6332,0.8166,0.7712,0.6213,0.1499,1376.0,1118.688,162.688,0.531,0.1454,0.3236,15468.0,23321.0,22050.0,41.9,18.7,18.7,85.1,0.1344,0.1548,0.0204,0.2461,0.123,0.1704,0.1984,22.2,0.7004,0.5084
